episode,avg_reward,avg_secrecy_sum,qos_satisfaction_rate
1,-3.486418465321713,0.99192241525256,0.03
2,-3.911004018539145,1.0059680093833452,0.0
3,-3.4758073389531496,0.8584256694616137,0.01
4,-3.743757975187367,0.9687521327425892,0.02
5,-3.5712605106498665,0.8254384511035449,0.02
6,-3.3468669593907032,0.9954350402794723,0.03
7,-3.3259026811500125,1.1180776772980254,0.01
8,-3.5622656997224325,0.8759080210283484,0.02
9,-3.6857885974758546,0.9459974399869944,0.01
10,-4.216545407926984,0.7766475591513291,0.0
11,-6.585525524389059,0.9409203146916119,0.16
12,-9.877137296321235,0.9159300453218847,0.13
13,-4.0575623218528545,0.9112491299454248,0.0
14,-3.9020920580072396,0.9747572761561584,0.0
15,-4.0596083307529245,0.9125728171892845,0.0
16,-3.738523664803223,1.097242212661583,0.0
17,-3.990409084960407,0.9538370986096605,0.0
18,-3.622724436578829,0.9503101158173289,0.04
19,-1.4347655543923807,0.9356484587328038,0.34
20,-3.0331363623276872,0.7923390870680669,0.21
21,-1.8909589360883823,0.7193828603854512,0.26
22,-1.8340509189589609,0.8820544520400196,0.26
23,-2.1516495262744777,0.7582549218596673,0.22
24,-2.5145075014748923,0.7491288225459357,0.17
25,-1.6308682354443311,0.9011731723657155,0.17
26,-2.307323057765856,0.9022372280688309,0.24
27,-2.1147987187809307,0.7720163219862008,0.23
28,-2.5666556682811104,0.6563791325730384,0.18
29,-1.9360335080318292,0.9417700452066952,0.22
30,-2.0608975986203557,0.9259732804013032,0.19
31,-1.961088042460257,0.9417689953754831,0.19
32,-2.1329810067753554,0.8732834986645216,0.14
33,-1.8808827340331151,1.1229633895803584,0.19
34,-1.8289108755387964,0.8055618700381812,0.24
35,-1.4104109288790059,1.0196755462847131,0.25
36,-1.5484779397335688,1.0471764534939334,0.25
37,-2.195384239481507,0.8448143182871715,0.16
38,-1.9993996088600685,0.9428468372352188,0.22
39,-1.5954881410629056,0.8596270977281845,0.28
40,-1.9932146802129669,0.8819197991472737,0.27
41,-2.061586515552218,1.0377414453257447,0.27
42,-2.128304478527241,0.8948857676712272,0.25
43,-1.1132298637377671,1.0102141553540105,0.31
44,-1.9891688708451492,0.9133203477778465,0.24
45,-1.88872863984032,0.9316660427040203,0.31
46,-1.8037676931064237,0.9566164655159315,0.25
47,-2.389556318521045,0.7919336284506698,0.34
48,-3.455657367158833,0.7351171625875861,0.26
49,-1.8906550497766894,0.9199073109413873,0.32
50,-2.5940681177271756,0.8609111969336953,0.28
51,-1.9634218580715148,0.8927768810658597,0.28
52,-2.016186976205266,0.7943016669371119,0.26
53,-1.8250055090646962,0.7512731480422132,0.26
54,-2.137547951101708,0.8237301545739286,0.24
55,-1.629495211886767,1.0168319444031118,0.37
56,-1.5670568093313713,1.0512067365395366,0.31
57,-2.119967797333543,0.9100648145592253,0.27
58,-1.7288638838584511,0.6864419491819639,0.35
59,-1.4449770468784826,0.8928058117092665,0.29
60,-1.8131269121511397,0.9268173340660608,0.26
61,-2.0140666652825105,0.8739613919603291,0.29
62,-2.0170293823902075,0.7041817625782256,0.29
63,-1.6743568878887976,0.8064295902814692,0.33
64,-2.0396386195686858,0.8513190114541318,0.3
65,-2.4352682857460635,0.6894810913879869,0.31
66,-2.781827346244079,0.8480817852922428,0.23
67,-1.8905479629675086,0.9114680977128841,0.27
68,-2.046902432258218,0.8583504227593207,0.3
69,-1.5767291929157379,1.052242313188774,0.36
70,-2.0172864083503224,0.8606254003501335,0.3
71,-2.496004089583348,0.7912131442920078,0.25
72,-2.154981408724246,0.830658942036228,0.35
73,-2.0645704434310423,0.6803292257561537,0.29
74,-2.1222153417265543,0.7569942416536704,0.34
75,-2.5617722295901246,0.7672345924016473,0.34
76,-2.7361778247883826,0.9057579164934482,0.25
77,-1.7554518548688274,0.9165043055734504,0.33
78,-1.4000424258392545,0.9309651440142471,0.43
79,-3.268342713151962,0.8768449348949677,0.33
80,-1.9153429753443774,1.0557255793999871,0.34
81,-1.465685170293939,0.8800994996946606,0.44
82,-2.4131664458466466,0.6387490845988332,0.37
83,-2.4369127846088405,0.8652639578890191,0.33
84,-1.7111152857857699,0.8050550330466464,0.35
85,-1.6155152932203123,0.9669506258793286,0.34
86,-1.9174204472029566,0.9280181819667318,0.31
87,-2.05728769402393,0.9104775839696404,0.32
88,-2.5176230598657194,0.737383143715614,0.32
89,-2.493673038599305,0.8240395428975394,0.25
90,-2.3575696960811188,0.8635489658730705,0.21
91,-2.193751885487509,0.8374159382099888,0.24
92,-2.8349514673777128,0.7554964505381858,0.26
93,-1.9550425293962959,0.8967427035142724,0.36
94,-1.912192321060899,0.7328252548060337,0.29
95,-2.406775587604902,0.8924808018800402,0.38
96,-2.366483467740524,0.68562269371769,0.31
97,-2.574745883695202,0.7732047338816492,0.26
98,-2.28758848870231,0.8165025146949881,0.31
99,-2.1057452162503782,0.7218875721629131,0.34
100,-2.5255457620919604,0.7969628215773445,0.34
101,-2.174567721498427,0.7852410106151385,0.25
102,-2.2568699968088186,0.9652705629097498,0.24
103,-2.6912409783034654,0.6451651847187437,0.29
104,-2.207944785466197,0.7746779293101865,0.34
105,-1.6174701299733567,0.7230864291035823,0.36
106,-2.4040659687215316,0.7824939174390838,0.29
107,-2.594144301842599,0.5335463456054822,0.29
108,-1.911843293918351,0.9051997886211423,0.3
109,-2.2336103096276325,0.7001359753208634,0.23
110,-2.386067875730695,0.8786031169380276,0.28
111,-2.621228709334732,0.6357560744458748,0.25
112,-2.706174314456443,0.6950490416603397,0.36
113,-2.128457131470477,0.7646340789771634,0.29
114,-1.5100998774022654,1.0105287405539325,0.33
115,-2.6956471290657844,0.8249925554513279,0.32
116,-2.0672494245855937,0.791813438944175,0.25
117,-1.9774954085893688,0.8482854739979431,0.31
118,-1.9138026613027799,0.950884011768219,0.29
119,-2.0067958778357373,0.9825805382163463,0.35
120,-2.2788076520217166,0.8467181226237126,0.31
121,-1.695937977041649,0.8944500512453375,0.33
122,-1.5799186845858053,1.0967842627529385,0.31
123,-1.7125707962243248,1.0303542668190708,0.29
124,-2.5232018707116324,0.7089076436396922,0.24
125,-2.4324776743961105,0.7329072509247818,0.34
126,-1.9298692729194469,0.8533438071540025,0.31
127,-1.575208199798011,0.8637730186851046,0.36
128,-2.0030370109165143,0.8197667623718945,0.36
129,-1.8632059263897438,0.7372057347562938,0.3
130,-2.1015030568523727,0.8175883598395935,0.29
131,-1.7659749987016156,0.9134602206522622,0.33
132,-2.0219932681916983,0.9617924144716758,0.36
133,-1.8231188268021814,0.9073126904156187,0.27
134,-2.330942784264004,0.8071323375469517,0.37
135,-1.6974135194281343,0.8933634174454681,0.29
136,-1.3545339756774804,0.9161878035525745,0.38
137,-2.2472914359978535,0.8830438237030134,0.34
138,-2.388789757407744,0.8912251524048277,0.32
139,-1.7676649377943883,1.028789356064716,0.34
140,-2.7102722571133917,0.8566705553790921,0.27
141,-2.7359155559272414,0.8814937529395981,0.29
142,-2.251754551113881,0.7976822099715936,0.28
143,-3.171680806504916,0.7405711667606241,0.27
144,-1.9772186462657484,0.8466200503798476,0.35
145,-1.8726528335081094,0.928844852026292,0.33
146,-2.630070049254321,0.8667498669617518,0.32
147,-1.868638653090975,0.8803487506543207,0.34
148,-2.0587550280963067,0.9583339649780004,0.3
149,-2.2655442315626204,0.8759175532085781,0.35
150,-1.872264125326498,0.8769438926758614,0.4
151,-2.055534786012324,0.7255999475914616,0.28
152,-1.920060725840989,0.8854786200710396,0.3
153,-1.5990049930002206,0.8167957751221288,0.33
154,-2.8941368625316084,0.8216278368385411,0.3
155,-1.41841835942365,0.920610127802654,0.41
156,-2.3366409091514426,0.7917423234753174,0.32
157,-1.9776359213275205,0.9101769147381049,0.31
158,-2.0843450368505403,0.8229673116971794,0.29
159,-2.5697183633139167,0.8443488366834805,0.34
160,-1.800866798369902,1.0200503065353657,0.36
161,-1.5991122794090524,0.8577761261002865,0.32
162,-2.1115472057397313,0.9554348656220348,0.27
163,-1.5274638391261524,0.9685189243090256,0.37
164,-2.9032638353665328,0.5157433425836431,0.26
165,-1.8422898256025104,0.9237972482096538,0.26
166,-2.4900757455782476,0.9074981959077291,0.28
167,-1.670767499496552,0.9724378162749986,0.32
168,-2.500083755966024,0.693894149270665,0.24
169,-2.5266342885012842,0.9608527842916154,0.26
170,-2.0398447570166742,0.7235701719574724,0.26
171,-2.222827277958031,0.6917239204357521,0.26
172,-1.633446947365957,1.103354448510303,0.31
173,-1.9058204301681192,0.6916063869064599,0.38
174,-1.8429549973517296,0.9540446060641152,0.31
175,-1.87281901678611,0.86220586506602,0.28
176,-2.332422235765508,0.8946020574835285,0.26
177,-1.7673573354820624,1.0268115588966964,0.34
178,-2.82564257554384,0.9250594744223436,0.29
179,-2.9688717412285968,0.9706542928975557,0.22
180,-2.136699415180531,0.9111274619755722,0.3
181,-2.174375268358551,0.7477230404317072,0.34
182,-3.167762357611817,0.9001434467009087,0.28
183,-1.9103229455617818,0.7461460792577317,0.29
184,-2.563027788182453,0.8691679756925808,0.26
185,-2.645822971160665,0.7690138295874047,0.24
186,-2.07794227843658,0.7655117059771106,0.29
187,-1.2866008910472695,0.9319054778081889,0.31
188,-2.5777037949060224,0.911590452411209,0.28
189,-2.1401141179022254,0.8004505290282928,0.3
190,-1.8683159593802605,0.7977956316859796,0.31
191,-2.8251324181557074,0.6956827495753514,0.29
192,-2.3820206399051007,0.789794147319291,0.26
193,-2.031871594383949,0.7913757435093903,0.31
194,-1.168933860999905,1.0045232761619287,0.37
195,-2.2645410597271054,0.9675963981893883,0.29
196,-1.66295773169846,0.8528137598979424,0.27
197,-2.0593599481369522,0.8515316962690287,0.3
198,-1.5857635360466227,0.9709139005714809,0.3
199,-1.989406201223043,0.8603870596468286,0.29
200,-2.1785738435469755,0.7769489566781239,0.27
201,-1.9845634503635654,0.7818682333451734,0.26
202,-1.5639280659265937,0.9071434012479651,0.36
203,-1.8966421302878518,0.798680660259945,0.32
204,-2.639564844577056,0.7327427041110559,0.27
205,-1.6380555443606235,1.0423223832948265,0.34
206,-2.5948387863436517,0.8105012655165846,0.3
207,-1.9019701491661969,0.879218042046152,0.35
208,-2.5748767901368215,0.9566243660671334,0.28
209,-2.2769680292563064,0.7711585162510823,0.27
210,-2.5147419434683194,0.7524046713274796,0.24
211,-1.5109515207369648,0.9395526916723662,0.33
212,-1.6040888706727887,0.968816099496549,0.28
213,-1.8909154874393528,0.9023401797209383,0.31
214,-2.373782586616789,0.7381402281745575,0.25
215,-1.336886415598719,1.0251808032135097,0.4
216,-1.6329872715796276,0.8445553476001842,0.34
217,-2.3139261030881477,0.951546727416695,0.28
218,-1.717408064260101,0.757188539804484,0.34
219,-2.2977470691794895,0.7875280259925066,0.28
220,-2.4251508471802543,0.852148176880394,0.22
221,-1.8777120216481702,0.7950918576552918,0.33
222,-1.6266037418553863,0.8451900015397428,0.31
223,-1.6784547843767508,0.7140446396029215,0.33
224,-1.6278267856848012,0.9309358938192079,0.37
225,-1.7645496389957704,0.849305724551758,0.34
226,-1.8696286432620974,0.8857217058817192,0.27
227,-1.7071600284700534,0.9394995610003433,0.38
228,-2.4004431056392033,0.6444533087800055,0.33
229,-1.4060214431140545,0.8431908761800865,0.38
230,-1.9050802268659015,0.8166071218434134,0.31
231,-1.6737978079032307,0.7678145332315222,0.38
232,-2.3889337308528287,0.7326141660675585,0.28
233,-1.3942697239748474,0.9148814020091294,0.36
234,-1.3387050713348398,1.0321991332145788,0.37
235,-1.9983415881230022,0.9200042503617012,0.27
236,-1.7177715214319895,0.9016902756017043,0.31
237,-1.56771759043083,0.9774610687556489,0.35
238,-2.0891475701157876,0.8373625396801918,0.33
239,-1.2395973605976998,0.9762512862447389,0.39
240,-1.912255520559445,0.9361568286668611,0.32
241,-1.9881452082258326,0.9892861671877271,0.39
242,-2.1079909138584916,0.7452416725395427,0.28
243,-1.6014531513856418,0.8707117726847691,0.33
244,-1.4783215519149948,0.9553227833239535,0.3
245,-1.9882026467317522,1.0349996963267067,0.37
246,-2.2228821877368263,0.8587415668692696,0.36
247,-1.9705634091021218,1.0010475006332578,0.32
248,-1.7930624395538592,0.8497571773780984,0.3
249,-2.330875876460644,0.9906915306729184,0.31
250,-1.6854273558097228,0.9971091402241831,0.35
251,-1.6399773627543828,0.9791538803145056,0.32
252,-2.0398864740132474,0.891770331098769,0.27
253,-2.0303095787665284,0.8546622658030657,0.34
254,-2.3465684350349654,0.6928211467212708,0.3
255,-1.7193954537601785,0.9972913116733204,0.32
256,-1.7057658063097958,0.9177598330864563,0.31
257,-2.331854979563915,0.8264292146386523,0.27
258,-2.0510398940336465,0.7235137956517989,0.32
259,-2.7084349450323377,0.8698955665050108,0.32
260,-1.7375764861639769,0.8368729706264808,0.33
261,-1.617737053887673,0.8618238102259786,0.28
262,-1.6059591090975518,0.9581088374665019,0.39
263,-1.9016097585133875,0.848493909015898,0.35
264,-2.1156078796190942,0.9658050723636831,0.35
265,-1.6426535918799448,0.9103454091015248,0.35
266,-1.9967289390090814,0.8149823092719352,0.32
267,-2.240700166789824,0.9815078986334371,0.3
268,-2.3639323676564765,0.7872015753356031,0.25
269,-1.2566441180159627,1.0089317310953176,0.39
270,-2.510070747531529,0.6608185806386415,0.29
271,-2.439792252515756,0.6891878642819697,0.19
272,-2.2557427561612595,0.7364268287496746,0.29
273,-2.3178631714992193,0.8375015875606809,0.26
274,-1.7860401557328347,0.953827178531691,0.33
275,-2.820010137902322,0.631625826947531,0.27
276,-1.689275938590188,0.7999909487464935,0.3
277,-2.1958926547522135,0.9050818724204569,0.38
278,-1.9182906899539984,0.8160604162035549,0.3
279,-2.5303389707091153,0.6212792309904326,0.28
280,-2.1294124759776243,0.8514056143139039,0.22
281,-2.193402695279305,0.7935726827736781,0.28
282,-1.9560001124111293,0.7583126145486644,0.38
283,-2.021924994899815,0.9483757887457724,0.29
284,-2.191486788181486,0.8322671583744732,0.29
285,-1.9663389982698496,0.8753717023057601,0.38
286,-1.8455092414936265,0.7804348780765832,0.32
287,-2.220051565506934,0.9077086399708589,0.29
288,-2.266449788092202,0.8687208386021846,0.28
289,-1.7120058188751133,0.8888961625889654,0.32
290,-2.245620632274764,0.7238040679446845,0.28
291,-2.2543013725629373,0.7169419090997877,0.32
292,-2.3214636897980343,0.8092121930833569,0.29
293,-2.1949946282911506,0.7518180082814608,0.26
294,-2.1589538310872958,0.7981521511484485,0.3
295,-1.7557796934266148,0.8476673387086787,0.35
296,-1.706962040085973,0.9561576554489973,0.36
297,-1.4949038477189622,0.8099352299788091,0.38
298,-2.067643452972464,0.8083426772252083,0.37
299,-1.9563537127776431,0.7676344706968753,0.29
300,-1.8945980275864673,0.8037455842845336,0.32
301,-2.0702008399431358,0.8086938062242274,0.23
302,-2.938946225368777,0.6206376280872323,0.2
303,-2.3863139081852807,0.7688405415714048,0.25
304,-2.0634215183341853,0.7749707166824871,0.33
305,-2.262874616685694,0.8808369115888115,0.31
306,-1.8959558807830184,0.9565742672449304,0.28
307,-3.514533350562755,1.013528191310494,0.26
308,-2.0659033230769253,0.6356197838683828,0.35
309,-1.3474596105571244,1.1714190359961005,0.41
310,-0.8753150009587662,1.0819975797325694,0.38
311,-1.7192181951124874,0.8716575772569477,0.32
312,-2.069522264356,0.9034437643545897,0.29
313,-1.7575711330683785,0.9224070304043643,0.38
314,-2.0313801964509564,0.9277310226512739,0.34
315,-1.4591985030658052,0.9191602707405454,0.41
316,-2.1057434361686025,0.8699144696699073,0.3
317,-1.7778575048541083,0.9874230229543312,0.32
318,-2.263245882433634,0.6732665828435175,0.34
319,-1.1411955061869579,1.0335418014904725,0.39
320,-2.9975809761361756,0.7133717880626882,0.26
321,-1.8255936357642293,0.8051712669542143,0.3
322,-2.4946535455319507,0.7747246683359996,0.27
323,-2.1817710736750895,0.8547763639715814,0.35
324,-2.0176393635842955,0.904059557903779,0.32
325,-1.2709621921867857,0.9137621667619712,0.29
326,-2.068691565041274,0.7161392383108034,0.34
327,-2.101397912257828,0.8891562694219459,0.31
328,-2.1292927520546656,0.8852924267485371,0.27
329,-1.4039317604205594,0.8349033360332306,0.37
330,-2.232342796932782,0.7264113954350999,0.33
331,-1.39446279656132,1.0211004415807974,0.38
332,-1.8598594371777384,0.7481164715103397,0.36
333,-1.6221028279186618,0.948243791671628,0.29
334,-2.0464959655244392,0.888749012072114,0.32
335,-2.8295757829530994,0.7551025699064252,0.27
336,-2.540921375092214,0.7412693438751553,0.27
337,-1.7133838282341203,0.7364257923615134,0.33
338,-1.8100235131962028,0.8392747027326746,0.32
339,-2.4620256279851405,0.8546814918496122,0.24
340,-1.7547167366766967,0.792753922325452,0.3
341,-2.0226695401697525,0.8920661599275138,0.38
342,-1.9299479862025617,0.779955015492515,0.29
343,-2.2280557337673073,0.908242840373758,0.35
344,-2.455592142724625,0.8676913799880032,0.35
345,-1.477282454601557,0.9664502735692089,0.31
346,-2.2810277301400244,0.9168191440638163,0.35
347,-3.186918708357989,0.7091106273044047,0.27
348,-2.1981568030131804,0.6612206934627678,0.25
349,-1.675321471063788,0.8557263861465947,0.35
350,-1.9589262543489983,0.7529089027993048,0.34
351,-1.9584996217401416,0.7887163448059146,0.34
352,-3.37319736145927,0.8291253849106979,0.29
353,-1.5981705079204076,0.9537357316146445,0.31
354,-1.577812764590865,0.8536162817076739,0.32
355,-2.0455746130623105,0.8586090403815,0.32
356,-1.9459953151214668,0.832058491235663,0.31
357,-2.1708136774528186,0.6800086610086292,0.25
358,-1.63820179807274,0.9853871792061558,0.38
359,-1.370420336953735,0.9529457866916846,0.35
360,-2.3787409105268758,0.6789224332537878,0.29
361,-1.632765086955477,0.9382996979965533,0.32
362,-2.225602970383582,0.6703756687953972,0.22
363,-1.691152732870887,1.0032806888591046,0.43
364,-1.7105317464399596,0.9117140658525189,0.35
365,-1.1789325676656512,0.9052748111329998,0.37
366,-2.2230843147348103,0.777213542842219,0.34
367,-1.9026091572868333,0.8579990797996514,0.32
368,-1.9747453485094397,0.6922582555152931,0.3
369,-1.772634979063571,0.792877797516285,0.28
370,-1.2923112279828552,0.8564382907144912,0.41
371,-1.649267775391025,0.8565073274367436,0.36
372,-2.86972162375371,0.6256561627040841,0.27
373,-1.9085172757167623,0.8696067368330269,0.29
374,-2.28889256280882,0.771475066761964,0.35
375,-1.595309371627379,0.8886519878495008,0.37
376,-2.010364650711976,0.7110508608113406,0.28
377,-2.7327600549865734,0.8939429940692446,0.32
378,-2.620715578966594,0.6851877144136131,0.26
379,-2.003690562269036,0.8446441734703682,0.29
380,-1.7296286344068157,0.8915235996507487,0.28
381,-1.7441319334736662,0.8680450126213104,0.37
382,-1.697156510351453,0.9321312189498275,0.34
383,-1.9039651370947805,0.9409204940484949,0.32
384,-2.0688902794216735,0.8572018733174955,0.36
385,-1.5026028849845272,0.932597439625767,0.36
386,-1.8213750777089484,0.820435248248221,0.35
387,-2.497359823680842,0.8602121527249043,0.35
388,-1.1616950535556112,1.1437026828364412,0.38
389,-1.9951791502290348,0.7615585578970907,0.37
390,-2.464780727918077,0.921138332490996,0.34
391,-2.4433297331605885,0.817672112154546,0.25
392,-1.9277731338154787,0.8840407970558312,0.28
393,-2.375060442510949,0.8654136342560331,0.22
394,-1.7905569427716186,0.8836117062262742,0.4
395,-1.9801312362291998,0.8166754309225647,0.31
396,-2.218982449448566,0.7925508646911203,0.31
397,-1.6497000619411148,0.9842097589505349,0.26
398,-1.693191891417797,0.9095808391697986,0.3
399,-2.092654325030709,0.863341734525934,0.36
400,-2.11608717880944,0.8366173465907923,0.23
401,-2.0199258903247417,0.7598698376307566,0.33
402,-2.0782020436630635,0.6905562834415491,0.34
403,-1.7291816005345078,0.8418995511934562,0.35
404,-1.7264078390920856,0.8529941291805722,0.36
405,-2.2994172280826732,0.8225570791589705,0.31
406,-2.1141387313673206,0.7118417574926988,0.29
407,-2.086418000155979,0.6508133528848435,0.34
408,-2.0084676894237905,0.7993839232111474,0.31
409,-1.3159157626969655,0.8801408255596864,0.3
410,-1.8977594757454583,0.759805804468671,0.39
411,-2.1327676123211416,0.9059563650307009,0.24
412,-1.891800276131106,0.8460304326734467,0.33
413,-1.5380195553834732,0.8569666656463862,0.32
414,-2.0609420404740746,0.8254056038841467,0.24
415,-1.7764662887902174,0.8420968073800685,0.35
416,-2.1553522902347324,0.7817466084355842,0.23
417,-1.427918618290092,1.0401501830268634,0.43
418,-2.2154854214639594,0.8445767523209,0.2
419,-1.3377857844434526,0.9606068060632671,0.34
420,-1.4805559129497945,0.945226460048261,0.43
421,-1.8912906671026866,0.8729758002593175,0.38
422,-2.0100070436097712,0.7896072153267203,0.29
423,-1.0382526827476797,1.1445824011918306,0.35
424,-1.39230944053767,0.9301960634792462,0.29
425,-2.1017719257263474,0.9642066236283143,0.31
426,-1.5765288204969208,0.8300177703500214,0.39
427,-1.6160612690242646,0.8023351106299895,0.35
428,-1.8883975128133081,0.8755491304431996,0.33
429,-1.8541246336398265,0.8118754794224117,0.36
430,-2.012226724537892,0.7293247500159943,0.3
431,-2.264294867665858,0.7050358192910106,0.31
432,-1.251328010632008,0.9444659342412457,0.29
433,-2.194110121526757,0.8361173755266114,0.35
434,-1.6919146768761806,0.8542469185065166,0.28
435,-2.240019305274682,0.7739673091082118,0.3
436,-1.0490504119976558,0.9815740924346487,0.43
437,-1.9353716518133255,0.8585206747059356,0.37
438,-1.4224151735696673,1.011579815340493,0.31
439,-1.933302728727044,0.9017730649680602,0.28
440,-1.9203466921542216,0.9112044487172436,0.26
441,-1.4389847879685542,0.969375751579595,0.39
442,-1.9731996665516984,0.8539453992499162,0.36
443,-1.7791316034079148,0.8910055237348792,0.35
444,-2.0153886658347377,0.8166860019105449,0.23
445,-1.5833959436727476,0.8549755628383394,0.26
446,-1.2634900168992333,0.9710248052052092,0.37
447,-1.7585257815887985,0.8188051597946194,0.34
448,-2.3153263881485047,0.7441789332430223,0.28
449,-1.9070099024026144,0.8639579710052177,0.29
450,-2.175787542006656,0.7454756099695612,0.24
451,-1.3281769410992204,1.0560048978678447,0.35
452,-2.1919646819609313,0.7120753763515988,0.32
453,-1.9182511470000665,0.7982071036736496,0.3
454,-2.3233774692816094,0.9478875599581328,0.29
455,-1.65437054776813,0.631794832998577,0.35
456,-1.9697225819601272,0.814918780504348,0.3
457,-1.8930574226574053,0.7138631119890235,0.32
458,-1.7313225708065274,0.8280875947612324,0.29
459,-1.5190230188965343,0.8425054472026156,0.3
460,-1.830551467775936,1.0012966616060495,0.29
461,-1.0046395445437584,1.0978838977067964,0.47
462,-1.8880674068575625,0.8440319313871464,0.22
463,-1.6743537953869845,0.8679487888715097,0.32
464,-1.700833411749239,0.7438223680230274,0.34
465,-1.3812868283356083,0.8789631221605189,0.37
466,-1.35492522735292,0.8523716510662169,0.4
467,-2.173813092844149,0.7481162613610013,0.28
468,-1.5999901883942482,0.7885380009588946,0.4
469,-1.8153332817151435,0.9581401995414107,0.41
470,-2.2727518923137984,0.8463497441617149,0.31
471,-1.9411000136403274,0.9265232146597056,0.33
472,-2.3731224765627528,0.7472396707929571,0.29
473,-1.7954745775270267,0.6939524628501972,0.34
474,-1.991645516736711,0.7624748031610245,0.32
475,-1.5473998514565708,0.829540808582871,0.33
476,-1.442213167955513,1.0392306842563652,0.34
477,-2.0410422443052325,0.8038206532101266,0.28
478,-1.5143211468869482,0.997823620161099,0.35
479,-1.5370537861162918,0.9556831683653791,0.32
480,-2.262253125895064,0.708596166199225,0.22
481,-1.937808249718441,0.7866416038760947,0.19
482,-1.5725696765344446,0.7395813046807715,0.31
483,-2.0088449187945514,0.7198045419298862,0.34
484,-2.1934908629442607,0.8366302933855962,0.29
485,-1.6749869324165132,0.8255270343896308,0.33
486,-1.6289578224634023,0.8542609162166579,0.29
487,-1.7115544644414198,0.8527846092408238,0.37
488,-1.517917848669302,0.8349441058102302,0.32
489,-1.9852821728027916,0.8895438056925129,0.29
490,-1.5303780773297135,0.8136323060584348,0.36
491,-1.7427956557544046,0.9834985391117134,0.31
492,-1.2632611963289353,0.9636612052593898,0.38
493,-1.9714138216356005,0.8500546299945358,0.32
494,-1.4016258502102739,0.8327868170103659,0.36
495,-1.9734364865676732,0.7766132875170214,0.35
496,-1.6175280310299198,0.8861618626317868,0.29
497,-1.8191034558702797,0.7304032774902864,0.35
498,-2.0291996390958436,0.7823821351583358,0.31
499,-1.3108427063019858,0.9891269426601057,0.34
500,-2.2134696657368993,0.8001495642039572,0.36
501,-1.8762302333679575,0.7398609266496012,0.33
502,-1.8799211921501122,0.8003192197922879,0.26
503,-1.6688435491610139,0.9191027734479286,0.29
504,-1.504224378522836,0.8127403270559855,0.29
505,-2.079429263149093,0.9987569196484314,0.31
506,-2.3088043613452225,0.7741227686807458,0.28
507,-1.7749168308485244,0.7623978894916885,0.42
508,-1.805583055532042,1.0716836865692219,0.33
509,-1.8194883178125625,0.84706374408744,0.32
510,-1.9196974482538598,0.7429272501846692,0.32
511,-2.2409611362295854,0.7338895632503857,0.26
512,-1.721167292716829,0.7312791977073264,0.4
513,-1.9690482022417786,0.6691419352071272,0.34
514,-0.8966922130955475,0.9775694713842472,0.37
515,-1.2161182217512232,0.954336474430031,0.4
516,-2.007699120436856,0.7963398875767329,0.34
517,-1.405214630541028,0.8310281629879401,0.43
518,-1.82084784964812,0.7726607062295369,0.43
519,-1.6920440482752723,0.8535797095533054,0.34
520,-1.7593146411809966,0.8195557003464888,0.33
521,-1.615516786652981,0.8429865750286115,0.35
522,-1.1095962244732993,1.0392990701592675,0.37
523,-2.4911235696319816,0.6967409769813091,0.3
524,-1.974660443885592,0.8104940304764513,0.34
525,-1.843062893087663,0.8379327330347356,0.31
526,-1.1327270281820625,0.9587652715822803,0.46
527,-2.478597698481334,0.8373138076867774,0.33
528,-2.232251948594224,0.7634774301280772,0.36
529,-1.7021708408037532,0.8781506499475275,0.35
530,-1.7817689760150892,0.8982051154037016,0.26
531,-1.78699217777027,0.8093132381093728,0.34
532,-1.5479408664168364,0.9219157322334486,0.42
533,-1.750113358626227,0.7069595092195682,0.36
534,-2.067817375682501,0.973414425934334,0.31
535,-2.044561321878871,0.7589137679900397,0.29
536,-1.5867785170126125,0.7472764524647765,0.41
537,-1.7210755657046313,0.8195397387880253,0.32
538,-1.7225580856340559,0.8476029279592976,0.34
539,-1.732538059303995,0.8773991577121589,0.36
540,-2.027145204964884,0.8007190200387648,0.24
541,-1.4202875853386991,0.7996299349545537,0.31
542,-1.7159402738341347,0.9895253017546275,0.28
543,-2.1274190301460902,0.8304390210081855,0.26
544,-2.131897231380513,0.8639423044008475,0.37
545,-2.244568188908923,0.7546126812407121,0.37
546,-2.121177369086778,0.7957086136402515,0.33
547,-1.7546700919006872,0.9685155599676979,0.34
548,-2.549723110502547,0.8144227588570558,0.26
549,-1.3812341134625408,0.9538696985712279,0.37
550,-2.1503036718251063,0.913786078642453,0.3
551,-1.6854295769749614,0.8419563421721391,0.37
552,-1.6163007853609932,0.912001434219444,0.31
553,-1.5719332773238783,0.8885730878633535,0.34
554,-2.18810270957916,0.6937450736199531,0.32
555,-1.7485151934009178,0.8964277988546228,0.28
556,-1.967396652791442,0.677849625062278,0.31
557,-1.6193420751312657,1.181059447884793,0.32
558,-1.5101352679070978,0.8359490139930503,0.38
559,-2.177000764829607,0.7343321342179163,0.32
560,-2.530259477258454,0.5732643626636351,0.29
561,-1.000553118844323,0.9002438206653599,0.42
562,-1.4317360631369511,0.8717725735387616,0.42
563,-1.2520000429342106,0.9283916265149789,0.38
564,-2.0381175871191437,0.8018297379378524,0.28
565,-1.801841927766696,0.7916497278407804,0.34
566,-1.7970319126401337,0.7656644951941778,0.34
567,-2.3127530676740897,0.8597910943721047,0.36
568,-1.367947549297623,0.8225004709138614,0.41
569,-1.0886158102202692,0.8951026907944386,0.44
570,-1.7648991343795395,0.8933464146920759,0.32
571,-1.0688923820036254,0.9007882046395873,0.4
572,-1.0866509530302504,1.104946212371215,0.4
573,-2.000004504263891,0.858737818039162,0.31
574,-1.5236533076299061,0.8737146108489078,0.32
575,-1.4762883626374868,0.8751789776052625,0.37
576,-1.72053342655933,0.8185620447341223,0.3
577,-1.4081702862083307,1.020240862045382,0.3
578,-2.058473467382248,0.7610677917901515,0.27
579,-1.6109022609916812,0.8504160527097473,0.3
580,-1.758340431503683,0.8785824277864245,0.37
581,-1.6466506733823498,0.9355245033048254,0.32
582,-1.8280012947869368,0.7246633679978318,0.33
583,-1.8357758137734863,0.9800989968129638,0.37
584,-1.55443029512833,0.8980169268638118,0.35
585,-1.1026231010015,0.8548175111146468,0.42
586,-2.151562048359909,0.7994589036873754,0.28
587,-1.2412730508502767,1.0060134028289291,0.37
588,-2.3560648217877738,0.7133237023564805,0.35
589,-1.602584882768596,0.6787445408994062,0.35
590,-1.7640791112961796,0.7681032951842517,0.38
591,-1.9408399496333453,0.7396074545969766,0.36
592,-1.8614523848015008,0.864773013734871,0.34
593,-2.055790434842797,0.8396551110143443,0.22
594,-1.9327772343365683,0.9121679893515338,0.31
595,-1.8507856566238565,0.7727893409215509,0.3
596,-1.45730363882918,0.9576084966223098,0.42
597,-1.802929144882529,0.849164684994856,0.33
598,-1.529223728018812,0.825550682745812,0.42
599,-1.7932699556676719,0.8611562038541436,0.35
600,-1.541038119444287,0.8510018689964219,0.42
601,-1.5946483342814874,0.7640825230619904,0.36
602,-1.6450837596740442,1.0060799178986026,0.37
603,-1.314142787196556,0.8042148430309227,0.4
604,-1.5549898452021156,1.0810760923157579,0.35
605,-1.349449846389906,0.8800236264015625,0.34
606,-1.3677711189153576,0.7797974359494673,0.35
607,-1.8825654181795275,0.809685572329792,0.35
608,-1.7682076396453763,0.8334706112749666,0.33
609,-1.7820149701851629,0.9484091291040088,0.43
610,-1.8605188507448356,0.8473571421378234,0.32
611,-1.655028984229555,0.8569588360480123,0.26
612,-1.9094632037865973,0.8109056404489778,0.4
613,-1.7582480832360352,0.9008450909053025,0.33
614,-1.5311031170238563,0.8658522125246602,0.37
615,-1.2703320361748662,0.8764184608226531,0.36
616,-1.8530718460580617,0.9100735386349136,0.35
617,-1.4417755126941965,0.9449856626032935,0.29
618,-1.9303534628353538,0.866425007303269,0.35
619,-2.2086626301217622,0.8844802825230438,0.29
620,-1.6769511147081801,0.8149678927980912,0.47
621,-1.7513643856467496,0.9108891243207146,0.37
622,-2.204379699262115,0.8804975143915378,0.28
623,-1.7202962324464368,0.8125956425420887,0.33
624,-1.2231993903611278,0.9934553021874644,0.34
625,-1.6629336567710096,0.8726442646653295,0.28
626,-1.4537220958354482,0.9726814038438849,0.37
627,-0.9632648798713354,1.1163390163228184,0.43
628,-1.4558325643539303,0.8549892709060622,0.44
629,-1.2047070574421723,0.9708712534510071,0.42
630,-2.4873593424341234,0.800076374154991,0.3
631,-1.3860211969851148,0.8319031074075081,0.39
632,-1.6259049160436134,0.7882474720070324,0.39
633,-2.1379112916321334,0.8491632313477446,0.27
634,-2.006877367140873,0.7760014106587427,0.33
635,-2.068147248756838,0.87034054217539,0.34
636,-1.6451360910804431,0.9299199817062807,0.3
637,-1.6904194782552642,0.8127649561715482,0.4
638,-1.958143269027065,0.7271121469195134,0.36
639,-1.6780454626977142,0.8273038621919164,0.41
640,-1.9365213410175761,0.7155514957473494,0.41
641,-2.8333784821738943,0.6345802700955672,0.37
642,-1.9919375779612067,0.5907451798958147,0.37
643,-1.552879089473617,0.8022990010376322,0.37
644,-1.5636376904642881,0.7996270361152434,0.36
645,-2.123408695272628,0.7761663454997185,0.3
646,-2.1073278607030703,0.7766673492678978,0.29
647,-1.4836922661253098,0.7961184780472864,0.27
648,-1.9181233372519322,0.8175623849278192,0.28
649,-1.3968824674388642,0.6874395045253455,0.42
650,-1.5013926470727268,0.9178707897500522,0.37
651,-1.4539115275896686,1.0007513198636984,0.31
652,-1.7022177482664276,0.9212754673260021,0.34
653,-1.1368518716858171,0.9129489361706017,0.33
654,-1.5569855323995552,0.95204454438092,0.36
655,-1.6240293682485423,0.8312684038831368,0.29
656,-2.058095376834668,0.808058617609612,0.31
657,-1.724042619291839,0.853333416237477,0.36
658,-1.7007350452855012,0.7760352847153742,0.31
659,-1.887133415394043,0.8798929371248937,0.34
660,-1.7414391531756002,0.7200096364105039,0.37
661,-0.9261407758307517,0.9533010242656554,0.47
662,-1.135873324560714,1.0713096069128936,0.39
663,-2.627850008698498,0.7482306473849727,0.32
664,-1.625847225681659,0.9123391987225448,0.3
665,-1.3715650437641063,0.7849351080442795,0.35
666,-2.0994157105763427,0.8873510992557031,0.27
667,-1.947614299862244,0.6883645454476421,0.31
668,-1.4075457450964708,0.779743896928201,0.38
669,-1.5191408895870664,0.8323279473308781,0.42
670,-2.0872304287543586,0.8176925759083578,0.31
671,-1.7693068953406346,0.9140927445055741,0.34
672,-1.8146614242759551,0.7319274740597586,0.32
673,-1.2251983571874374,0.9840961095226717,0.35
674,-1.950937207406136,0.8174490670738611,0.3
675,-1.8594747971629162,0.8210750098811964,0.21
676,-1.187699437320944,1.0223234809403967,0.36
677,-1.3967129619835388,1.047683269116829,0.31
678,-1.3316685021842476,0.807389725763853,0.36
679,-1.4740799412758019,0.8651153620821668,0.38
680,-1.878112771780536,0.8074727151443516,0.28
681,-2.05319754889174,0.8113291015157243,0.29
682,-1.7832010366809723,0.8639579173203491,0.3
683,-1.9240050780636304,0.977844064957388,0.29
684,-1.4098166459610249,0.8242606528271891,0.37
685,-1.4892199208252241,1.1134974982410664,0.42
686,-1.7502407745272268,0.9628290363864102,0.28
687,-1.455276338310599,0.8471270178289485,0.35
688,-1.7783553090825432,0.826653810442023,0.24
689,-2.1246035775407877,0.6888048849092789,0.31
690,-2.049003747864541,0.7361293078269783,0.3
691,-2.1067484859330867,0.7796265582754289,0.28
692,-1.51904846256043,0.9411380325662299,0.33
693,-1.588316257639168,0.940098643284698,0.34
694,-1.607737034074178,0.8153097093618358,0.4
695,-1.7083039667388298,0.803393045973944,0.37
696,-1.1072610740124458,0.8537325353644973,0.37
697,-1.5792657539658688,0.8960170395953072,0.35
698,-1.292247563384054,0.9227128218190844,0.27
699,-1.4420464300231826,1.0916320538775341,0.26
700,-1.7034492640519894,0.928029644417916,0.33
701,-1.5056813691227797,0.9386063385238965,0.3
702,-1.5823136741924808,0.8696211302112025,0.32
703,-1.5144363759639796,0.805441806878963,0.34
704,-1.948729870533341,0.8560103810039671,0.28
705,-2.2320452153006896,0.9247314240706023,0.3
706,-2.2983535485306463,0.6967696719025193,0.28
707,-1.6887663344357673,0.8846506730083102,0.37
708,-1.8091511496659232,0.7938038431633128,0.33
709,-1.7201377110854748,0.8263406778031026,0.27
710,-1.6793662563969511,0.7850078875131297,0.35
711,-2.026676677644724,0.669540993648218,0.29
712,-1.3246590088575478,0.9387860842773117,0.32
713,-1.405756063512903,1.0369235206161083,0.39
714,-1.7228419376103716,0.8789234734500045,0.35
715,-1.6607248236276908,0.9100594488936832,0.3
716,-1.2886196877079232,0.8266987884414724,0.35
717,-1.579724796579579,0.9225370128034147,0.32
718,-1.7736391566166712,0.9010263250742955,0.31
719,-1.4063949306865364,0.9136057962892555,0.36
720,-1.785476813767553,0.7260309171196409,0.34
721,-1.129168178095413,1.0026136266688477,0.37
722,-2.0816489679605814,0.6691255143046866,0.27
723,-1.6924378717417816,0.852373539236293,0.31
724,-1.6895930380011017,0.7700418700754832,0.34
725,-1.8040551714731392,0.8938646576241487,0.36
726,-1.1093072623270472,1.0111931678282715,0.32
727,-1.4265716792246799,1.0414765656882825,0.36
728,-2.036006769303288,0.9189743208932549,0.27
729,-1.3726467970135772,1.0065411366277683,0.34
730,-1.8880084633890246,0.8728812761652973,0.37
731,-1.5884818705043755,0.8612627264755566,0.34
732,-1.6328256594484645,0.9162735104789274,0.3
733,-2.381162914441618,0.8431823038974726,0.23
734,-2.5413557974940497,0.7007976622439561,0.29
735,-1.971781852782559,0.951953212835183,0.31
736,-1.6929010686744836,0.756427471578526,0.32
737,-2.5322292792824084,0.6717858846771999,0.26
738,-1.9339889793380483,1.0128151734731203,0.28
739,-1.5793103563170183,0.9068471474746826,0.28
740,-1.6314964557415517,0.9632376136948841,0.29
741,-1.9978868190973245,0.9181488744080825,0.27
742,-1.2235443485257107,0.9789725699222502,0.31
743,-1.4458923756628372,0.9796930727642708,0.29
744,-2.0805858971592888,0.7373120389545643,0.32
745,-1.1932011738766357,0.9731170524879925,0.34
746,-1.736843761621432,0.8660974763764494,0.3
747,-1.5015368213807632,0.9549555993233748,0.36
748,-1.6182140135870042,0.9090801887772885,0.32
749,-1.7527235763977027,0.7054201961337131,0.3
750,-1.5581980826375998,0.8852090603753403,0.32
751,-1.95843395429223,0.8194467938251454,0.22
752,-1.4203810405303365,0.9949369288151959,0.34
753,-1.7853041302268733,0.7449021503856436,0.31
754,-1.4851124367594721,1.021310878603167,0.35
755,-1.9655301553062943,0.9696075688700183,0.38
756,-1.2932916358284479,1.120522068814123,0.32
757,-1.7955492543238802,0.8637149835418891,0.31
758,-1.9935009503978387,0.7974305397791294,0.29
759,-1.6251634805193955,0.8579443891671825,0.37
760,-1.229300839358063,1.0394141272152373,0.37
761,-2.5659115475804337,0.8981896106210131,0.32
762,-1.5300815448868108,0.9611150410668174,0.35
763,-1.606948181304589,0.843197819149148,0.25
764,-1.3210495112833118,0.9484740645899344,0.31
765,-1.7490580575660593,0.800106691339856,0.34
766,-1.8282766045022163,0.9441643436368713,0.31
767,-1.470792720227831,0.8236213201205822,0.36
768,-1.46314070808652,0.8863004767048589,0.29
769,-1.634469122306895,0.9418939068060653,0.3
770,-1.6390370479689522,0.9399268214500677,0.28
771,-1.2550175989699786,0.8239454845827674,0.32
772,-1.5327889981796075,0.846194651319846,0.28
773,-1.7102634277045317,0.8803661841471887,0.28
774,-1.6469178988640438,0.7115327857969689,0.34
775,-1.4568831980212837,0.9670169816149923,0.33
776,-2.1468556084575514,0.8205086530731346,0.26
777,-1.6383008001982768,0.9550263118555946,0.34
778,-1.772599166268619,1.0397394536825781,0.27
779,-1.9711823639109642,0.8587369122910242,0.24
780,-1.773299051053383,0.8811548092567031,0.31
781,-1.197079508294964,1.0892748270190638,0.38
782,-2.1824704314354104,1.0073181854759214,0.31
783,-1.4601717578224989,0.8582291429337323,0.32
784,-1.142891381971398,1.00798236738922,0.36
785,-2.2023124764824935,0.7583621382190294,0.26
786,-1.380342566599896,0.9026503773324894,0.37
787,-1.5069700408327678,0.924292608903661,0.27
788,-2.7530436923954924,0.7656407931680395,0.27
789,-1.2011532864569745,1.013869089872695,0.41
790,-1.5959686646852704,0.9417164537431337,0.28
791,-1.960019690274803,0.8527246846852874,0.25
792,-1.1672121692212654,1.0004794395255503,0.28
793,-1.1074523377641328,1.0193423224141862,0.35
794,-2.247399761135554,0.7812779179752662,0.27
795,-1.5899307489354157,1.0514552831985333,0.33
796,-1.449938517448685,0.7966398814864949,0.4
797,-1.3519713207263218,0.9402427405881383,0.38
798,-1.8994422054851945,0.8618196509431225,0.28
799,-1.8874772896123293,0.8941027032703335,0.27
800,-1.6232552495429176,0.9459974509656106,0.28
801,-2.2340894523903,0.844501755462942,0.31
802,-2.3047525884253446,0.7331982656337576,0.3
803,-1.617655538161476,0.8901313501183827,0.29
804,-1.6244267381263426,0.9024443415681069,0.31
805,-1.7576298239265689,0.8401053177225591,0.27
806,-1.1994551714140318,0.961234576511267,0.34
807,-1.774809949315407,1.0198338919447882,0.34
808,-1.822927066980212,0.6682644315049084,0.3
809,-0.9161172189226265,1.0408082438708235,0.41
810,-1.5871536171608909,0.9022272295663744,0.28
811,-1.8496058784820422,0.944758443823944,0.27
812,-1.9329728285218348,0.8300534979546351,0.34
813,-2.010506316338207,0.9011036032446234,0.33
814,-1.1817240818231916,1.1011818097118486,0.32
815,-1.765449846439105,0.9733261259917562,0.32
816,-1.5478682321178872,0.8416696774697939,0.32
817,-1.1356795189222622,1.0699390722532915,0.3
818,-1.8566127677546325,0.7979710793539663,0.23
819,-1.5483528629402872,0.8939638394166868,0.28
820,-2.0351099249585247,0.7254311172661532,0.28
821,-1.4512875420745537,0.7918728817985337,0.32
822,-1.0487827754566372,1.0185443722140644,0.32
823,-1.451787617439843,1.05155506064332,0.3
824,-1.3799301667038366,0.8487188852735457,0.35
825,-1.4728912592968606,0.891672281567152,0.28
826,-1.2007149484707156,1.0823198669646217,0.32
827,-0.926428324267575,1.2719331322111556,0.34
828,-1.5665757176784385,1.0197933429816397,0.28
829,-1.5842220578614015,0.8717106289009614,0.34
830,-1.768134784578907,0.869786065257751,0.29
831,-1.2601918670610528,1.0757480336674237,0.32
832,-1.6739642593973842,0.8531001809474337,0.29
833,-1.5050795567154154,0.9630669419940753,0.37
834,-1.8035284521320707,1.0793896656514665,0.27
835,-1.7041321299940941,0.9218771579986216,0.38
836,-1.422091196298181,0.9445507112546381,0.35
837,-1.7522601428426448,0.8592945741278051,0.3
838,-1.4984923505150616,0.7664046713416801,0.32
839,-1.843297241255218,0.9638997145521249,0.28
840,-2.302556993868022,0.8748886192182832,0.35
841,-1.392018219044096,0.9865849283160725,0.38
842,-1.3474069230060293,0.9108144466075366,0.35
843,-1.1452458808829251,0.9680058699105669,0.31
844,-1.459798026568304,0.7804943839960317,0.38
845,-2.229643842090895,0.7286986211606451,0.28
846,-1.1302832983990703,0.9781321400274692,0.36
847,-1.6446675508301467,0.8590520962657684,0.25
848,-1.4579576629502342,0.9690164528995875,0.31
849,-1.558649810022463,1.16866080498396,0.38
850,-1.4001933927218133,0.9612498205854226,0.3
851,-1.00267867315021,1.0082321896441884,0.43
852,-1.5338585093228176,1.0911225917456182,0.41
853,-1.6595119954384898,0.814758908822737,0.33
854,-1.7402183620696678,0.7590214075574191,0.32
855,-1.5566950351688777,0.9914506727238604,0.29
856,-1.1959740059011774,0.9929792601850158,0.4
857,-1.1602121940375998,0.9480129448667282,0.37
858,-1.5135631516295986,0.8772201228112028,0.41
859,-1.653778454332452,0.7929043186935648,0.34
860,-1.9750772708934934,0.7955399458655136,0.24
861,-1.348694045617334,0.755850673581396,0.35
862,-1.571252404653971,0.9601222102763792,0.27
863,-1.5348375338355058,0.9040778896412313,0.33
864,-1.1501359635151132,0.968564622411808,0.34
865,-1.720208817158184,0.9383301112476262,0.31
866,-1.5922940728720105,0.73926460576035,0.35
867,-1.5454011401589114,0.9031992229147496,0.23
868,-1.442923193357282,1.0017147903578434,0.34
869,-1.6246384426524336,1.0325731694615894,0.38
870,-1.5027275682927053,0.8538892663843852,0.31
871,-1.5135498665245093,0.8776688395302097,0.38
872,-1.868931756100774,0.9837180739278206,0.28
873,-2.0219743334252773,0.9026744616824414,0.28
874,-1.776305304671323,0.7925545123528047,0.37
875,-1.6424472879627607,0.8054179093295764,0.31
876,-0.9557400192733665,1.1076944960047792,0.38
877,-1.438407576578318,0.8410796302376105,0.33
878,-1.5673580654723054,0.8453850421455291,0.3
879,-1.2634567210065162,1.000181230112432,0.31
880,-1.5343201844246825,0.7717571358347765,0.41
881,-1.2827684199121832,0.8965520099837008,0.33
882,-1.7775967906568777,0.8535811507222506,0.32
883,-1.8700271928994383,0.8433554592402455,0.29
884,-1.4152651670670506,0.896660612980931,0.36
885,-1.862875534448129,0.7764653010256771,0.36
886,-1.546620726651405,0.9949089623993629,0.33
887,-1.272775176560429,0.8853393853819724,0.36
888,-1.5116337537206053,0.7941792585419205,0.32
889,-1.2302076813032585,0.8817390629327175,0.34
890,-1.4011368260072816,1.0061487735268524,0.31
891,-2.406850532414027,0.9692184743915502,0.3
892,-1.5708290022501372,0.8633740025906933,0.3
893,-1.7539117856299706,0.960478879386546,0.29
894,-1.4724015233139085,0.9794915607293748,0.34
895,-1.242458470169762,0.8736186502637062,0.41
896,-1.6096369757633888,0.8868037965787061,0.26
897,-0.9393639393933734,0.9507217369503229,0.44
898,-1.3714135962768774,1.023919604634771,0.34
899,-1.9799190702720875,0.8976200714558309,0.35
900,-1.744965395996986,0.7900817723844371,0.21
901,-1.9980553266839658,0.7343268485852908,0.31
902,-1.4352785342406629,0.8174764665681987,0.35
903,-1.148177822239513,0.9748587813293093,0.31
904,-1.671914174658778,0.9089253413673545,0.32
905,-1.0850395603049399,1.0175216948659689,0.36
906,-1.2021739244305811,0.959376586421184,0.37
907,-1.6147920942947334,0.7928331236506958,0.33
908,-1.5385602408539165,0.9546223344433783,0.26
909,-1.4022065418494707,0.9077348077686657,0.43
910,-1.3114518641116115,1.0258763640285784,0.38
911,-1.4081217666335712,0.7814824579573032,0.35
912,-1.8979387554599862,1.0259162356848361,0.29
913,-1.576985583163862,0.9106769176333771,0.29
914,-1.6656086037205582,0.7789950465851705,0.3
915,-1.4145151101745865,0.7146338860770193,0.26
916,-1.621246944829844,0.8138482431535117,0.28
917,-1.171333289730644,0.9943225666960024,0.37
918,-1.4364843794664597,0.8892730208376187,0.36
919,-2.2226033992770438,0.780869974381586,0.28
920,-0.9080309227223075,1.21247370274173,0.31
921,-1.2252740425281132,0.9986661599680996,0.28
922,-1.5999243082535397,0.9427120680391186,0.35
923,-1.1284015712867559,0.9775246441941111,0.33
924,-1.7886382643949508,0.9056103263564371,0.36
925,-0.6980541195678552,1.0408521514410158,0.4
926,-1.4859444025519815,0.9229169858568644,0.34
927,-0.5426019873238388,1.1739857804352316,0.45
928,-1.3945189714135318,0.871673719744043,0.34
929,-1.285993107988915,0.8713707031077476,0.27
930,-1.64164523404299,1.0072567928544027,0.29
931,-1.551804808278475,0.9344231583774186,0.4
932,-0.6757774624255358,1.1029290055130638,0.4
933,-1.2870127754469392,0.8467888018174884,0.36
934,-1.5868266626744123,0.935127633499755,0.35
935,-1.5926112356146627,0.7840094060237581,0.33
936,-1.6825673431945105,0.89874914583359,0.32
937,-1.2677685888948036,0.9192476803047753,0.37
938,-1.2442991023365741,0.9495297132115336,0.35
939,-1.6951386051228112,0.9010004601956453,0.34
940,-1.3438183803545192,1.0287574129586217,0.4
941,-1.1432766182353984,1.057018493995583,0.3
942,-1.4633434171132627,0.8592201575223133,0.32
943,-1.2255477466990725,1.052047517246439,0.34
944,-1.0132579674014839,0.9515778907675139,0.4
945,-1.1464091807440382,0.986999661131027,0.35
946,-0.6931786023796751,1.2235661253160122,0.39
947,-1.6176898762911207,0.852018191579367,0.34
948,-1.7304801160620924,0.8891698878109247,0.27
949,-1.2692139336676806,0.9817277249854993,0.36
950,-2.2029249169870133,0.6828334617949295,0.22
951,-1.3760676132824516,0.8597562325312071,0.28
952,-1.420441788922511,0.8906882454300977,0.3
953,-1.2519319809288634,0.9608652432341365,0.3
954,-1.295987056077838,0.9146756048995005,0.37
955,-3.1674156639976268,0.8521962725053358,0.34
956,-1.4336619118579892,0.8344209944186116,0.32
957,-1.804784988410141,0.7689289257005,0.31
958,-1.1440323139009123,0.9317029857930925,0.36
959,-1.0256604095232524,1.0501524910546087,0.38
960,-1.2644493951121114,0.8605177047468687,0.36
961,-1.1054144325120767,0.9698659442121043,0.38
962,-1.6447891198927127,0.7595502532771102,0.27
963,-1.3267241406846724,0.9459849550349705,0.34
964,-1.6357035035516958,0.8803561515826971,0.24
965,-1.1129876901205957,0.9749774370359593,0.34
966,-1.2383383899936689,1.0148046154649295,0.35
967,-1.5878728318111754,1.023942682457826,0.3
968,-1.5572103659661638,0.913491508691757,0.35
969,-1.528558152296358,0.9285409980966639,0.28
970,-1.158930779079636,1.0293592365805864,0.32
971,-1.4311398110277276,0.9213163502341462,0.32
972,-0.9733181193127572,0.9835966178112477,0.33
973,-1.4452906158043712,0.908859680062023,0.32
974,-1.319581864633272,0.9692031199835303,0.44
975,-1.5517480520594142,0.8987292011848598,0.32
976,-1.6970247303257364,0.8091786910194726,0.31
977,-1.3278022025470164,0.9116033517810541,0.35
978,-1.3371795552852532,1.0329686032381975,0.41
979,-1.4428346314525518,0.9198577430533613,0.34
980,-1.791352223937296,0.936564848168407,0.31
981,-0.6544138008236611,1.1946780128224235,0.44
982,-1.354908294015429,0.9855064440371981,0.35
983,-1.4097676498594836,0.9843681353109694,0.38
984,-1.5333367427034401,0.9402752349584851,0.33
985,-1.0770341150207239,1.0395837667972676,0.42
986,-1.3665113765401289,0.9190786956693198,0.34
987,-1.3822713580052448,0.9842175032065138,0.36
988,-1.925177791502092,0.7753287228063372,0.29
989,-1.4749270868604196,0.938425961122188,0.33
990,-1.0517933204993397,1.0496037831571003,0.34
991,-1.6320162832805591,0.9049833238987417,0.39
992,-1.3388206387644612,0.9808946604004422,0.38
993,-1.288024048010502,0.9273062309673786,0.35
994,-1.7575030004613967,0.8531891651237886,0.36
995,-1.744817237651153,0.8742093884958807,0.29
996,-1.0086394001686996,0.9842722125678404,0.41
997,-1.5568391354080804,0.8762219507130864,0.31
998,-1.3087696285988752,0.8766155391321289,0.35
999,-1.237867218122467,0.9588774841930702,0.37
1000,-1.759685936149252,0.786913174356792,0.25
1001,-1.1065753943425303,0.9988823077860103,0.35
1002,-1.6539657890311366,0.6853582586672275,0.3
1003,-1.4302574966172343,0.9670059435424089,0.3
1004,-0.9453729621538252,1.0989860116482406,0.41
1005,-1.112865785589504,1.103345315936429,0.3
1006,-0.9601975862446698,1.0044006740687919,0.36
1007,-1.5488586556532045,0.6863142566445731,0.3
1008,-1.2049565176441432,1.0468667649332597,0.34
1009,-1.3315966516654012,1.1426242345930944,0.27
1010,-1.2707184343623539,0.903813700985762,0.31
1011,-1.8314693419364836,0.9484205379404088,0.29
1012,-1.11117536920762,0.9592377455462152,0.29
1013,-0.8539266864375992,1.061894966506577,0.41
1014,-1.9338982003847023,0.7264708852242446,0.33
1015,-1.6763904468994884,0.8350215287718561,0.31
1016,-1.3837042493569855,0.8767159216553219,0.4
1017,-1.138467839665773,1.0099508377298232,0.28
1018,-1.2535879751420709,0.9450031754365377,0.38
1019,-1.3693306445611133,0.7803683384579734,0.4
1020,-1.472215475229496,0.9308640879328681,0.37
1021,-1.3719588797453082,1.074979981615776,0.32
1022,-1.0185435090008095,0.8989219967150426,0.39
1023,-1.161932809520846,0.9598907359049388,0.42
1024,-0.986418293343908,1.063189595526794,0.37
1025,-1.0916682337051484,1.0684986789793443,0.37
1026,-1.421937725219247,0.804409357998527,0.36
1027,-1.4666305255198286,0.7966124075693811,0.36
1028,-1.0349359152673658,1.141414602536063,0.35
1029,-1.5231135185390627,0.8271595768300276,0.36
1030,-1.4894136631995585,0.9516836120777422,0.38
1031,-1.5643425978233163,0.9213473547504277,0.21
1032,-1.244679158175125,1.0207947030361437,0.38
1033,-0.9074557332624318,1.0791497899592686,0.49
1034,-0.9182634926810721,0.9813164417161978,0.38
1035,-1.3918541746057114,0.9232655947247401,0.34
1036,-1.1384044679117082,1.0464867757699212,0.26
1037,-1.4863799505921538,0.8497388613739474,0.35
1038,-0.9705864367274755,1.1458246773271863,0.46
1039,-1.4691639684819422,0.9260485694554991,0.3
1040,-1.3801900625140144,0.8496532091936906,0.4
1041,-1.3171737982516916,0.8315472204271497,0.35
1042,-1.2745844401012685,0.9580946521352195,0.37
1043,-1.0608729168967015,1.0235314524811967,0.39
1044,-1.487984708657595,0.9876370875636633,0.38
1045,-1.474343624784151,0.8749239134835574,0.36
1046,-1.3304652351012571,0.9869745758750439,0.39
1047,-1.6717928276059681,0.9444287489013,0.36
1048,-1.0972527410050363,1.128177377855876,0.38
1049,-1.6401246873040307,0.8443461833457249,0.34
1050,-1.1310222808039057,0.8653399131699566,0.36
1051,-1.6473037064060414,0.9267842315343273,0.28
1052,-1.3789522811009027,1.111864173095911,0.38
1053,-1.5525633990055077,0.9064572521611362,0.33
1054,-1.5013634339677748,0.7927895567740616,0.37
1055,-1.3136729737176933,1.0027814719568657,0.3
1056,-1.3786831719463135,0.878034835070975,0.38
1057,-1.7419649563156907,0.8899798380171484,0.3
1058,-0.8040629459223472,1.0202610565324326,0.51
1059,-1.3262257437105975,0.9172390431034403,0.45
1060,-1.1155244117559748,1.046703035436834,0.33
1061,-1.099227514248777,0.9898036101256968,0.41
1062,-1.2032873108670452,1.038200144816379,0.34
1063,-1.3595169799646547,0.9524079296687866,0.28
1064,-1.6106738528223503,0.8530490956143651,0.31
1065,-1.2864957293549046,0.9862131433817325,0.37
1066,-1.4968601388579967,0.8824633482134405,0.36
1067,-1.552213601319043,1.0243877385937703,0.31
1068,-1.3180984459820089,0.8627129251312263,0.38
1069,-1.122938933863173,0.8984182126978756,0.38
1070,-1.5204080720705346,0.8862623587309864,0.36
1071,-1.5381709842168143,0.9865448463883044,0.33
1072,-1.4437064464702394,0.8641551855163285,0.42
1073,-1.2571751031224232,0.96974599207069,0.34
1074,-1.943703964275413,0.7338249941378759,0.31
1075,-1.645111000283629,0.844228163234407,0.32
1076,-1.2792828720811664,0.8371385959335885,0.37
1077,-1.5456970447442102,0.8095064227490022,0.34
1078,-1.695012239881735,0.852857806345055,0.39
1079,-0.9311201657983461,0.9909279184481228,0.37
1080,-1.2885322588276968,0.7192743954941614,0.41
1081,-1.5943912371374587,0.818340058752653,0.35
1082,-1.2354950600009993,0.8883754812649057,0.33
1083,-1.1121159675562464,1.0121406229725434,0.39
1084,-1.5129936909953399,0.8183605634986278,0.38
1085,-1.35265558699339,0.9071533333611551,0.38
1086,-1.2341541267704244,1.0433468137159834,0.32
1087,-1.1691966856043008,0.8790811319602032,0.41
1088,-1.6211900284040746,0.9025928118620924,0.37
1089,-1.6361455704406753,0.8706291069478338,0.4
1090,-1.4806882278324827,0.8474715233185683,0.34
1091,-1.3080919312656263,0.7874712188718809,0.37
1092,-0.8877256416952883,0.922792624543477,0.39
1093,-1.7243853588474618,0.6963336067222953,0.33
1094,-1.9539226017965612,0.9255423271199331,0.32
1095,-1.338027842712894,0.9060838912184523,0.35
1096,-1.398788824606118,0.9586599293372905,0.31
1097,-1.3076802314811389,1.0157060290587834,0.39
1098,-1.051862396658202,0.9203643874539948,0.45
1099,-1.692583297876868,0.8161327848010173,0.26
1100,-1.5450891249033847,0.826854420821363,0.3
1101,-1.4641714315129928,0.934315364145834,0.31
1102,-0.7337926659918962,1.1283418217429944,0.36
1103,-0.7019373372003526,1.10722540566703,0.47
1104,-1.9377495373163274,0.9526558250785141,0.38
1105,-1.1127793517149709,0.9197046701413686,0.36
1106,-1.4936723649857633,0.9917612581659868,0.39
1107,-1.2476767354890734,0.8975143554525942,0.34
1108,-1.5124317947640122,0.8005965745080077,0.32
1109,-0.9954413986373478,0.9752674361055863,0.37
1110,-1.2460548250772163,0.768117869669372,0.36
1111,-1.0196646152748732,1.1626625493637053,0.42
1112,-1.0367597042181556,0.9247047993968632,0.43
1113,-1.417840824686923,0.9434474507186882,0.36
1114,-1.7326493296917178,0.8679262381409515,0.32
1115,-1.0671542505852643,1.1167928836560226,0.36
1116,-1.8895905694467374,1.0296463269116378,0.35
1117,-1.310211216375749,0.897862947269622,0.36
1118,-0.8357163242815617,1.0871261158773695,0.44
1119,-1.3739910159422204,0.9839613293725433,0.3
1120,-1.3095651314003203,0.8692186415542065,0.32
1121,-1.5806104136427224,0.9019534468571722,0.31
1122,-0.9745608862079201,1.0260507786933857,0.35
1123,-1.3792047263168181,0.9793830298175099,0.35
1124,-1.1595070720032756,1.146128048442284,0.35
1125,-1.2960445184685472,0.7058352863051561,0.35
1126,-1.2983879078816452,0.9436712921209756,0.3
1127,-1.204109237835599,0.938967424627704,0.33
1128,-1.3353209110332278,0.8504660735313188,0.36
1129,-0.7326940242980126,1.1322622303701433,0.32
1130,-2.2132260283126852,0.751665373649526,0.28
1131,-0.8991105250980143,0.8746360463774759,0.36
1132,-1.1886199277402243,0.8833354175475023,0.36
1133,-1.9281868773666178,0.7722658259587704,0.35
1134,-1.1820816191554504,1.071552523205003,0.39
1135,-1.6148714253945906,0.7728789591460365,0.33
1136,-1.4597101199059244,0.895229514367971,0.34
1137,-0.8173744631789752,1.1709585692944968,0.45
1138,-1.3559325944137703,0.8446055653032251,0.31
1139,-1.8565494131418225,0.8859158041163058,0.35
1140,-1.5452777203601544,0.8508952601190711,0.33
1141,-1.3189993595495364,0.9224079006055625,0.38
1142,-1.1421384429079553,0.8735897388878293,0.31
1143,-1.391769156401929,0.9016598705115574,0.38
1144,-1.8803466892005911,0.620091731926412,0.32
1145,-1.4948686959423967,0.7664394389832423,0.36
1146,-1.8179684324484544,0.8617445689163813,0.35
1147,-1.6650796209877508,0.7478087869909567,0.36
1148,-0.8044084895082685,1.2589691954826425,0.46
1149,-1.5664011104629552,0.8650219755717627,0.32
1150,-1.5326582271255027,0.893301644289039,0.33
1151,-1.1857921928620414,0.9656992572134848,0.35
1152,-1.970952409272834,0.7979904549846952,0.3
1153,-0.6737053733607188,1.0614768490961881,0.39
1154,-1.4797784451549203,0.8566348984652375,0.33
1155,-1.5608827265406457,0.9154242270383621,0.34
1156,-1.8673084550975807,0.776917054915004,0.33
1157,-1.0850850695204302,0.8570544060910846,0.31
1158,-1.115455398809956,0.8470854980631942,0.39
1159,-1.3838116453038554,0.7303570577168628,0.4
1160,-1.1449030667912192,1.0650518000399338,0.43
1161,-0.9182441130146748,0.9733071404644569,0.43
1162,-1.3438763865107084,1.0993644259637103,0.38
1163,-1.048626819873428,0.9345588652813255,0.4
1164,-1.4496186364949406,0.9716230970509742,0.33
1165,-1.4703417507692031,0.9020066542384519,0.35
1166,-0.8989310552910108,0.9666818048128288,0.47
1167,-1.7967911305378181,0.7270199506617212,0.29
1168,-0.7093879115343046,1.0390369341368275,0.43
1169,-1.2896842948119336,0.9416661406466875,0.34
1170,-1.398370312547484,0.9909185909193207,0.29
1171,-0.8962710772252191,0.9942273345369637,0.39
1172,-1.2853899138123532,0.6995592250730117,0.39
1173,-1.3178562672938359,0.9428252908387765,0.49
1174,-1.2666673940998683,0.8915854131627613,0.32
1175,-1.6572515192897708,0.8734431294971075,0.37
1176,-1.6032709457630263,0.8510021083821431,0.33
1177,-1.2519883347283354,0.82842281039626,0.36
1178,-1.6354427088916779,0.9052141450453978,0.33
1179,-1.1677826619627605,0.9024137352560335,0.39
1180,-1.0853604620892838,1.0700187488614012,0.39
1181,-1.6866842136960998,0.8818884518528904,0.37
1182,-0.7967465654834954,0.8010413264482601,0.42
1183,-1.409789714972143,0.8927730497563874,0.38
1184,-1.9850952895460174,0.7827310903239589,0.27
1185,-1.307642516518585,1.0885660308451006,0.34
1186,-1.2665750142530896,0.81059399300205,0.34
1187,-1.1150181433192057,1.0760108547179466,0.4
1188,-1.2574329714862822,0.9127577227503384,0.38
1189,-1.3921238033999055,0.9913988983603172,0.31
1190,-0.4626539519383755,1.089875889146919,0.48
1191,-1.9540580800762783,0.7674923384262543,0.24
1192,-1.808844775377692,0.8140343637480637,0.32
1193,-1.2497475140717074,0.9672285839066361,0.37
1194,-0.7876272912280287,0.9870317667803923,0.47
1195,-1.4426588508925142,0.9791333245803121,0.33
1196,-1.3908732222599636,0.8521313320625917,0.37
1197,-1.1614175109834424,0.9520752769436115,0.42
1198,-0.9642602281221264,1.1343884475176607,0.41
1199,-1.0653277022498182,0.8631648264552569,0.26
1200,-1.4900666315254045,0.7548716063583979,0.42
1201,-1.2192123116750897,0.8929111504276587,0.4
1202,-1.14553926274256,0.9272057002916324,0.4
1203,-1.0659238900064347,1.1732088566277221,0.45
1204,-1.3109151618153319,0.8006777587824422,0.47
1205,-0.9714807883444607,1.0240360284304932,0.44
1206,-0.9326635867368784,0.9385875067437981,0.41
1207,-1.450549350215076,0.9155164773560507,0.35
1208,-1.5715737594975727,0.7824559841003904,0.32
1209,-0.6546275097136065,1.022660319652875,0.49
1210,-1.2150285635945572,1.0674223358413508,0.37
1211,-0.733968674144413,1.0633165248312324,0.45
1212,-1.0545377914774459,1.0659563164258095,0.32
1213,-0.9740208226262596,0.9447765051722427,0.31
1214,-0.91578107957311,1.0058414926543264,0.41
1215,-1.2918378017672043,1.1351220213009858,0.37
1216,-0.8918001966261724,1.0499507703133666,0.36
1217,-0.6811184646868957,1.0794768689846512,0.45
1218,-1.1956254115478577,0.9156036631260024,0.41
1219,-1.005690475598551,0.9818820942826654,0.37
1220,-1.5829975751077694,0.8564201418922245,0.35
1221,-1.2961628625472565,0.890763288828112,0.35
1222,-1.645651016393099,0.832955865607751,0.3
1223,-1.4976421726716311,0.8408139840511457,0.37
1224,-1.8008178875682856,0.7271947929401205,0.25
1225,-0.7553777196561237,0.9077625374605196,0.48
1226,-2.119295675765152,0.7090167759847664,0.3
1227,-1.2210982507755999,0.9599587957982011,0.4
1228,-1.3762536849304954,0.8029610227133475,0.33
1229,-1.7029149619351747,0.9044378125944941,0.28
1230,-1.2465082601472224,0.8518358855715475,0.43
1231,-1.283969370121756,1.0142857563422494,0.4
1232,-0.8451640905310159,1.03648143873554,0.4
1233,-1.4078783537021957,0.9202964715774772,0.35
1234,-0.9542923693973959,1.1912019963559546,0.41
1235,-1.9468800616589015,0.6662422787769455,0.35
1236,-0.8986185387804392,0.8797394308942341,0.44
1237,-0.9180026039531144,0.81019276526125,0.45
1238,-1.0083438079528078,1.0595024720595696,0.34
1239,-1.0364598486846488,0.9227175059466199,0.43
1240,-1.330137508694247,0.9268757614036325,0.3
1241,-1.6139486968375547,0.8519876268889781,0.38
1242,-0.9628545143949516,0.9437630947800227,0.45
1243,-1.6306396687640936,0.7430848224883226,0.34
1244,-1.0518948563385428,1.0017586907087417,0.34
1245,-1.7863355829248124,0.820344347213463,0.36
1246,-1.081234344603587,1.0034796050279389,0.44
1247,-0.7478328289827116,1.0071651767287642,0.42
1248,-1.7054391256161188,0.8544017275248221,0.38
1249,-1.2993691520068003,0.776604355456049,0.4
1250,-1.1518535472245868,0.9692564715899183,0.34
1251,-0.84941165866277,1.0800848662927927,0.39
1252,-1.4591329202315704,0.9972659720851326,0.4
1253,-1.43836916934091,0.9365201906121472,0.28
1254,-1.171859886515215,0.9222146005946357,0.35
1255,-1.329340083465084,0.8453712996474814,0.37
1256,-1.5588450038125927,0.8409818860310536,0.34
1257,-1.2966309782551926,1.042496527307359,0.35
1258,-1.490954292634557,0.7375931778202583,0.32
1259,-1.0172399400587167,1.1262172491579348,0.34
1260,-1.4484072451060508,0.8705390854057076,0.33
1261,-1.2475293296329477,1.031490886833358,0.36
1262,-0.9008082868468695,0.9387484633919125,0.41
1263,-1.075136591408449,1.0170545545729137,0.43
1264,-1.5030267847128744,0.8945958341603223,0.23
1265,-1.0434420149922656,0.9946180578291118,0.4
1266,-1.4652745401776517,0.922715296284332,0.35
1267,-1.4503302159798945,0.8176334136597455,0.31
1268,-0.9264904193093169,0.9814704693412561,0.4
1269,-0.9681525592144975,1.1411072983083157,0.39
1270,-1.398342872864851,0.874322574847054,0.44
1271,-1.3770324655451724,0.9991815545052282,0.33
1272,-0.688439714211404,1.0898901960781355,0.46
1273,-1.6313714685961147,0.924578796584584,0.34
1274,-1.0618947035767388,0.8371718114087301,0.39
1275,-1.50267622874947,0.885237370024538,0.33
1276,-1.0248590441758856,0.9574552634745084,0.4
1277,-1.4977315323239788,0.903353900093437,0.39
1278,-0.8703766762649565,0.955756062146143,0.39
1279,-1.4383523335870363,0.7619117176103001,0.43
1280,-1.6994903327149466,0.8045226570125409,0.35
1281,-0.5851465805632065,1.0479260652115983,0.42
1282,-0.8790472880644831,1.054753186356146,0.39
1283,-0.9033558586906285,0.9172433928688178,0.32
1284,-1.0996437885560104,1.017924245033723,0.42
1285,-0.7882194688422038,1.0388916650555493,0.46
1286,-0.9549878518885214,1.019154269819918,0.43
1287,-1.2659171306605201,0.8474151005326709,0.34
1288,-1.3369729620134896,0.9073040164965982,0.39
1289,-1.3572738789848822,0.9587368699733122,0.39
1290,-0.6967864448194956,1.1483892770573019,0.35
1291,-1.339612388784582,0.8337611938462764,0.39
1292,-0.889913639098133,0.8850752354150851,0.38
1293,-1.0761800620544149,0.9087762777064909,0.34
1294,-1.4052673392036414,0.8739324188609815,0.32
1295,-1.136034157757819,1.145150516604078,0.36
1296,-1.3031854737298758,0.9615918863809597,0.34
1297,-0.9600515234713926,1.1076389380217782,0.34
1298,-0.9907486832271395,0.9413596049370203,0.35
1299,-0.7819607498712312,1.1212939378872877,0.39
1300,-1.8260326892642575,0.7210107935770435,0.31
1301,-1.4404352798459965,0.7687926490071265,0.34
1302,-1.2077892822748535,0.8663417534547223,0.38
1303,-1.5397931823427056,0.8107635830623201,0.31
1304,-1.7484791543280536,0.7792048043498273,0.34
1305,-0.7900747604034057,1.0179948062447295,0.34
1306,-1.0904653866345044,0.9452025059515462,0.44
1307,-1.1722299228842195,0.8981274124283007,0.43
1308,-1.5322648637785448,0.8574109654089996,0.32
1309,-0.8460439211501609,1.0194966960085348,0.43
1310,-0.3302466989163279,1.0920672568337093,0.54
1311,-1.3218692558030012,0.9268222989280239,0.33
1312,-1.0965803755810406,0.909661440142338,0.39
1313,-1.7640767826572008,0.8196815537497342,0.3
1314,-1.1070641574585907,0.8516638806477071,0.42
1315,-1.1191860784745464,1.0319076887540466,0.38
1316,-0.866539262021154,1.031706039947107,0.43
1317,-1.5148860456869022,0.9633310572172327,0.39
1318,-1.4762154562481218,0.8233775896722538,0.39
1319,-0.9849396289666662,0.8507805014894653,0.4
1320,-1.1508221128042027,0.9023878240479128,0.38
1321,-1.6000568998304312,0.8982242952369455,0.36
1322,-1.2914711430746122,0.8211338458060946,0.38
1323,-1.0708821533039186,1.0303609822817876,0.39
1324,-1.3821849073041768,0.9304626491091545,0.38
1325,-1.021663409388443,0.8763106852347561,0.42
1326,-1.239190755684907,0.8899900733028804,0.36
1327,-1.3866935996741478,0.9177055746967624,0.3
1328,-1.1682175264717487,0.9057047390794871,0.41
1329,-1.1861150950410633,0.9905670559807098,0.37
1330,-1.2660396663790516,1.083090843049428,0.31
1331,-1.4628448613130502,0.7877093702844475,0.38
1332,-1.2598286082824122,1.1324106468276973,0.37
1333,-1.0778855399003273,0.9473773884496284,0.35
1334,-0.8989204033445738,0.9001139038872773,0.44
1335,-0.9727184428030149,1.109096427707199,0.41
1336,-1.2608615112653307,0.8142295987360829,0.39
1337,-0.3385467689065743,1.1605317605545296,0.4
1338,-0.9557972322986654,0.7860856290078752,0.4
1339,-1.6735708531087894,0.7459568129404593,0.37
1340,-1.3625159719808784,0.8809820731622673,0.36
1341,-0.8610347237651471,0.9283472931483624,0.38
1342,-0.8108984681266892,1.0901368322412583,0.39
1343,-1.4814925270502,0.9133478549593859,0.38
1344,-0.9608155769926633,1.0754265711897473,0.37
1345,-1.017763517856752,0.8244091587121599,0.44
1346,-1.2735348046621144,0.9273203505592523,0.44
1347,-1.7273358580897287,0.8582180601755698,0.34
1348,-1.5590375531921707,0.7568450759591666,0.34
1349,-0.7130145870875875,1.0229817102842322,0.41
1350,-1.0403452373505875,0.9846959085097121,0.39
1351,-1.2046824152687536,1.0455392050539967,0.4
1352,-0.9924618145109474,0.9891591886026757,0.38
1353,-0.4720889160952694,1.063150503869948,0.39
1354,-0.7601599320008161,1.0286949307429447,0.46
1355,-1.2354723633837714,0.9272667833033822,0.35
1356,-1.159438017757482,0.8122138605862865,0.44
1357,-1.0487254676367939,1.0125099448546706,0.4
1358,-1.1364591677430347,0.9742904937495961,0.43
1359,-1.1556585546217415,0.7845867555000937,0.34
1360,-1.6412955684891686,0.8529127683564219,0.36
1361,-0.8710448067811843,1.030081907839947,0.37
1362,-1.3935814121707026,0.8032779503254036,0.32
1363,-1.4913978348260664,0.7735035566601176,0.37
1364,-1.2140002818258089,1.0229122330819955,0.41
1365,-1.4573586791752018,0.8983248581236241,0.3
1366,-0.6624658870030955,1.1201543800551557,0.46
1367,-1.0307862004040311,1.0078630701180322,0.46
1368,-1.2778099761304818,1.070102896279807,0.3
1369,-1.6789250952336119,0.9325909490299804,0.39
1370,-0.8934487535238648,0.9662721509873242,0.38
1371,-1.0040519475052643,1.0090797832478433,0.39
1372,-1.1004286893334752,0.8857438871785345,0.37
1373,-1.2465338118269527,0.9942664737456124,0.38
1374,-0.9715119559927868,1.0094463929754105,0.43
1375,-0.5704051246550343,1.1158231578996782,0.34
1376,-1.3598497763032689,0.896988447237788,0.39
1377,-1.7297945476761445,0.699054643854471,0.35
1378,-1.3339554884325464,0.7932446224007671,0.35
1379,-1.5687317051672702,0.8764112277098284,0.35
1380,-1.7478149980251558,0.9133391730824123,0.36
1381,-0.9827248697391038,0.9646925868643872,0.36
1382,-0.9493547141249258,0.9698567521037235,0.38
1383,-1.540818245163319,0.9103909520455447,0.38
1384,-1.2533027892905428,0.9573140537885675,0.37
1385,-1.278672898886692,1.0281343965592808,0.35
1386,-0.8592667926393137,1.0753197104394834,0.39
1387,-0.9085446172167339,0.9408562507077312,0.38
1388,-1.1530230553203744,0.8321086753216383,0.36
1389,-0.7019994006392686,0.999631040140284,0.44
1390,-1.0783257848444328,0.8032928123214981,0.41
1391,-1.4407114927875744,0.7860810995851379,0.39
1392,-0.702226227069346,1.0528555179482926,0.48
1393,-1.0388607977806286,0.9752631771631805,0.38
1394,-1.299229650421708,0.8730556480325634,0.33
1395,-1.2191372282358792,0.9912618530831466,0.41
1396,-1.1034587924959651,0.9019806175908778,0.4
1397,-0.9576676084900589,1.0418880847420138,0.53
1398,-1.4987626546692667,0.8321046991687236,0.42
1399,-0.7805012387818223,1.030873373990426,0.4
1400,-1.2745449231829253,0.8874440322976787,0.37
1401,-1.3991081362193922,0.7263652831942669,0.41
1402,-1.4939677167507888,0.7973131523932793,0.39
1403,-1.3793968141901078,0.8425446319070938,0.36
1404,-1.006536130160892,0.9147049577548916,0.46
1405,-1.0292845807811974,0.9662236810941057,0.4
1406,-1.3184219710022764,0.9012433226179201,0.31
1407,-1.40112735702284,0.8878627207347825,0.37
1408,-1.2177926489531956,0.9976748938738438,0.33
1409,-0.9727565483582811,0.914616085236405,0.38
1410,-1.3925550014079777,0.8294851679847897,0.41
1411,-1.3144377752741467,0.8713425822103587,0.32
1412,-0.9260580623803212,0.9086896751358264,0.34
1413,-1.4493772057713579,1.0262843047660746,0.35
1414,-0.7867173163000394,0.9401185162138705,0.43
1415,-1.282265572111345,0.873406501971592,0.45
1416,-1.8091977980811882,0.8477980903629461,0.32
1417,-1.8728796530422722,0.7711384365904729,0.27
1418,-0.5362794151374766,1.051851935306709,0.53
1419,-0.8665314713268941,0.992409551015833,0.46
1420,-0.8965887634882134,0.8695747468493151,0.4
1421,-0.9634474417084573,0.9298858303275659,0.45
1422,-1.221717015996643,0.9173969409133919,0.44
1423,-1.3561015487760906,0.8415700750656042,0.44
1424,-1.3505571203273703,0.8714303157946371,0.41
1425,-0.9280936260306241,0.8883307623715825,0.38
1426,-1.0188098635805194,0.9824380987964034,0.39
1427,-1.537252072530825,0.8002987307723547,0.37
1428,-0.9710026739892704,0.8907861543508585,0.45
1429,-1.003919069098555,1.0097628598829655,0.39
1430,-0.7973743493848705,0.9829705019256201,0.4
1431,-1.058250870123185,0.9040396687980784,0.37
1432,-1.0474035224334681,0.8562823887915816,0.44
1433,-1.282423119563125,1.055425598533769,0.35
1434,-1.0197613936729901,0.9995427219603227,0.47
1435,-0.7325026759724708,0.9005976381107785,0.45
1436,-1.0041288595961395,0.8808478869621329,0.49
1437,-1.2988776944381368,1.0424843406188977,0.36
1438,-1.4647578528744956,0.8512568062720157,0.43
1439,-0.7883015334556265,0.9708941436548089,0.42
1440,-0.8464581475942907,0.9226350700945877,0.38
1441,-0.508998076896048,1.1208913676099832,0.47
1442,-0.37525850986913445,0.9762833358936289,0.49
1443,-0.8501571319883844,0.9984229032036304,0.42
1444,-1.2279013051569292,0.8874492357390636,0.4
1445,-1.6654071633205114,0.6756449089788675,0.34
1446,-1.743281228678814,0.6729101284538741,0.28
1447,-1.2099738446597073,0.8657764967617623,0.31
1448,-1.1748889409177037,0.8100093550737533,0.39
1449,-0.6236258134436026,1.0729435550098163,0.5
1450,-1.2126216882443932,0.869441872380246,0.4
1451,-0.9020473162420976,1.062155952660698,0.37
1452,-1.1304816816854584,0.8171800454942256,0.46
1453,-1.3579249543477188,0.8947268630111819,0.29
1454,-0.9229550947801297,0.9939134379709558,0.45
1455,-0.87732791485299,1.0372721574430188,0.43
1456,-0.5185218077500053,0.8606511648612822,0.4
1457,-1.1834090983006826,0.8202036505143852,0.43
1458,-0.590324061083449,1.0901905651056811,0.46
1459,-1.2298965855315762,1.0735792818103043,0.38
1460,-0.7815012999392174,1.1143181511130207,0.45
1461,-1.181955528627745,1.016219704870005,0.38
1462,-0.411607701077077,0.9983571398430814,0.5
1463,-1.0577813764634043,0.814334225903378,0.42
1464,-0.8653167593162483,1.0656174706633836,0.47
1465,-0.724085225155316,1.0894033441112247,0.39
1466,-1.4699826816902055,0.8100503123793069,0.31
1467,-0.9972523180291644,1.2759002570373537,0.38
1468,-1.2253211758346403,0.8800264716147821,0.38
1469,-1.2866187519377739,0.8790113089724154,0.36
1470,-1.3457220108320491,0.8669257436278479,0.31
1471,-1.64152574327373,0.8002341712937627,0.29
1472,-1.221566612119772,0.8775564251261359,0.35
1473,-0.8443653393916406,0.9310244751172577,0.39
1474,-1.6207505979049133,0.8036468704696592,0.3
1475,-1.081190678871237,1.0385924005795557,0.41
1476,-0.9831378849169299,1.069763318214882,0.41
1477,-1.4530911736343024,0.9518009886634892,0.34
1478,-1.145164069690921,0.8091113721391353,0.33
1479,-1.0577256044530026,0.9983893904724664,0.36
1480,-1.134117063463913,0.9073194659690706,0.39
1481,-1.138371432873955,0.9734028298246978,0.32
1482,-0.9360913222859801,1.0784026220396388,0.41
1483,-1.051429983055155,0.8554918865290837,0.36
1484,-0.9058090372171419,1.0303341542054125,0.38
1485,-0.7952441027508722,0.922442800280281,0.44
1486,-0.8096736000209631,0.9423958445237445,0.39
1487,-1.277778363490734,0.9995815836345179,0.32
1488,-1.236136767030048,0.7876080018051992,0.31
1489,-0.7294520417193509,1.010211537138035,0.38
1490,-1.5946713921025832,0.7224078905802328,0.39
1491,-0.7774933403842299,1.0616497203840185,0.4
1492,-1.0840887177984238,0.9112899888135908,0.37
1493,-0.9305347490456103,0.749467958763084,0.45
1494,-0.8170839831954981,1.1374017118578854,0.4
1495,-0.792198088672725,1.1378291047260842,0.51
1496,-0.9441350182935311,0.988498679935747,0.4
1497,-0.9174660666695168,1.0432075762435553,0.39
1498,-1.0907354700020704,0.974551948037279,0.4
1499,-1.3750471718806454,0.9160912481954946,0.36
1500,-0.878681774616146,0.8967277626515233,0.42
1501,-1.3463465423624392,0.775190738615947,0.3
1502,-1.143370709174735,0.853274501840993,0.33
1503,-1.5259081975224005,0.8686507117200493,0.32
1504,-1.4984942058238087,0.9064821991358949,0.37
1505,-0.9021179224315865,1.0314192856183013,0.41
1506,-1.1307258508346743,1.0469997200324395,0.42
1507,-0.762164457671324,0.9368956181729625,0.41
1508,-1.438425722587369,0.8142444936530515,0.33
1509,-0.8325351687380834,0.9338485791139572,0.43
1510,-0.5792049982231202,1.0956680487645862,0.46
1511,-1.1308789738207625,0.9212398491185411,0.37
1512,-0.9996263713775063,0.9367170023717528,0.41
1513,-0.5794587986424478,1.0862753176059063,0.44
1514,-0.6493851854169312,1.1567451869858432,0.35
1515,-1.2434617601248683,0.852987466481191,0.36
1516,-0.9972871154720478,0.9746700999477288,0.33
1517,-1.4753799830960503,0.9481099641538542,0.34
1518,-0.822450501839989,1.0143437463725145,0.48
1519,-1.0764520591747144,0.9736596368481668,0.43
1520,-1.618293663274242,0.7830818043464498,0.31
1521,-0.896213601800065,0.9356850304337812,0.5
1522,-1.096840639854948,0.9973128046039974,0.34
1523,-1.1925115991774269,0.894796730152552,0.32
1524,-0.6186648048556854,0.9202485161017965,0.46
1525,-1.1818613381034668,0.986886241427355,0.35
1526,-1.2741581552466459,0.9561391689818912,0.36
1527,-1.2116480473606268,0.9057701839250476,0.4
1528,-0.9425834003488711,0.8712371322164856,0.38
1529,-1.0549297085654563,0.8179251825668318,0.44
1530,-0.7913261915989328,1.1121402797005435,0.39
1531,-0.6253320572783653,1.055359116604538,0.43
1532,-1.0197682236586858,0.9917994340598573,0.39
1533,-1.233436880590106,0.8524416589106525,0.32
1534,-0.7477107314242473,1.0180679269368154,0.46
1535,-1.3393040783729615,0.7496895527644398,0.42
1536,-0.8887169738944811,0.982993616383554,0.4
1537,-1.0028176608840438,1.0578686454423891,0.42
1538,-1.066861759465945,0.9917599948405826,0.36
1539,-1.2061205989796147,1.0026758085804661,0.36
1540,-0.6045379656371522,0.9134481262544374,0.48
1541,-1.2620338933618758,0.8708185038319621,0.39
1542,-1.0147429206959324,1.04799213440132,0.33
1543,-1.134848898104186,0.9993472950053139,0.4
1544,-0.7087606552402644,0.9670977072967724,0.39
1545,-1.105030831974864,0.9161474494323316,0.36
1546,-0.7145307868850742,1.0977635067547842,0.43
1547,-0.5083235634266989,1.0859028891056965,0.43
1548,-0.9921954545410289,0.9517774682952084,0.34
1549,-1.261322976343935,0.8864470514394904,0.32
1550,-1.4849040771802657,0.7091780016458021,0.32
1551,-0.6506257775174867,1.2293471370465385,0.41
1552,-1.3026486909263633,0.8520448181018498,0.38
1553,-0.879159966357155,1.0173074517727743,0.39
1554,-0.8286490560238085,1.0570716652949061,0.42
1555,-1.3107071450316028,0.9505792794901704,0.37
1556,-1.4054391398840107,0.9274433552642419,0.4
1557,-1.0238822245252097,0.8880945592675404,0.44
1558,-0.6884061543478239,0.9146946846255962,0.46
1559,-0.9957290742367187,0.9669276433714953,0.38
1560,-1.6216231857490098,0.9360028402632097,0.42
1561,-0.7698747249225181,1.068293875903676,0.4
1562,-0.9351084883171675,0.9659920014751608,0.46
1563,-0.7656306475198603,0.962977599162697,0.39
1564,-1.0969801152819663,0.9535627451202088,0.38
1565,-1.0061377775818223,0.9846848901153616,0.41
1566,-1.023245148209076,0.778073558624046,0.4
1567,-0.8515372800161252,0.9404227271628751,0.37
1568,-1.0930032073783666,0.9446461142179069,0.36
1569,-1.4267534725018678,1.043001502963978,0.35
1570,-0.9575303488181519,1.0801746343926621,0.42
1571,-1.0356377041387363,1.0039240374960996,0.38
1572,-0.8332101341147299,0.9123341497709135,0.39
1573,-0.7632543713688571,1.136237207664328,0.42
1574,-0.5254350163511873,1.0126534641138625,0.43
1575,-0.28418892010523394,1.0255382613574673,0.47
1576,-1.0538287083481142,0.9373520515383273,0.42
1577,-0.9906511708365897,0.9183685760343653,0.39
1578,-1.3372224127632435,0.8527208052658124,0.42
1579,-1.2483068361360607,0.9297817797523001,0.41
1580,-0.84408060853997,0.9859423911405811,0.52
1581,-0.5265514929455875,1.0900313203267944,0.41
1582,-0.796449218623464,1.0144013986797737,0.43
1583,-0.7332776256299609,0.9249574533516458,0.4
1584,-0.49974825392683747,1.1265277650876175,0.38
1585,-1.2508527029917886,0.7957346029508738,0.4
1586,-0.7791940901364248,0.9302568455531589,0.42
1587,-0.6096541669571149,1.0083648874786915,0.4
1588,-1.238137965557111,0.9652578122901057,0.35
1589,-1.01331957707071,0.8737670083245187,0.42
1590,-1.162165839743502,0.8799612664728386,0.36
1591,-1.4238274074735522,0.8622794119648107,0.34
1592,-1.1110667006988786,0.8242115896721122,0.38
1593,-1.1881642480928019,0.7686742505615939,0.34
1594,-0.7635783553680757,0.9929473945404652,0.44
1595,-1.2281038910100341,0.9325465736810152,0.24
1596,-0.7183383012073054,1.0461631091690808,0.4
1597,-1.219460443972154,0.8561454377229387,0.4
1598,-0.9832642934893647,0.8460598960511126,0.41
1599,-1.015047126546162,0.810340862400394,0.4
1600,-0.9492333521381336,0.9882568062100807,0.46
1601,-0.7429415578868545,1.0674760198898254,0.46
1602,-0.9760658746416526,0.9303958675248585,0.44
1603,-1.121853823261054,0.7793488546231765,0.43
1604,-0.7656559914060139,1.0815998711566823,0.38
1605,-0.9439016210925182,1.0551319095440796,0.45
1606,-0.9742779723186594,0.8869952077285204,0.38
1607,-0.9897836901167841,0.9808435367392857,0.36
1608,-0.7566668305691033,1.030346626879892,0.48
1609,-0.9701834398135908,0.9031545719244974,0.4
1610,-1.0001458553955784,0.9840289397232508,0.41
1611,-0.9454275847343726,1.0797917343663044,0.34
1612,-0.48113780401509965,1.028791667696002,0.49
1613,-1.1727133410884447,0.949455616755865,0.38
1614,-1.4472705793563523,0.8333481176187246,0.38
1615,-1.4342316933764627,0.832277971713711,0.43
1616,-0.9137186847961217,1.0182991422068808,0.38
1617,-1.298046451548371,0.9375115945181333,0.44
1618,-0.9722661051169841,0.9041626607363292,0.41
1619,-0.9896664254969647,0.8931341085611615,0.38
1620,-1.1760605611207224,0.9078756162540985,0.35
1621,-0.8596419691185023,0.9708294539517632,0.35
1622,-0.879137515964402,1.2051718992280558,0.42
1623,-0.44459289878667446,1.1099401106558768,0.43
1624,-1.036623797941339,0.9167767658934817,0.36
1625,-0.7651060834259961,0.8808652756773158,0.49
1626,-0.90988674698189,0.9916857635537074,0.36
1627,-0.8842897800618502,1.0032239375789813,0.45
1628,-1.0050247688341125,0.9251929662276284,0.41
1629,-1.2208397642101838,0.824266136961238,0.42
1630,-1.0480351190186266,0.9284090120055025,0.39
1631,-1.3353106354986979,0.8762115350083903,0.44
1632,-0.765777791762574,0.9985769987518088,0.42
1633,-0.6957960336098887,1.0066291462455705,0.5
1634,-1.5635048656628074,0.8856018182686792,0.41
1635,-0.9015152108648062,0.8613243018784895,0.46
1636,-0.8224620626018444,0.9122287257527628,0.42
1637,-1.108649908319497,0.8657432285137274,0.42
1638,-0.8181402954513249,0.9431535484966108,0.39
1639,-0.836237800225755,1.0547907101652332,0.4
1640,-1.1140919966492595,0.8441033095189858,0.36
1641,-1.024698999058991,0.9475657343799176,0.42
1642,-1.068779920315474,1.0322786222339124,0.45
1643,-0.7778947785138405,1.0965040899282434,0.45
1644,-0.881346012529502,0.9163524110188932,0.36
1645,-1.0506986205282915,1.006676481510354,0.35
1646,-0.4550362607977431,1.2823381810595293,0.45
1647,-1.2150156121518128,0.846314361002153,0.41
1648,-0.8351586230545535,1.1782227140911852,0.41
1649,-0.8826231657696553,0.9137107051273542,0.44
1650,-1.0364385738451316,0.8794844031827169,0.43
1651,-0.8230048025184423,1.0651138761647594,0.38
1652,-0.669674153327953,1.0362610456937058,0.45
1653,-1.0444231570086868,0.8611650322164318,0.5
1654,-1.4628640316040353,0.8138524955223878,0.45
1655,-0.292406477573023,1.1511528933667718,0.43
1656,-0.7857890164344485,0.9781867900941567,0.4
1657,-0.6242107193566662,1.0674788559922452,0.46
1658,-0.9947083550792961,1.1225684819352109,0.43
1659,-0.7541520774466599,1.005028216616018,0.44
1660,-0.6876817996303246,1.0123991873719114,0.35
1661,-1.0820850370809358,0.9297407518927469,0.42
1662,-1.0262451486149315,0.8918416651391327,0.4
1663,-0.9905334230824372,0.8489872670225396,0.41
1664,-0.8068286042579179,1.0633712213292295,0.47
1665,-0.4255801474679996,1.1016898408573015,0.47
1666,-0.5855717935264504,1.072265688553025,0.47
1667,-0.81221538431295,0.8788179860278066,0.42
1668,-1.0369002605989421,0.7351873101518734,0.35
1669,-1.1604084118201516,0.9654254756822687,0.41
1670,-1.023859072528562,0.801963710207729,0.39
1671,-1.038620242937504,0.9269571713157028,0.45
1672,-0.9125338247769806,0.8708257901812704,0.4
1673,-0.907605264458176,0.9851896154264926,0.35
1674,-0.6116603074483359,1.0506715662913086,0.45
1675,-0.8971503702270017,0.8057221259683334,0.43
1676,-0.709071240356041,1.0649111936910194,0.39
1677,-1.1054365349276616,0.8298845073758977,0.38
1678,-0.8744001409841027,1.0512797464226575,0.44
1679,-1.2707093549385635,0.8005250680168089,0.32
1680,-0.8456005405298248,0.9396634242609077,0.46
1681,-1.1329414789404384,0.8640000255682061,0.42
1682,-1.0382363432042743,0.9427891774846573,0.41
1683,-1.2086428839116963,0.9149364288081108,0.36
1684,-1.2190663829948125,0.9091124963680902,0.35
1685,-0.8737296041232406,0.8827596439036121,0.38
1686,-1.082531416167719,0.9672435677411826,0.34
1687,-1.2670280965593848,0.9298557488363803,0.39
1688,-0.9172622312588617,0.8471537989978415,0.5
1689,-0.7991786685639073,0.9942702493805301,0.37
1690,-0.9346894142370834,1.0242478179253893,0.33
1691,-1.2029890792247482,0.8041143691871078,0.36
1692,-0.7997815055777397,1.096115238014345,0.48
1693,-0.7763358889358873,0.9160468575790611,0.46
1694,-1.09958398630988,0.8982270730538672,0.35
1695,-0.6949148110415126,1.048318990201789,0.43
1696,-0.974903131690464,1.0310916894287891,0.39
1697,-0.8458454086574687,1.0945238867860585,0.47
1698,-1.2608376572621842,0.8773548537430764,0.37
1699,-0.7735769449668903,0.9577051013964076,0.38
1700,-0.7811736228485705,0.9759245004411724,0.36
1701,-1.1968266935808622,0.962009552553498,0.4
1702,-1.6016897922193252,0.8412062240590071,0.35
1703,-0.8266403601890379,1.1288481755561908,0.41
1704,-0.7214417830402572,1.0486616052051594,0.43
1705,-0.7957441711602097,1.031879372459881,0.48
1706,-1.8120733787411138,0.7725400288195725,0.28
1707,-1.3062413097575354,0.8856823691090857,0.33
1708,-0.5369922299189868,1.024998236633196,0.49
1709,-0.9245099112983144,0.9242600247396824,0.36
1710,-1.0265346667334845,0.8662658981964968,0.45
1711,-0.7084471333158764,1.0475654832836914,0.44
1712,-0.7892830690158257,1.0537948038282634,0.48
1713,-1.400712099595924,0.8793045789327109,0.33
1714,-0.833398312004454,1.0645821840957548,0.39
1715,-0.8829718401999643,0.8837035546902586,0.47
1716,-1.1853593133537002,0.8532983239478413,0.32
1717,-1.1683247867963273,0.922402079164503,0.43
1718,-1.3538438049098642,0.7804418322260173,0.37
1719,-0.8139088378410423,1.0219868458218841,0.46
1720,-1.0767527524906928,0.783251105033837,0.49
1721,-1.1313325386716189,0.9246563707256438,0.35
1722,-0.7996946318554037,1.027092560819015,0.46
1723,-1.076166437883886,0.8799916992842696,0.39
1724,-0.7553196138328473,0.9224510369777594,0.4
1725,-1.1778089396802391,0.914467726484911,0.39
1726,-0.8064304330235847,0.9711142149878124,0.42
1727,-1.0255016960872025,1.053638135011754,0.4
1728,-0.36726960434118544,1.1263178202388249,0.55
1729,-1.3271632951749603,0.7537202753788015,0.44
1730,-1.2710908402559047,0.9398700350349464,0.43
1731,-1.0374907534755209,0.9396828389854338,0.37
1732,-0.38695128270596724,1.0980757036306785,0.56
1733,-0.6975943644426238,0.96533503781732,0.46
1734,-0.8776540980372358,0.927415281752,0.48
1735,-0.8776119916287086,1.0035336898521134,0.46
1736,-0.27241254709254603,1.191158510881947,0.45
1737,-1.1496307679564377,0.9180367805180605,0.4
1738,-1.15729478427446,0.7575058255700553,0.5
1739,-1.3518917784426128,0.8085948747761144,0.4
1740,-0.2550803705034539,1.1687606768417371,0.51
1741,-1.282415872253698,0.8566674821566292,0.43
1742,-0.648860205966775,1.0543473978029874,0.41
1743,-0.6658060013667668,0.998174221873441,0.45
1744,-1.1608626804011946,0.8210376143991012,0.35
1745,-1.0030352629931631,0.9119898926835869,0.4
1746,-1.1337181552236524,0.7465995389321093,0.47
1747,-0.9758457668812008,0.8861212291787087,0.37
1748,-0.29171439382501724,1.0632208822104767,0.46
1749,-0.9507491440228825,0.9541266902355693,0.43
1750,-0.3810049333378872,1.3572240857967153,0.42
1751,-1.0669579694448346,0.9130383076190944,0.43
1752,-1.676290658934097,0.6519210673271181,0.44
1753,-0.41546384286743,1.1641092993640225,0.5
1754,-0.6433941233307578,1.0652393048013802,0.48
1755,-1.1475870501004595,0.9373688198304104,0.41
1756,-0.7798409001290668,0.927764095061027,0.53
1757,-0.8524272779209018,1.0879592012279953,0.45
1758,-0.3323129340367837,1.2639186609630908,0.51
1759,-1.1156471134198165,0.8282713498365472,0.43
1760,-0.7444770863607119,0.9701364159018715,0.47
1761,-0.8093440752494585,0.9828825133482454,0.43
1762,-0.979251622193233,0.8130668711608651,0.45
1763,-0.7707552413340794,0.9109337553001121,0.46
1764,-0.607488923854802,0.9420950941484907,0.46
1765,-1.0838100491886928,0.9653443920658872,0.41
1766,-0.8354556808447531,0.9950770545240698,0.45
1767,-0.7018811025882781,0.9850307832898458,0.45
1768,-0.6917740076156234,0.9851067793421621,0.5
1769,-0.693415727084116,1.0113632332635338,0.41
1770,-1.0542088440415147,0.9384730982466722,0.42
1771,-0.8144511743449704,0.9413438381027572,0.42
1772,-0.762762561085748,1.0845999014721377,0.44
1773,-1.0459963913335277,0.8381591991961743,0.45
1774,-0.6078721706962482,1.1139397619496656,0.38
1775,-1.072424563903266,1.0309744063641098,0.42
1776,-0.6224970796700977,1.1950520575658827,0.44
1777,-0.5477233392842643,0.998370195107191,0.43
1778,-1.012599017327388,0.9135573607268899,0.38
1779,-0.384814025912415,1.1804479764177567,0.46
1780,-0.49238986168311877,1.139853703739835,0.48
1781,-0.8372127737494148,1.0692663804880618,0.43
1782,-0.4091911313601143,1.235141580675562,0.5
1783,-0.944997613917616,0.9439993317025255,0.47
1784,-1.521258753846233,0.7612421649542701,0.38
1785,-0.9253737823388408,0.9166728990478619,0.43
1786,-0.5154553451020873,1.119358446356353,0.44
1787,-0.814999522659964,0.9099937739270832,0.41
1788,-0.9297729210493716,0.9337220441186961,0.42
1789,-0.7184046767961094,0.9658189049604529,0.43
1790,-0.9250522957444057,0.9911561485755195,0.5
1791,-0.5637625316733086,1.0497631183356781,0.44
1792,-0.7390670907034482,0.8904457335615287,0.44
1793,-0.6922687196493227,1.0554907552424928,0.45
1794,-0.7769453726205597,0.9999782156785664,0.45
1795,-0.538631931563848,0.9718188321452291,0.46
1796,-0.7915938142398812,0.7953157232668433,0.5
1797,-0.5552514208921806,1.0529121184992452,0.46
1798,-0.32593812917562304,1.1788367232904862,0.48
1799,-0.47267906671743115,0.9798706184214383,0.51
1800,-0.6753339488880168,1.089668889080967,0.47
1801,-0.6979755933760704,1.0155361742245455,0.4
1802,-0.5101583373044462,0.9400997085502795,0.45
1803,-0.5650534130837678,1.072566440176705,0.51
1804,-0.9899344935992102,0.9810717762276033,0.34
1805,-0.6674233017939797,0.9301494344280253,0.45
1806,-0.8483045960748186,0.9248356139365184,0.4
1807,-0.9232277209761938,0.8568821719791911,0.47
1808,-0.8842203369428434,0.9801043321551424,0.41
1809,-0.9301899594632935,0.8422381036719462,0.39
1810,-0.49775802866138447,1.1392448107231703,0.48
1811,-0.785376683673546,0.9701181001427159,0.44
1812,-0.8157375056134035,0.9886799771747325,0.47
1813,-0.7084825221840647,1.1457375717992597,0.4
1814,-1.091901667188122,0.8470313932955019,0.33
1815,-0.9311890620740471,0.9046592212062717,0.41
1816,-0.9803125453736324,0.7991376651081533,0.43
1817,-0.9755581451680869,1.0177515217457591,0.42
1818,-0.7823775041169226,1.0407112984206994,0.33
1819,-0.6090408176237189,1.0348107233384767,0.46
1820,-0.9170130147171873,1.0181452477727346,0.45
1821,-1.0510347167076453,0.9962661724722657,0.36
1822,-0.6646758926789254,0.996757707377256,0.48
1823,-0.33043672449054334,1.1965652913058895,0.42
1824,-0.7327811492416135,1.0400041670810372,0.42
1825,-0.888766584737865,0.8316831344070876,0.43
1826,-0.8939268257800399,0.9950754025714456,0.39
1827,-0.7317325706115129,0.9291984871042015,0.45
1828,-0.40839987428787217,1.0456596556077355,0.53
1829,-0.6984964355808853,0.9711903355372626,0.46
1830,-1.1661636970782927,0.7689056426491903,0.45
1831,-0.33983420168979583,1.1583919151938482,0.47
1832,-1.2913193579626465,0.9023792507390405,0.45
1833,-1.0583983365938718,0.9670485025141445,0.39
1834,-1.0103953549302094,0.8708811984618369,0.48
1835,-0.5920075639359973,1.0303713092789826,0.51
1836,-0.4963768210392498,1.0633008575490914,0.52
1837,-1.0214178853930473,1.007461825627766,0.42
1838,-0.9485819183485894,0.9227910408429518,0.51
1839,-0.8775642750945006,0.8697565118871986,0.46
1840,-1.2166803283222984,0.9365276134439054,0.43
1841,-0.4604637948061163,1.0475374642192485,0.51
1842,-1.0585256703629389,1.0177262449372189,0.32
1843,-0.7553824218688102,1.0540901489389727,0.41
1844,-0.8287227618242534,0.9664806016686472,0.46
1845,-0.4815808832071617,1.1817172658297905,0.47
1846,-0.6190272470720644,0.8366848012567003,0.48
1847,-0.5884968494222487,0.895627296742451,0.54
1848,-0.7570541054065066,1.0194884143152185,0.39
1849,-0.8633672884918043,0.9754668655899212,0.45
1850,-1.053481503714036,0.9571972477704643,0.41
1851,-1.1642990847168881,0.882596018663993,0.43
1852,-0.7584577273207054,0.9890218266092263,0.48
1853,-0.26339583457249666,1.1434742893704561,0.55
1854,-0.7639668767710919,0.9678004228888354,0.5
1855,-0.8370165780959468,0.9414813883377185,0.46
1856,-0.652784976343389,0.9918786457782457,0.42
1857,-1.191551790558237,0.9442303077306528,0.41
1858,-1.0804466629547103,0.7618269674793708,0.36
1859,-0.8002801382426895,0.9424685558382805,0.41
1860,-1.395507924476498,0.8995077964343452,0.36
1861,-1.0075452610125206,0.9239753776691545,0.42
1862,-0.9341470914747825,0.9278684292472947,0.46
1863,-0.8181401398725241,0.985553997943626,0.46
1864,-1.0292493627913544,0.8990873599485525,0.42
1865,-0.40589291229283553,0.9509869891635658,0.47
1866,-0.621688341387125,0.9368031219854828,0.39
1867,-0.47129608075315443,1.1333146806092296,0.44
1868,-0.7757389619489805,0.7838267791191188,0.52
1869,-1.3206080402217353,0.9013297104272101,0.43
1870,-1.1340879074656889,0.8525529812747209,0.43
1871,-0.2735908731706238,1.1715226665817564,0.49
1872,-0.7208233878296744,0.9627693318986793,0.38
1873,-0.6593964170167906,1.0367642602602138,0.4
1874,-0.613124459510573,1.058128378480678,0.49
1875,-0.4639723969383095,0.9805135216051685,0.49
1876,-1.0211357081591077,0.8363328079211014,0.35
1877,-1.0304553240163226,0.9387396320545592,0.39
1878,-0.8542332158276891,0.9908692923326453,0.48
1879,-0.7298521278445557,0.9417520452824049,0.48
1880,-0.4783654544807822,1.0484165322851968,0.48
1881,-1.0506403210623214,0.8508462715396986,0.39
1882,-0.38883455175291604,1.0627024958174178,0.49
1883,-0.36428718721217934,1.091521182764127,0.54
1884,-0.6890990212783147,0.9551649528503724,0.48
1885,-0.9888543184882372,0.8673077018285443,0.44
1886,-0.591317203484288,0.9585303272455994,0.48
1887,-0.9168637627807587,0.9446692732676673,0.46
1888,-0.6065505887676962,0.9301362315459873,0.42
1889,-1.21806180536292,0.8671882320840638,0.41
1890,-0.9679075102516222,0.8455679527292891,0.46
1891,-0.7613091741878932,0.9462821016944274,0.42
1892,-0.717334939408141,1.02344586943485,0.49
1893,-0.6757344348593111,0.9911229333478329,0.5
1894,-0.7666683140515376,1.0632722457546455,0.43
1895,-0.5563369538405908,1.0032214544512732,0.49
1896,-0.8866693794996052,0.7683483797697152,0.4
1897,-0.8808124486898883,0.8834088935589968,0.35
1898,-0.28062480503514176,1.1136127631877297,0.47
1899,-0.8628058611217814,1.060128135802453,0.37
1900,-0.6745081245049824,1.032471124384323,0.45
1901,-1.0315776991915349,0.9938494736300096,0.37
1902,-0.8298285158624513,0.8625726521685938,0.43
1903,-1.0665231048376569,1.0295972015174606,0.36
1904,-0.6318076884635638,1.049549185378539,0.44
1905,-0.5809475618714196,0.9908731148819876,0.47
1906,-0.5207581096888991,1.1246570325169365,0.52
1907,-0.6352617159450474,0.8701146493485961,0.52
1908,-0.16698733352488687,1.1367512583672639,0.55
1909,-0.46633903699003115,1.1110105955137815,0.51
1910,-0.9451659629947681,0.8769000792569315,0.41
1911,-0.6390168278614267,1.0111552155739145,0.47
1912,-0.8791357496996598,0.8057321641210241,0.43
1913,-0.7660553476431714,0.9458164358112959,0.43
1914,-0.8492048995851704,0.9676365430966867,0.47
1915,-1.4796026069961785,0.9633695949204996,0.36
1916,-0.5671735843807302,0.9359075925253509,0.5
1917,-0.28981043981542814,1.0453616719884513,0.51
1918,-0.8802972301066307,0.8547545084553785,0.46
1919,-1.3513970166677243,0.9384642199639854,0.37
1920,-0.6408536862452998,0.9812127521256514,0.44
1921,-0.715918054622502,0.9911193976641047,0.38
1922,-1.2386710672532084,0.9036136163973548,0.46
1923,-0.7377110287809256,0.9655785552558745,0.49
1924,-1.2562185108052293,0.8278872339694595,0.43
1925,-1.603088406544055,0.7670951943857007,0.43
1926,-0.9956899231099805,0.773964540714926,0.41
1927,-0.4932011220663457,1.0292787759081385,0.56
1928,-0.7941877041952802,0.9169074148977004,0.46
1929,-1.1442208478791154,0.9827723187026629,0.4
1930,-0.7965524400770072,0.9926370956045979,0.43
1931,-0.6525144620543071,0.9983125918514427,0.54
1932,-0.9797888521459336,0.802089731439968,0.43
1933,-0.6841107456403259,0.9847994122159363,0.51
1934,-0.865595545948046,0.8747902791966731,0.44
1935,-0.7219448379199572,0.9409067945841937,0.43
1936,-0.9633619644789644,0.9838177394939749,0.48
1937,-0.7589597107150309,0.8778178680745796,0.51
1938,-0.9346058642095345,0.850180400254953,0.47
1939,-0.8768182432046031,0.8999576883583622,0.5
1940,-0.5804114746747218,1.0267580441278275,0.41
1941,-0.4929018650407644,0.8215466469018932,0.42
1942,-0.9021334893759275,0.9010040990966721,0.39
1943,-0.8125903241116771,0.9525641069397602,0.41
1944,-0.7803727946668954,1.0183094923655442,0.43
1945,-0.4497342258465158,1.0988850923799194,0.49
1946,-0.29334772303359147,1.1430265806111974,0.51
1947,-0.9478227044625513,0.9131450377070071,0.41
1948,-0.5800109754937297,0.946729996546715,0.52
1949,-0.5805356495682085,0.9701002498191977,0.44
1950,-0.809609393365638,0.9414123055096111,0.51
1951,-0.5725210614262989,1.0755641854784634,0.51
1952,-0.693489806561526,0.9835458907914888,0.49
1953,-0.9294682254681237,0.892565956912036,0.48
1954,-0.6255675636036897,0.9904011059572626,0.51
1955,-0.818326427933423,0.83136788494791,0.49
1956,-0.7755401208064447,1.0779854377330012,0.51
1957,-0.7890348155221102,1.085436337139835,0.43
1958,-0.6389084726933485,1.0244053796746655,0.47
1959,-0.39374752910861993,1.0149100614046092,0.5
1960,-0.8784695145834874,0.8901083459124207,0.48
1961,-0.30186817563371676,1.0236800298420805,0.53
1962,-0.6976981328425416,0.9877239391421196,0.44
1963,-1.1438961179077318,0.8369138701337567,0.44
1964,-0.7411164806150687,0.9615021870940303,0.44
1965,-0.4896844570095411,1.0247723757598437,0.49
1966,-0.595859163023473,1.1165281805978977,0.51
1967,-0.33509294200802375,1.2595394497045942,0.52
1968,-0.7943029341096741,0.9605426858443509,0.43
1969,-0.40388294732114116,1.142842711826462,0.51
1970,-0.16832556231250537,1.340366194495264,0.5
1971,-1.1835838304608672,0.8860192220241195,0.4
1972,-0.8102901914217593,1.0838457420786254,0.44
1973,-0.9706137355054874,0.8319561992156334,0.48
1974,-0.7713519043886989,1.0467216579916594,0.37
1975,-1.2678816096489083,0.9882139092900405,0.43
1976,-0.9359428175426275,0.9316539134489316,0.47
1977,-0.4593718699006826,1.1478408011468826,0.47
1978,-0.36302680531846154,0.9743785972984718,0.53
1979,-1.0565116849605738,0.9565386066204141,0.45
1980,-0.882487922274059,0.9207701644830244,0.51
1981,-0.7836682901196568,0.868071869438906,0.53
1982,-0.3234603969174477,1.070039763129564,0.51
1983,-0.4262109221127099,0.8938337684760971,0.49
1984,-0.5772709961270036,0.9606592106618465,0.46
1985,-0.8197086927216837,0.9289260854191128,0.53
1986,-0.3503403898670436,0.9491342234536101,0.48
1987,-0.30810103509870207,1.0156194163867789,0.54
1988,-1.2758759292382262,0.8312362242307689,0.32
1989,-0.38666476965243446,0.9615353694062712,0.45
1990,-0.13829704304534088,1.1845302478858688,0.57
1991,-0.10977101378079529,1.0397759201561665,0.52
1992,-0.18857035240968018,1.1265510154103398,0.52
1993,-0.6961555341319418,0.9618230719107581,0.56
1994,-0.9323737070902395,0.877615196153844,0.42
1995,-0.5116064195719705,1.0161677568777656,0.43
1996,-0.8755489184474393,0.9939761895823682,0.48
1997,-0.2289138369963348,1.077427989658963,0.5
1998,-0.6024040563101055,0.99980655598714,0.43
1999,-0.7596583786077883,0.9546950363450074,0.52
2000,-0.8794033973598729,1.01584592581634,0.48
2001,-0.6551632870206998,0.9371738721061068,0.47
2002,-0.5196964856759366,1.025681878730784,0.44
2003,-1.4933824980766546,0.8845464685750453,0.38
2004,-1.1010153945753651,0.8464277790898614,0.42
2005,-0.3196281283338135,1.1161538044746548,0.53
2006,-0.6259802050674803,1.1286587367580223,0.43
2007,-0.06867732661044855,1.0563014465675997,0.53
2008,-0.6557261828839681,0.9370038893194682,0.47
2009,-0.6770306063306363,0.989404080924187,0.39
2010,-1.0077974265946716,0.8237659982704845,0.4
2011,-0.8867529924640065,0.846265042968099,0.52
2012,-0.45811321460451004,0.8745999854446365,0.53
2013,-0.8822056895570237,0.9302136449135959,0.37
2014,-0.45241167574538094,1.1097384983934757,0.52
2015,-0.6230958922396469,1.0717281015922477,0.44
2016,-0.31651513986120927,1.159301475145719,0.49
2017,-0.3266637085573072,1.1336674298546034,0.44
2018,-1.0699850368816826,0.920880535942133,0.4
2019,-0.6781098681488643,0.9461595439523449,0.48
2020,-1.0060539794310164,0.8996410488042771,0.42
2021,-0.5853404128197917,0.9914142314104614,0.44
2022,-1.2462529115914018,0.8001897654460994,0.39
2023,-0.5563030664842744,1.0344765192966172,0.49
2024,-0.754775751298085,0.9651213306151242,0.42
2025,-0.5455468828877936,0.8435872319345143,0.56
2026,-1.1541686825244053,0.9652859918554466,0.41
2027,-0.8013995752925038,1.0399580629845968,0.41
2028,-0.4248605752831153,1.127561000890028,0.49
2029,-1.1340673487123722,0.8927863461743856,0.46
2030,-0.7997117087306065,0.9542111669157738,0.43
2031,-0.5844624453470173,1.0278841455568466,0.44
2032,-0.829044750096454,0.9036313545667595,0.48
2033,-0.520750966276392,1.0512379177492,0.58
2034,-1.1605096444750824,0.78519106667878,0.4
2035,-0.6154513831829772,1.012328957811891,0.47
2036,-0.1988456903291051,1.2863307069373042,0.55
2037,-0.46748982284115703,0.825635514066769,0.45
2038,-0.39708128320134106,1.0508786431020427,0.53
2039,-0.7101326099933323,0.980434082736644,0.38
2040,-0.4664245923596477,1.1735336579839197,0.47
2041,-0.8177596420592579,0.9304789501553907,0.48
2042,-0.9340562167723331,1.0236725312613673,0.5
2043,-1.3384732059644295,0.7257075542541874,0.38
2044,-1.1616919456602246,0.8491149232041082,0.4
2045,-0.6284262114142118,1.0037879270450842,0.45
2046,-0.6477939089177717,1.020308106913128,0.46
2047,-0.5783922775171623,1.0494075871629858,0.5
2048,-1.0133406238599023,0.9803405197208656,0.37
2049,-0.5354607365279979,0.9300637714495963,0.49
2050,-1.2607503156148916,0.8689233725361671,0.37
2051,-1.4800948671335181,0.8066534378486766,0.38
2052,-0.9580525790107676,0.8481895354603546,0.48
2053,-0.489985589350526,1.074565313734514,0.57
2054,-0.7054850901589254,0.9392037118987521,0.41
2055,-0.9429291620744236,0.9810018883503091,0.47
2056,-0.8896748702174142,0.9117371082004635,0.4
2057,-0.6994476032049525,1.0750570727718458,0.52
2058,-0.5253837890613867,1.016789626800303,0.56
2059,-0.5403759770722859,0.9847659604862358,0.47
2060,-0.1675596308636402,1.0165605790233072,0.55
2061,-0.6106049051181396,1.0326552902781547,0.57
2062,-0.5079438532580304,1.0355329902573929,0.51
2063,-0.754201644660061,1.0776586467584564,0.42
2064,-0.5687896657907292,1.01930022139784,0.43
2065,-0.5494401133074793,0.9572819448517825,0.48
2066,-1.285915615966452,0.7668495155620935,0.42
2067,-0.3804304308089687,0.990107152877783,0.52
2068,-0.9209664060086614,0.9008599811356871,0.39
2069,-0.946187330889876,1.077763763732676,0.38
2070,-0.7374493136834219,1.0643199570812105,0.45
2071,-0.6325716525516927,1.0363796235892482,0.48
2072,-0.21547348304055206,1.1734135721087653,0.5
2073,-1.0466789599678683,0.8496331963456346,0.35
2074,-0.046063614109006966,0.9984300345462671,0.61
2075,-1.266965965806536,0.9412207159953748,0.4
2076,-0.294297859952258,1.0721532480408966,0.53
2077,-0.3697620191142086,1.0145678392770017,0.44
2078,-0.6001542202512734,0.9760603087889467,0.54
2079,-0.8826661416782602,0.9628489705046336,0.4
2080,-0.607194046168263,1.0175178885020744,0.53
2081,-0.9199218021197982,0.9303271240869134,0.39
2082,-0.13955953728097376,1.2282513283867214,0.52
2083,-1.2856388107895191,0.8480971638258313,0.4
2084,-1.0429333050138105,0.7702494553787264,0.4
2085,-0.8530564389219145,0.8640463612614533,0.46
2086,-0.5990139217997911,0.9904227275266271,0.43
2087,-0.39135068764109837,0.9821084357457961,0.5
2088,-0.7298983058583324,1.10259009703814,0.5
2089,-0.8810606740989719,0.8944807315296484,0.45
2090,-0.8985541989569984,0.9748921958908422,0.46
2091,-1.1229139714697598,0.9678684691867112,0.36
2092,-1.1161969441261355,0.9251426860175278,0.45
2093,-1.0160201120101575,1.011271413593438,0.43
2094,-0.30762523866927116,1.0849818415750456,0.49
2095,-0.6176415155976493,1.0145162421666725,0.4
2096,-0.2096501256805768,1.0817736158642757,0.56
2097,-0.652315265300913,1.0206986980202053,0.46
2098,-0.566148521078819,0.9727075291524347,0.51
2099,-0.9685563528863096,0.9127700227993539,0.39
2100,-1.1379510123147005,0.8090722070961466,0.38
2101,-0.5903901185763964,0.9545536332141183,0.52
2102,-0.7586318598555977,0.8846901711104419,0.54
2103,-0.5544991970558989,1.0384484990089426,0.48
2104,-0.7465673392597831,0.9648526589282678,0.35
2105,-0.6981407779705413,0.9707186644924005,0.47
2106,-0.8824430078190302,0.8317624476770523,0.53
2107,-0.8378040273567394,0.7915596236133893,0.5
2108,-0.7694493723899679,0.8312273989744439,0.52
2109,-0.568042611845298,1.0694438201565317,0.47
2110,-0.6854958865610737,0.9523904509891865,0.51
2111,-1.0090697679753198,0.9614654708712745,0.43
2112,-0.6479625883273842,1.017806736464645,0.42
2113,-0.8545180439231881,0.8414947936505714,0.47
2114,-1.2052328585612266,0.8356047226198728,0.43
2115,-0.35665468474174117,1.0174178296751704,0.54
2116,-0.6054630066211505,0.8989560885370212,0.53
2117,-0.702395410508828,0.9572185269011778,0.43
2118,-0.5140223943029245,1.0077111979872826,0.54
2119,-1.1914176176743028,0.7867097231235705,0.5
2120,-0.3793578285109471,0.9431336954571559,0.45
2121,-0.4285866123810302,0.9647863602623672,0.42
2122,-0.31231038161558466,1.165841410367524,0.55
2123,-0.5906880342828547,1.0471021278163644,0.44
2124,-0.9219466283765345,0.7950180077680359,0.44
2125,-0.8670696393999063,1.0265739302666896,0.45
2126,-0.4916751368460512,1.1007318617316202,0.47
2127,-0.4817831244657866,0.9495865660966498,0.48
2128,-0.3929795676613875,1.0385270903392678,0.45
2129,-0.873068104292061,0.9189641821864966,0.46
2130,-0.7283038206522444,0.9784392173881581,0.51
2131,-0.5675596990080772,1.0507356038533977,0.42
2132,-0.4848772377372347,1.0788684101817312,0.45
2133,-1.4295704416880173,0.8521828157801583,0.36
2134,-0.9992354586993466,0.896682183237985,0.52
2135,-0.8247113113220693,0.9484190446238843,0.52
2136,-0.7990594400648418,0.7916263615505362,0.45
2137,-0.29825674089561977,1.034074168509339,0.55
2138,-0.657720622756636,0.9817070543473382,0.46
2139,-0.8943250461176605,1.0243876390108675,0.44
2140,-0.6806932517174773,1.0839423814054623,0.41
2141,-0.41390914884481056,0.927337360724489,0.55
2142,-0.38059817303420185,0.9145451722675094,0.54
2143,-0.4998652289478305,0.9892451215611845,0.53
2144,-0.08530472348174159,1.188442915541904,0.47
2145,-0.9918643085127725,0.9423572384395525,0.43
2146,-0.46860526657117324,1.0278863332595247,0.56
2147,-0.3759352687616333,1.0850326561802575,0.58
2148,-0.2882509051686403,1.1264119522994824,0.48
2149,-0.38635031990229324,1.0758123861635067,0.46
2150,-0.4488683728794335,0.940808566301418,0.47
2151,-0.764860692735252,0.9259514960640293,0.44
2152,-0.4431765973604485,1.1747693747394083,0.56
2153,-0.3019659028373469,1.0807692409784944,0.5
2154,-0.6559381570450427,1.1725774620938048,0.52
2155,-0.4218366430944258,0.9975398005244763,0.53
2156,-0.14142375409141983,1.24992604456517,0.49
2157,-0.10647302756706527,1.1408183601297344,0.53
2158,-0.9407571812549529,1.0883048134969946,0.48
2159,-1.0879817929659914,0.8822516802241285,0.42
2160,-0.7324710715271512,0.8247504842280031,0.52
2161,-0.8468557085374812,0.8931001588991293,0.51
2162,-0.8670906747058428,0.8647365657717792,0.57
2163,-0.5115484980546714,1.1559753687260277,0.48
2164,-0.6658622697013817,0.9449063808872096,0.51
2165,-0.7819974566409899,0.936993476884512,0.46
2166,-0.5673019258794375,0.9610297211149019,0.52
2167,-0.9161860774717938,0.9764350402854948,0.4
2168,-0.02448515889970918,1.0904399976906878,0.54
2169,-0.5324807716937222,0.9712401756213594,0.49
2170,-0.5351917385559848,1.147313796027143,0.53
2171,-0.26400438908834223,0.9790869388983746,0.56
2172,-0.3204947145497647,0.9028466639460446,0.52
2173,-0.340126859419828,1.0109494484565216,0.49
2174,-0.45015554971769056,1.1246171964279612,0.5
2175,-0.02408102331755816,1.0741263529010356,0.6
2176,-1.084427469685144,0.9161787796733245,0.43
2177,-1.1583182883978551,0.8610292575601117,0.44
2178,-0.37587640126775057,1.0923409323695348,0.45
2179,-0.6329114405781727,1.0382933865654262,0.4
2180,-0.5839105243578255,0.8638807453831425,0.48
2181,-0.5178771215128783,1.104911113631319,0.51
2182,-0.3326657569314287,1.0060706987668575,0.56
2183,-0.36629259999948616,0.9711231928296762,0.56
2184,-1.0810108051399354,0.7369462078020145,0.43
2185,-1.13232858964526,0.7867150751894216,0.42
2186,-0.5462961838845385,1.033309859923306,0.52
2187,-0.7568878653990738,0.9234579396848328,0.41
2188,-0.5838562645254238,1.0729610956924474,0.42
2189,-0.5750338861104918,1.0219955372225704,0.51
2190,-1.1564054959958363,0.8665303481370503,0.36
2191,-1.3828783112976482,0.7656790483982943,0.46
2192,-0.42568217435955075,0.9812436555121477,0.51
2193,-0.3872380792603229,1.1354041518107933,0.53
2194,-0.8943853456224461,0.940680030264194,0.48
2195,-0.5657781928497801,0.9309928640620501,0.52
2196,-0.6528675222624674,0.9922636752006416,0.47
2197,-1.6826809782730934,0.714145323324552,0.36
2198,-0.5215037474138017,0.958077934272821,0.49
2199,-0.5307994927492945,0.8893434607095375,0.51
2200,-0.45072840997838,1.1133899248044614,0.53
2201,-0.5774250186408701,1.0221253960356378,0.52
2202,-0.618278898357249,1.1140337105939868,0.5
2203,-0.5712915688455997,0.8648929199863963,0.53
2204,-0.5678170711505982,0.9850770183347696,0.52
2205,-0.8783423602284758,0.9015067207433765,0.55
2206,-0.3720392585766666,1.1662122936330508,0.53
2207,-0.4538011510497567,0.9347902812604448,0.47
2208,-0.21023795264335665,1.1673465502258715,0.53
2209,-0.9428399808399989,0.8735715507217514,0.5
2210,-0.6444611095716661,1.0278802903971371,0.47
2211,-1.067466446408276,0.9481531305984021,0.5
2212,-0.42646657467503635,1.0199023992735479,0.48
2213,-0.8757382303211076,0.9376121704584653,0.41
2214,-0.814151149718604,0.9095202946061715,0.41
2215,-0.3295829204110291,1.0225990712594961,0.49
2216,-0.29733525139971617,1.0215928774869996,0.51
2217,-0.851156705389112,1.0545494658825758,0.48
2218,-0.4484594589133132,1.0247677310802934,0.52
2219,-0.8731274411272791,1.0024779195197384,0.46
2220,-0.5980341850607618,0.9452379105323305,0.44
2221,-0.5197582031707683,0.9925333990403593,0.46
2222,-0.3442086310772261,1.0415539008848866,0.54
2223,-0.9694094195499224,0.8861847751538724,0.44
2224,-0.20687271360527518,1.0658529280388211,0.48
2225,-0.8210720510474497,0.9877278572969217,0.53
2226,-0.3472891718786967,1.0271805985360034,0.56
2227,-1.000375847010683,0.9632535587660268,0.46
2228,-0.6724997753100319,1.070231170722848,0.47
2229,-0.9151110076711643,0.8386070905501462,0.49
2230,-0.9977935997347751,0.8487542343438966,0.49
2231,-0.09244281187139183,1.1129398445916845,0.53
2232,-0.718875448097356,1.0177869524052336,0.44
2233,-0.5874707603503628,1.071151272558156,0.49
2234,-0.6017095075639153,1.065845017323059,0.49
2235,-0.483000941778867,0.9320265531591894,0.54
2236,-0.6766075998903978,0.8197449883837378,0.5
2237,-0.6782603609287701,1.0450566832259198,0.42
2238,-0.35507349382496545,1.1482705571401581,0.54
2239,-0.6302791680883427,0.9739475073250885,0.49
2240,-0.36265620846617275,1.1097624362495326,0.55
2241,-0.3069671888175333,1.121068458171645,0.48
2242,-0.7357636219798972,1.1230097013168105,0.48
2243,-0.49567825852834063,0.9862061123549227,0.52
2244,-0.9721475236341152,0.8163287004730795,0.39
2245,-0.5281699888611866,1.034429610049733,0.61
2246,-0.6818226988726644,0.9469758477795005,0.53
2247,-0.1699690884594094,1.1926642920929174,0.54
2248,-0.9751393324090969,0.8531441624712324,0.47
2249,-0.4361981380830781,0.9787938546436457,0.52
2250,-0.7876688432795217,0.9377815529116225,0.44
2251,-0.5482593477922715,0.9135820945824051,0.5
2252,-0.967169616314012,0.8391903942320385,0.51
2253,-0.3554152006729801,1.1570884871513543,0.58
2254,-0.7298042222884906,0.8788133700347538,0.55
2255,-0.39968794192945917,1.0189606353693899,0.5
2256,-0.6414985002986263,0.9050939558521605,0.5
2257,-0.9326232511822917,0.8559673734215658,0.47
2258,-0.27454195051906227,1.2507197717460952,0.56
2259,-0.7166891929940431,0.9369783552256087,0.48
2260,-0.6591442067617899,0.9567311510578517,0.55
2261,-0.42372572748616366,1.0499831397730237,0.54
2262,-0.942378599830308,0.9485442108188609,0.48
2263,-0.3929649594905769,1.2226339097243595,0.52
2264,-0.13590094925693033,1.1752366268126888,0.59
2265,-0.7823746560697115,0.8561592469595481,0.55
2266,-0.3284820329170985,1.2575657455165723,0.46
2267,-0.4333481716875506,1.1362991551630142,0.46
2268,-0.6366297274292662,0.9551935324855162,0.49
2269,-1.055854242590351,0.7400560336440661,0.46
2270,-0.6626621511050549,0.9884672504092622,0.46
2271,-1.1568811811500144,0.8507593631997535,0.51
2272,-0.37079515480293923,0.9932118516115033,0.49
2273,-0.5738331704949681,0.8924590011811673,0.52
2274,-0.6719328818729575,0.9499286643897419,0.5
2275,-0.7958271264962056,0.8580606677685324,0.57
2276,-0.8137770063357973,0.8677619785454255,0.45
2277,-0.36929530919136416,1.1483574626940265,0.52
2278,-0.8659635299409528,0.7654675666519818,0.56
2279,-0.6997469994673372,0.9912081355825696,0.42
2280,-1.102123874631184,0.8562179054779118,0.41
2281,-0.6872585577600351,0.9591634459524438,0.5
2282,-0.6182203251516045,0.9887981072222399,0.53
2283,-0.7296932943496107,0.8812755251060707,0.48
2284,-0.5853285999659141,0.9685426338900449,0.52
2285,-0.5071583812134095,1.0537615553613735,0.46
2286,-0.4636459823352652,1.0722476717331892,0.48
2287,-0.32300145968139227,1.0752718511297816,0.53
2288,-0.992112655106341,0.9639782043205597,0.49
2289,-0.020376034196214202,1.2861668451014836,0.57
2290,-0.3973108792095357,1.1006694040230143,0.57
2291,-0.12701923642705565,1.121971520817725,0.56
2292,-0.5035772229500511,0.9348369551218373,0.55
2293,-0.837146141719831,1.0184963226723218,0.45
2294,-0.7254839463859666,0.9414039352685958,0.54
2295,-0.46924357791504184,1.000983563320936,0.52
2296,-0.7459290641936672,1.0999054250213585,0.46
2297,-0.5341036216164796,0.9561950048252238,0.55
2298,-0.495196217897401,1.1499532389812628,0.47
2299,-0.5150881787280682,1.0767714132058144,0.5
2300,-0.4838650173119087,1.0752077360949712,0.54
2301,0.10364897995767644,1.2752575953830045,0.61
2302,-0.5303584366540705,1.1072920063632963,0.48
2303,-0.9692130304197271,0.9197138960261982,0.45
2304,-0.16924589807505927,1.1233309314861497,0.54
2305,-0.8494725846648471,0.8386007547406981,0.43
2306,-0.4130907018773129,1.0208219957775668,0.52
2307,-0.6302557864011278,1.1373875310266985,0.44
2308,-0.23555395055415534,1.1324699413589265,0.61
2309,-0.44558680340381973,0.8912147739857972,0.56
2310,-0.7476304734757371,0.9429395296822116,0.48
2311,-0.9739370887848438,0.9062642759298646,0.45
2312,-0.6982757776120643,0.9158068685506106,0.44
2313,-0.5272330309679562,0.9672849997485337,0.49
2314,-0.19261442953949967,1.2099944015392554,0.56
2315,-0.22821301411429026,1.0527180485308676,0.56
2316,-0.1422147198913274,1.1623785706939007,0.56
2317,-0.2983405697342329,0.9574736314885242,0.6
2318,-0.787946227639731,0.9964183262131724,0.42
2319,-0.3915941461263836,1.0507074728491628,0.57
2320,-0.25652169944016806,1.1824307141522215,0.59
2321,-0.617718601798955,1.0887486971748446,0.51
2322,-0.47362223821671007,1.0910315156305428,0.54
2323,-0.6858284026505085,0.8437922014407231,0.44
2324,-0.5182575762264324,1.0697115681924678,0.5
2325,-0.22862758705850972,1.1488407158317056,0.51
2326,-0.2652396361874734,1.0014202706596287,0.52
2327,-0.746977703694472,1.018997522372134,0.41
2328,0.16962697276436878,1.2300434624621286,0.58
2329,-0.8784755244700232,0.9431483295052341,0.5
2330,-0.9147820546846583,0.8910181541317891,0.5
2331,-0.2739253167890203,1.0042519828003038,0.5
2332,-0.7942106115696914,0.882678121910581,0.46
2333,-0.9072708258660813,0.8124429785244855,0.38
2334,0.00765355121660138,1.0758366176176812,0.58
2335,-0.43967176180346096,1.156145330605546,0.53
2336,-0.29376546567422557,1.1122303122090063,0.58
2337,-0.3201407167259147,1.0719972418401724,0.55
2338,-0.4782390958673309,0.9762886037294969,0.44
2339,-0.8680979644243013,0.8231424287122951,0.5
2340,-0.3027724937687645,0.8770593736570541,0.49
2341,-0.5142961854590326,1.108434169676657,0.48
2342,-0.8339257114278756,0.9689782850666897,0.51
2343,-0.8293624007326127,0.9246223034552924,0.43
2344,-0.41783199494563655,1.0556810988813088,0.46
2345,-0.8453990488910198,0.9235342517955286,0.52
2346,-0.4793529847705411,1.0398949724662656,0.57
2347,-0.3805959868262041,1.0405784086074623,0.47
2348,-0.4377441403768792,0.9543302927509244,0.56
2349,-0.3233989320669711,1.1807148329051844,0.53
2350,-0.1808207627941579,1.0327614473294136,0.63
2351,-0.3169395998410329,1.172018285918323,0.55
2352,0.37059894737287885,1.4812070171426766,0.65
2353,0.2717294356578422,1.2468880837554783,0.6
2354,-0.24349269056774617,1.022703114234068,0.56
2355,-0.08510133800835823,0.9949660472274493,0.6
2356,-0.7430958237254244,0.9370701122853455,0.52
2357,-0.792356182130372,0.7762765758005254,0.46
2358,0.19407609982326246,1.168993534769146,0.63
2359,-1.0023307364137355,0.8698308749781808,0.45
2360,-0.2885312256171689,1.0813816845685247,0.51
2361,-0.22341942229776,0.9419389941278667,0.56
2362,-0.6670427127838374,1.112672393123641,0.46
2363,-0.51229228192377,0.9462221075425156,0.42
2364,-0.301436006728274,1.012464406241004,0.6
2365,-0.23722358684382644,1.197708689321329,0.5
2366,-0.03567316977158407,1.0727100166771102,0.57
2367,0.13375015875875762,1.2435408778328236,0.54
2368,-0.7759479652125654,0.9149314812240441,0.55
2369,-0.5192463592962728,0.9936957854421067,0.52
2370,-1.0767828522608935,0.9147320294842651,0.41
2371,-0.3346684350347124,1.024214523622315,0.57
2372,-0.4850912094945784,0.8857190079144346,0.55
2373,-0.25747474664278064,0.886146588739036,0.54
2374,-0.7815387071343816,0.8804841940445314,0.38
2375,-0.6152433131493014,1.0156666141465494,0.44
2376,-0.31664284128900416,1.1242425978933104,0.51
2377,-0.9493046243374892,0.9701429374754234,0.45
2378,-0.9665060244159074,0.80778640605063,0.45
2379,-0.04773299366053955,1.3049109054959158,0.57
2380,-0.530590105702443,1.0024395326667164,0.55
2381,-1.0092121132902125,0.7608954720442788,0.36
2382,-0.5865475039213013,0.9988430831852277,0.48
2383,-0.1879166950346002,1.1153271498434312,0.54
2384,-0.8566966816779478,0.9339811787841196,0.45
2385,-0.10108411343685844,1.0741396358540511,0.57
2386,-0.6579683346195062,0.949659104497487,0.52
2387,-0.43623301958036087,1.1096732321491845,0.55
2388,-0.9111697295492798,0.930267791585737,0.46
2389,-0.3269776942962833,1.1161132440553116,0.47
2390,-0.1599790834841067,1.0345717791041675,0.59
2391,-0.5950347911880115,0.8783625649039734,0.56
2392,-0.7224977505991177,0.9527640819527057,0.54
2393,0.029539786577626955,1.0862560411475262,0.56
2394,-0.42589588420469887,1.0884625958791234,0.48
2395,-0.9419391161017018,0.7525594536008933,0.51
2396,-0.28389935887877277,1.0695125726453847,0.57
2397,-0.7977005472667564,0.8700248684275976,0.48
2398,-0.07653048577650791,1.1125114324079834,0.62
2399,-0.5281560203160566,1.0406076167200013,0.48
2400,-0.37823616579607294,1.2293413388545962,0.5
2401,-0.5791638944149525,1.0670904126510334,0.52
2402,-1.0760622090905065,0.8688696611208965,0.48
2403,-0.5492931899350743,0.9112289159942902,0.45
2404,-0.3854446303558046,0.9961440194169144,0.5
2405,-0.21541805350513038,0.9179162381838785,0.58
2406,-0.46810800805679986,1.1604470018018354,0.47
2407,-0.5865142661789879,1.0235807310830187,0.56
2408,-0.7006175198004015,1.0149488561122981,0.52
2409,-0.5877055119524248,1.0836618143161194,0.57
2410,-0.2133199297543738,1.2614216483890042,0.47
2411,-0.5530610264840409,0.8912899714309666,0.52
2412,-0.9654811190301121,0.8892428100943964,0.49
2413,-0.13937690628068133,1.0474126161438113,0.48
2414,-0.510798544265043,0.9610653431090624,0.6
2415,4.929965871468545e-05,1.1409358304619335,0.6
2416,-0.19344342110798302,1.1310507446951268,0.61
2417,-0.6045966229377085,0.8527145159540784,0.51
2418,-0.6567710132935926,1.0231659092670107,0.51
2419,-0.6268981762300528,1.157816413607958,0.51
2420,-0.8151600807727263,0.9607775898786245,0.46
2421,-0.2696283446593152,1.1057197792816356,0.55
2422,-0.47786453392380657,1.0591252224785617,0.52
2423,0.07795568708316868,1.192466211819022,0.64
2424,-0.38058733305922593,1.1031540500578627,0.55
2425,-0.4434824568403505,1.0029915007723877,0.56
2426,-0.2787737097181106,1.0933511346509048,0.51
2427,-1.178423013956658,0.8565995365643789,0.42
2428,-0.9531628229138256,0.9465193149633905,0.46
2429,-0.6380379167758418,0.8138273607964706,0.51
2430,-0.7683725211643193,0.9172381925728041,0.52
2431,0.11657813377621112,1.2277051851975629,0.59
2432,-0.37206608526468243,1.0269757438962348,0.5
2433,-0.26149253527742816,0.9870896802906635,0.62
2434,-1.1771824259933625,0.6527324961680624,0.47
2435,-0.6289780256504421,0.9030161593618901,0.49
2436,-0.1942180368929882,1.1208214229995483,0.53
2437,-0.4789587230556289,0.9909361247185698,0.53
2438,0.10627106819187791,1.2448011525650973,0.63
2439,-0.5521914715324806,0.9961654481248012,0.52
2440,-0.3783912150193594,0.887132630280988,0.56
2441,-0.5623356554868856,1.0188294974518874,0.51
2442,-0.39349559938961903,0.9632930409949829,0.5
2443,-0.32599768110101984,0.9968245077892799,0.56
2444,-0.4622751307432542,1.0013780625042485,0.52
2445,-0.6047040296003078,0.9722748280047045,0.52
2446,-0.3916441980423442,1.2019444895690963,0.59
2447,-0.44512472287655486,0.9957486415909891,0.52
2448,-0.627111130882205,1.0894149370499873,0.5
2449,-0.34620636572967856,1.0765721869113472,0.56
2450,-0.42821957378031006,1.0076334070096058,0.52
2451,-0.27532239318777413,0.9358925000357461,0.53
2452,-0.050675203748721594,1.1687361842266961,0.58
2453,-0.1952255671076263,1.0979526382419889,0.52
2454,-0.36018127903666625,1.083171812232105,0.53
2455,-0.2983954856103704,1.1013443297542869,0.55
2456,-0.10125494366810342,1.130177952354216,0.6
2457,-0.380890104850001,0.9377825070978926,0.53
2458,-0.6700573418029373,0.8989191921300665,0.52
2459,-0.4440957954156709,0.9617089704065757,0.48
2460,-0.5988405644810997,1.004505845042499,0.49
2461,-0.7178694393555908,0.7955561379391709,0.48
2462,0.26826975171647116,1.201749396604105,0.58
2463,0.3243056888015516,1.2540451633598433,0.6
2464,-0.20199991968644604,1.0780603422847355,0.54
2465,-0.5391751042699056,1.0577570466614492,0.57
2466,-0.6803520072557785,0.9895892517529936,0.54
2467,-0.5706995614625021,1.1345836029971885,0.47
2468,-0.5500993981905601,0.9456346593385345,0.51
2469,-0.6512981201314431,0.932722576363866,0.57
2470,-0.08583504587696048,1.1256352909341687,0.53
2471,-0.4778712554323363,1.1357727963441078,0.46
2472,-1.0053735126017587,0.753604216536101,0.51
2473,-0.6610432571918681,1.014814280708712,0.49
2474,-0.1193136755068638,1.1382968174426749,0.55
2475,-0.45696905823980677,1.0244391557393056,0.55
2476,-0.5858825605458616,1.15997031415947,0.5
2477,-0.5347313520849115,0.9443010969372634,0.55
2478,-0.0642996445496415,1.1776531108004855,0.51
2479,-0.08831104022655828,1.0100842118146678,0.61
2480,-0.3858342563443067,1.037401856545737,0.58
2481,-0.8408880768318018,0.9099817962504417,0.59
2482,-0.1838216084159708,1.140829852939529,0.6
2483,0.007614432121571434,1.1941323707255238,0.54
2484,-0.6034918261692476,1.0308578899342242,0.54
2485,-0.5980250128202872,0.9466633323451642,0.54
2486,-0.7327932679578193,0.9138280760272192,0.5
2487,-0.18787241061136195,0.9453896583137985,0.58
2488,-0.5074132057152068,0.9273897919832491,0.56
2489,-0.6028403492501525,1.0462172600502462,0.47
2490,-0.3891330409636353,0.9356273091150102,0.52
2491,-0.6433481796099941,0.9960556109638319,0.53
2492,-0.4504032985263414,0.9489006046311202,0.5
2493,-0.6041419832739744,0.9995198824611664,0.44
2494,0.01206501561961252,1.2396813233127988,0.63
2495,-0.65854663529012,1.0043477410997275,0.48
2496,0.025845105794588718,1.2532987407203056,0.58
2497,-0.7894608294646127,0.8499235110908083,0.52
2498,-0.4522622558183309,0.9088678411999193,0.54
2499,-0.5092801992349019,1.0763688744996256,0.5
2500,-0.04696568653612504,1.1228539505007327,0.57
2501,-0.5513261804481395,0.8614186843633499,0.48
2502,-0.21144147200254856,0.967564125128953,0.62
2503,-0.41622168101867013,0.9899881412003075,0.57
2504,-0.28514362819203937,1.0920733753387248,0.54
2505,-0.3245005669034108,1.0620760747108124,0.53
2506,-0.7467343444903896,1.001735976526457,0.47
2507,-0.29646197590726014,1.0921708052818393,0.53
2508,-0.03752877003465857,1.1038788413329244,0.6
2509,-0.6325241162645674,0.8791109862513209,0.47
2510,-0.42091129162197866,0.8905756088145281,0.56
2511,-0.4293618317558591,1.1258497868070538,0.57
2512,-1.0233966457422712,0.8327437095691971,0.48
2513,-0.6112720136856378,0.8322574560680726,0.52
2514,-0.31442999436121527,1.0180875360508679,0.55
2515,-0.657137783325846,0.8626734186990223,0.55
2516,-0.49353510101101455,1.0575163474891156,0.54
2517,-0.19890636052414173,1.1305814431517867,0.58
2518,-0.20195202553771804,0.9868077748169942,0.48
2519,-0.889998579044273,0.9221430475966909,0.52
2520,-0.5023146052561036,0.9710543061332295,0.55
2521,-0.47708714456506074,1.0478199167707043,0.48
2522,0.08279319419868265,1.2372710671752147,0.52
2523,-0.4210876964513708,1.120103847264562,0.49
2524,0.029316724406026066,1.066891594080147,0.47
2525,-0.327819523441187,1.0901295631270813,0.48
2526,-0.16153352748686595,1.129739403844343,0.54
2527,-0.9074643814227333,0.7541651542270601,0.47
2528,-0.3375853739087913,1.0442406977288805,0.6
2529,-0.35315600415943094,0.8471117591524653,0.52
2530,-0.9912544553669701,0.8406150089459363,0.49
2531,-0.05215160722608595,1.1852760517696348,0.55
2532,-0.11306988825009726,1.000286380671391,0.56
2533,-0.03195476145570626,1.1208981195330046,0.58
2534,-0.5168769519661536,0.9912239370840008,0.53
2535,-0.7835093768991962,0.9504725110015467,0.5
2536,-0.1927478247626123,1.0664302693912862,0.47
2537,-0.75546838013223,0.9512569852408949,0.54
2538,-0.7175769462576117,0.9942245810063184,0.4
2539,-0.40484742712467403,0.9972380299620036,0.54
2540,-0.49264586081483264,0.9161245918116603,0.5
2541,-0.3963757460091801,1.0519171293384828,0.54
2542,-0.34133324887304406,0.9395550355700345,0.52
2543,-0.3454845303301007,1.0008857941749125,0.5
2544,-0.8538607374780441,0.8258770830721205,0.58
2545,-0.6834308752556945,0.7220401210371955,0.55
2546,0.011113744522768254,1.0765529461778602,0.57
2547,-0.43898613359357874,1.0460052064569123,0.57
2548,-0.8889947960918763,0.7592338822345356,0.52
2549,-0.8151160013030447,0.9072346355801715,0.53
2550,-0.8222858617378523,1.0281116698724275,0.5
2551,-0.3820932639029919,1.0742555749037184,0.53
2552,-0.5061342553954189,1.027762239492597,0.52
2553,0.34396822652020526,1.296221602023812,0.61
2554,-0.16624677237821717,1.2346902255667598,0.59
2555,-0.21070251888410405,1.0015063787285658,0.57
2556,-0.2629304457690509,1.1074230903492788,0.57
2557,-0.5371103019231712,1.0420951865905295,0.55
2558,-0.16380061235251003,1.1654221331429298,0.56
2559,-0.13937089047495962,1.117519933652483,0.55
2560,-0.4069892463893374,0.9628519140968745,0.52
2561,-0.3974155750491877,1.0848418622549332,0.61
2562,-0.5401077318380607,0.9129487712566402,0.58
2563,-0.9736840792649331,0.8495466765423475,0.55
2564,-0.5810845127618703,0.9662848111858877,0.53
2565,-0.020527049297607937,1.1713213988102873,0.59
2566,-0.7918280080941946,0.9331784871798845,0.53
2567,-0.7362189457235325,1.046012011750272,0.48
2568,-0.26835792917490614,1.1543637261272581,0.55
2569,-0.042506305351669535,1.1276352522847342,0.56
2570,-0.6489144221140103,0.878264496573746,0.53
2571,-0.614734320713138,1.0183529898107233,0.56
2572,-0.1911911720343628,1.0406589257201706,0.55
2573,-0.5189575022606158,1.096017856860616,0.54
2574,-0.49188643512049224,1.0548981296616338,0.55
2575,-0.4791888198489476,1.031335260210649,0.48
2576,-0.6164680622854867,1.1049340797355456,0.51
2577,-0.190854800446618,1.156248071850043,0.48
2578,-0.30923970711327675,1.008798389339378,0.59
2579,-0.2599826963687668,1.178604889590599,0.58
2580,-0.7044920371186651,0.8033172745067977,0.49
2581,0.02044183636651926,1.0984523999678126,0.58
2582,-0.31827590861215244,0.9264083733402884,0.6
2583,-0.536601835589976,1.03721009476558,0.48
2584,0.02961176778136621,1.195111214199114,0.61
2585,-0.4511015019205352,1.049746019412094,0.61
2586,-0.9568859633736098,0.9096892440048162,0.46
2587,-0.41650366562133356,1.0713561765071733,0.6
2588,-0.9649528843214356,0.822814076556389,0.48
2589,-0.5098924222652066,1.0145203660056836,0.52
2590,-0.1800389913540221,1.101245070402203,0.62
2591,-0.4901851408701735,0.938187652889369,0.59
2592,-0.2640123211583818,0.8729489647385574,0.62
2593,-0.4563528644950047,1.1031931860228565,0.58
2594,-0.3794267751507045,0.9965579813129772,0.58
2595,-0.7242180787916709,0.8594832120085243,0.48
2596,-0.15036523084860867,1.0435021338560135,0.61
2597,-0.381717333395823,1.0313522119363427,0.55
2598,-0.4607486122479687,1.0573977995328956,0.58
2599,0.34954066772745984,1.1971517126468676,0.72
2600,-0.7535980691036,0.9323809205970072,0.52
2601,-0.6936080024694509,0.8752295703899494,0.49
2602,-0.13050484210433302,1.2747368261495822,0.56
2603,-0.28263444292017254,1.0843950601826815,0.56
2604,0.023076783673182204,1.2654120176024461,0.58
2605,-0.4919978505059119,1.0278543478608564,0.58
2606,-0.8309728674094353,0.8764354788732929,0.48
2607,-0.7664150395151187,0.8617502225063278,0.56
2608,-0.9655797130447464,0.8613245283214195,0.44
2609,-0.5450201127586206,0.798466053184031,0.54
2610,-1.0393836254065847,0.9912869723050021,0.46
2611,-0.12081150523425041,1.16267769890245,0.6
2612,-0.34114965208936177,1.096942241845192,0.61
2613,-0.2975674337120775,1.0221051257227063,0.56
2614,-0.3116313114984596,1.0551366976908358,0.58
2615,-0.6195530554405518,1.052296708604382,0.51
2616,-0.1908229407232356,1.122429224497468,0.58
2617,-0.303627110429786,0.9673733974534219,0.55
2618,-0.5474012378844428,0.9298495267104783,0.54
2619,-0.22445589448180656,1.1035776691125683,0.58
2620,-0.19934451031546754,1.0492686417606805,0.63
2621,-0.7382710334083599,1.0398040360652865,0.53
2622,-0.1416720680432673,1.1678279918913899,0.57
2623,-0.7777085846401048,0.9052490029036726,0.53
2624,-0.12162968452258605,1.1704535581430109,0.56
2625,-0.3077191681231896,1.0896790232908788,0.58
2626,-0.4371785887319825,0.8960345000985483,0.52
2627,-0.2645542899659635,0.9296248391500496,0.54
2628,-0.2598104859160659,1.072853413622547,0.59
2629,-0.26964894288152247,1.0164152723853968,0.47
2630,-0.13031457423671905,1.1680165962363136,0.62
2631,-0.4516976699030041,0.9953234839190763,0.53
2632,-0.2791644965691833,0.9950698760968523,0.6
2633,-0.7111840010904876,0.9041909069973276,0.48
2634,0.026746693861120264,1.1288721466338978,0.51
2635,-0.7286014330759101,0.9156195294477076,0.54
2636,0.1187465228148531,1.2177591445841776,0.6
2637,-0.8232713410479486,0.9433903000096195,0.46
2638,-0.4885085633141846,0.9503223573184123,0.52
2639,-0.49047576575211693,0.9393104496221649,0.5
2640,-0.13642902113136673,1.1652937086650461,0.63
2641,-0.7055419624308417,0.9452056845765704,0.54
2642,-0.3990856498928188,1.1072571425455882,0.56
2643,-0.3658489078262946,0.9882872184528627,0.51
2644,-0.4118948103268729,1.0049102095787747,0.51
2645,-0.10434221656934105,1.0493593153456002,0.57
2646,-0.4260828771307675,0.8285074525295102,0.54
2647,-0.7933781611630141,1.030965270551363,0.55
2648,-0.5240487920789471,1.0829964917287556,0.58
2649,-0.6904630996538565,0.8160319004813827,0.6
2650,-0.4680171849331742,1.0814798572231008,0.64
2651,-0.425138972443119,0.9916528733700117,0.6
2652,-0.8206357022678094,0.889234810571383,0.58
2653,-1.119997320581634,0.7618897063648852,0.57
2654,-0.5374437753588229,0.9001895313688373,0.53
2655,-0.00013253742390674893,1.1088531823381735,0.56
2656,-0.13521228891675777,1.1216346626859723,0.5
2657,-0.3039938829014579,1.0235339823770824,0.53
2658,-0.399745759295134,1.1157654845589815,0.6
2659,-0.363142991134819,1.0000488540631896,0.6
2660,-0.7666217850763414,1.0019730117821772,0.52
2661,-0.764133680100926,0.8355914352214551,0.54
2662,-0.039736479779522486,1.2534669038040671,0.59
2663,-0.753795612396963,0.9952349973029291,0.56
2664,-0.13459858782176984,1.2171317032102824,0.59
2665,-0.49181102107087915,0.9715034728105699,0.52
2666,-0.2323415756624418,1.215439174923813,0.57
2667,-0.3660131235828116,1.1172720934833922,0.53
2668,-0.44226705741983197,1.0699338186321041,0.53
2669,-0.3810175196438401,0.9558137498083025,0.53
2670,-0.5125744539181534,0.8824650020405284,0.54
2671,-0.29502541161744056,0.9151658516526682,0.65
2672,-1.002099994863851,0.7779778589249595,0.45
2673,0.10201799181716831,0.999830928901932,0.66
2674,-0.5619435864206784,1.063904857597755,0.48
2675,-0.3638116281731862,0.9268179350501663,0.58
2676,-0.5549150133684776,0.891044997082912,0.54
2677,-0.16662744569919494,1.0182288526093477,0.6
2678,-0.6372236975031352,1.0163074675062125,0.49
2679,-0.46683084201559244,0.9603153006744961,0.59
2680,-0.37207163549346406,1.0210537823862134,0.57
2681,-0.5747718896594056,1.0269611408367583,0.54
2682,-0.02017495016593747,1.1347755862599442,0.59
2683,-0.40384079505348724,1.1046531301991913,0.56
2684,-0.7867202803818549,0.9288506748723471,0.55
2685,-0.42117000294837803,0.8975236672612303,0.55
2686,-0.17730527059867068,1.1938381739373265,0.51
2687,-0.5589322259267853,0.9824526511551241,0.57
2688,-0.45797263304452857,0.9868299303310996,0.55
2689,-0.2632605302216781,1.061118339471282,0.63
2690,-0.4162412538271761,1.0436644024808337,0.59
2691,-0.899816675542345,0.8051703210235354,0.57
2692,-0.39110814395961285,1.0502198455876146,0.53
2693,-0.49864516519493196,0.9820972629230859,0.52
2694,0.145997909609901,1.0570990101276379,0.7
2695,-0.5461135664009874,1.0330780033563334,0.5
2696,-0.4757072827487871,1.0548448316552606,0.59
2697,-0.544443367115255,1.0287304872027152,0.58
2698,-0.00017115290347342828,1.0883041384043661,0.65
2699,-0.17363896863106948,1.212011862551265,0.63
2700,0.11374030039352334,1.2705129750955402,0.61
2701,-0.9352648860000276,0.8481512328985065,0.44
2702,-0.38841300475386326,0.9789295075725261,0.55
2703,-0.4222938461174114,0.8970172651488327,0.6
2704,-0.6628141209212487,0.8037485729589278,0.56
2705,-0.32186211832376777,1.0048657978648046,0.63
2706,-0.8402230647976496,0.8607445506017971,0.42
2707,-0.148946474094598,1.1485021806371511,0.61
2708,-0.24058392930518457,0.9039390872895322,0.53
2709,-0.7226082120348916,0.8926008763226706,0.53
2710,-0.8002194018341997,0.938841496060055,0.56
2711,-0.058764461035389494,0.9648794018907009,0.59
2712,0.003485197369857458,1.1237211432957648,0.65
2713,-0.4138477263876932,0.8696499036126487,0.54
2714,-0.13171685881939196,1.0659163512363201,0.64
2715,-0.21799421501940003,1.0604008654018109,0.58
2716,-0.25957637098118064,1.1713613839883665,0.6
2717,-0.3327324143593789,0.9308487654468314,0.56
2718,-0.25070744543431117,1.0890155704506668,0.64
2719,-0.002538107538751896,1.1859302490302226,0.58
2720,-0.7088233196409405,0.9949789692734968,0.52
2721,-0.7036810605617663,1.0434444451333857,0.57
2722,-0.40256199416210664,1.0099193148059729,0.56
2723,-0.9158331662147898,0.9355380750973877,0.48
2724,-0.31486683107234864,0.9881769723414578,0.6
2725,-0.24208894393225092,1.1318546921751094,0.6
2726,-0.8598717263806978,0.9003912584541983,0.51
2727,-0.6994711432629833,0.9620301959035517,0.44
2728,-0.154228558798032,1.2332128486969731,0.6
2729,-0.4692476753088969,1.0908837965616838,0.51
2730,-0.37411590129073574,1.089629698356413,0.51
2731,-0.2389385528105354,1.1460885377409338,0.65
2732,-0.1774946835849997,1.1675622797954657,0.6
2733,-0.5104483461288838,0.9087775328897387,0.58
2734,-0.10343896992344437,1.0572363294058487,0.56
2735,-0.4655647326955233,0.9512095814959867,0.53
2736,-0.36125606915248154,1.0532354971396565,0.57
2737,-1.1150930233650072,0.7717314297650901,0.49
2738,-0.6467872846276643,0.971423912798828,0.55
2739,-0.09968938390883546,1.0667844982527492,0.6
2740,-0.8554873465423246,0.9792246944418602,0.51
2741,-0.4221133039903106,1.136475860087488,0.59
2742,-0.36071617809977463,1.0101776971968612,0.57
2743,-0.23755474174659127,0.9875499896853374,0.65
2744,-0.15508954195341457,1.0064841470468155,0.57
2745,-0.709769941323811,0.9538059378729358,0.48
2746,-0.022623791163895825,1.0690927919440734,0.67
2747,0.05466196649958121,1.177908885803369,0.56
2748,-0.03164591760335582,1.0194449667035803,0.63
2749,-0.4301468791489325,1.0849336767871085,0.56
2750,-0.4399366723690211,0.8602152468707881,0.59
2751,-0.3263082964773561,1.055693596417226,0.62
2752,-0.675906200139336,0.865133624342159,0.5
2753,-0.5903143432843918,1.0074093303355347,0.54
2754,-0.34076541999794,0.9052805342900362,0.56
2755,-0.40796713827409997,0.921388779861536,0.57
2756,-0.5348488547694475,0.8750183332485222,0.47
2757,-0.18140145796828766,1.0142772116246264,0.6
2758,-0.5292820249942056,0.9988036019655361,0.6
2759,-0.2557355567705891,1.0692894322341275,0.59
2760,-0.07104475888387514,1.0584271751103334,0.61
2761,-0.8181362930280752,0.8840604898858382,0.44
2762,-0.23807994860907258,1.063565575712615,0.58
2763,-0.32664582850419577,1.0197015235840707,0.52
2764,-0.20585331160076553,0.9309103127832538,0.61
2765,-0.3345579424996524,1.0419272647934368,0.62
2766,-0.29023905250283444,0.9993411592379852,0.61
2767,-0.10644139324466607,0.9849029437264397,0.58
2768,-0.3456197845263164,0.9359437273041373,0.65
2769,0.029819661993444036,1.087228718273394,0.68
2770,-0.3128602495082083,0.9845238206907727,0.58
2771,-0.41922210960957673,0.9801219971354602,0.57
2772,-0.7464268517722615,0.9720093292690527,0.5
2773,-0.26201344041253777,1.0961574346406409,0.65
2774,-0.6488727553454515,0.8608296602555322,0.58
2775,-0.036484181028051905,1.1884315431414523,0.52
2776,-0.4705724695810495,1.1188780125467332,0.57
2777,-0.06577356954641937,1.016116311664572,0.63
2778,-0.14022156803815108,1.1066847999143228,0.6
2779,-0.31944718605817457,0.9574167878098828,0.52
2780,-0.398273835703956,1.1108951520124437,0.56
2781,-0.3015498825181129,1.0335750338911485,0.55
2782,-0.060820092405483354,1.0836052058704906,0.64
2783,-0.46733484687416516,1.018861087021286,0.61
2784,-0.25033482083457054,1.0952335344116741,0.48
2785,-0.5343612800734843,1.0227245021483884,0.55
2786,-0.728621134444118,0.9466820159829379,0.5
2787,0.3306697098401695,1.221581882672099,0.67
2788,-0.24165695103129334,1.0943835315925907,0.52
2789,-0.9287586342949821,0.8646435628219783,0.51
2790,-0.3379578304089625,0.9081407136432308,0.58
2791,-0.7939029838483218,0.9032414520209733,0.55
2792,-0.5049394313800658,0.9956602802577713,0.49
2793,-0.34769937742290613,1.0351032720578381,0.61
2794,-0.0020704233781521308,1.1230723294613372,0.57
2795,-0.16924830693568432,1.073721435701748,0.57
2796,-0.5531959662151867,0.9320102198329551,0.57
2797,-0.5125209569045391,1.0219856356247137,0.59
2798,-0.28480960236708724,1.0283440717062708,0.59
2799,-0.5350963525012021,0.9966394762376133,0.51
2800,0.3208318766245779,1.139993880026348,0.67
2801,0.2898181527601538,1.2606575543142085,0.67
2802,-0.25511628977341533,1.0134844393560436,0.64
2803,0.10015596804637403,1.1631538439412017,0.57
2804,-0.26464592718206065,1.0321485567400734,0.6
2805,-0.04035703792163961,1.0975542842616122,0.61
2806,-0.5916318222169678,0.8735389139752077,0.52
2807,-0.33089863470859354,0.8943600565696228,0.54
2808,-0.0541893392858171,1.1432190232613983,0.59
2809,-0.2005873056785908,1.0953812200784374,0.59
2810,-0.4682490440093297,0.8913075403572056,0.55
2811,-0.5763661319736108,0.9548647240275631,0.63
2812,-0.6446756293944996,0.9150216057715209,0.57
2813,-0.15129766178315074,1.1266953886247961,0.61
2814,-0.5738384440028967,0.989224583972081,0.49
2815,-0.27614378616769647,1.1011609196713592,0.55
2816,-0.597447356724778,1.0184517922804137,0.58
2817,-0.15735796203611033,1.0672083795778116,0.59
2818,-0.2711930051302315,1.098056028175676,0.61
2819,-0.5113170413203934,1.0157444679590746,0.53
2820,-1.0103797260886254,0.7624808057544794,0.54
2821,-0.8522498552627588,0.8751302636373189,0.51
2822,-0.3729392231794757,1.033436871006956,0.54
2823,-0.02113684747646124,1.1582435238670232,0.6
2824,-0.30102266738028516,0.9976523663718317,0.58
2825,-0.5039279212213817,0.8957736882916159,0.54
2826,-0.3571438311523815,1.0663569937710904,0.61
2827,-0.15115376900047664,0.9671025107339336,0.6
2828,-0.5122861503267172,0.9767946593608454,0.52
2829,-0.48513441000705393,0.9275643869133279,0.55
2830,-0.3919825593152717,0.952042446316938,0.52
2831,-0.04836645181852891,1.1240317525271828,0.57
2832,-0.6788831491907784,0.9321735788936729,0.56
2833,-0.2819515881225378,0.9555012852516872,0.57
2834,-0.1316001213119205,0.9661969370428785,0.66
2835,-0.20417827364401184,1.19215826874819,0.6
2836,-0.07250910092707763,1.2096378709682607,0.68
2837,-0.1591485192759413,0.9142801734430462,0.65
2838,-0.6604459314322699,1.0216258528321698,0.58
2839,-0.3004291964253695,1.0868067909955528,0.5
2840,-0.49927070092313713,1.0225769256325892,0.6
2841,-0.3499987251295783,1.0220170573156826,0.53
2842,-0.5450786036060015,0.9979254587590592,0.58
2843,-0.4032238574672148,1.173235513322861,0.58
2844,-1.0281910419087328,0.8810353009961321,0.43
2845,-0.27744690985690645,1.1011246189771307,0.61
2846,-0.5854321591713436,0.8880778312403258,0.57
2847,-0.24652103469824027,1.062651476291128,0.63
2848,-0.24121801914473687,1.1009326359883596,0.63
2849,-0.5253255050029395,0.909552829734764,0.54
2850,-0.5312157950706716,1.0086293296040962,0.51
2851,-0.45868708906136063,1.0623839069917722,0.57
2852,-0.14335411194623351,1.057858010633142,0.59
2853,-0.6822275748123928,0.8707116155713469,0.55
2854,0.08076792296439983,1.1300720751579185,0.65
2855,0.002361588803681377,1.0224977838989,0.67
2856,-0.1908193396171528,0.9801725580366495,0.64
2857,-0.3193321101228919,1.0674478245244603,0.58
2858,-0.4458581670295969,1.0260427620674195,0.58
2859,0.3269309798066233,1.191359189604182,0.64
2860,-0.6306061377991928,1.0803740477408068,0.54
2861,-0.36897284294233507,1.1228404248429908,0.56
2862,-0.9521816776830776,0.9178643675303629,0.52
2863,-0.27278029809160925,0.9973211053652135,0.56
2864,-0.506138908080154,0.9325536377068409,0.57
2865,-0.5817091323014043,0.9990187379703238,0.59
2866,-0.15380480176593525,1.1059155612131368,0.54
2867,-0.47090050407679007,0.9282216714156816,0.55
2868,-0.11299177120400464,1.0507116955385518,0.61
2869,-0.3401127333279808,1.0095039964427968,0.58
2870,-0.07349297951865763,0.9597586297038752,0.69
2871,-0.3291911595066898,1.0290531961021256,0.58
2872,-0.5156260989824386,0.992826281908313,0.62
2873,-0.22420439749995477,1.0301224686194832,0.62
2874,-0.8262367571988741,1.0878112871363264,0.48
2875,-0.5930930894866195,1.0430915170777053,0.54
2876,-0.6714657102277655,0.9692782077846105,0.53
2877,-0.22163821849872803,1.0499507156133594,0.65
2878,-0.3473892463934135,1.0224075393119998,0.57
2879,-0.12592714880632225,1.0597697845291274,0.64
2880,-0.2710393955761939,0.9342320576641896,0.53
2881,-0.10897803020071224,1.171047865990559,0.65
2882,-0.18143198988158893,1.277966676158877,0.65
2883,-0.44701290376033315,0.8204301581984745,0.57
2884,-0.33979903463232775,1.0716477710371795,0.62
2885,-0.04935162393037224,0.9934645223739382,0.62
2886,-0.5738261241504133,0.9644227904768771,0.57
2887,-0.3145232480119734,1.0123661436686697,0.59
2888,-0.34994330302219967,0.9760636978500737,0.52
2889,-0.08958739064440473,0.8479748976619007,0.6
2890,-0.6107649239716424,0.9680910046388154,0.53
2891,-0.09530896960412194,1.0656010549250892,0.62
2892,-0.17106587569478487,1.0448463144014206,0.61
2893,-0.18216672189528332,1.0830333407511783,0.61
2894,0.06612071745621544,1.117715368485938,0.69
2895,-0.03226505084925431,1.189212369679799,0.56
2896,-0.4262423220264313,0.9310005354845824,0.49
2897,-0.8098157995807476,0.8333505115891748,0.48
2898,-0.5320267247710891,1.045315919474745,0.48
2899,-0.1988548520412806,1.051789313051405,0.61
2900,-0.46408424196464493,0.9187618761001305,0.52
2901,-0.13953672870421796,1.0937939482892998,0.59
2902,-0.1979366516959325,1.0728849203513908,0.58
2903,-0.16431355999486053,1.269606550439587,0.59
2904,-0.02187608209603531,1.0959619053211613,0.57
2905,-0.47430652911979876,0.8913910200945963,0.59
2906,-0.10189966294553213,1.074844868412746,0.61
2907,-0.4012653319269819,1.0310768198043372,0.51
2908,-0.5004211705002818,1.0068159999443942,0.6
2909,-0.24008096553601646,1.0974188830393334,0.57
2910,-0.019100565494717933,1.1536153068246082,0.61
2911,-0.4127548883941822,1.0941022561086349,0.53
2912,-0.6542988662527239,0.8527723794908896,0.6
2913,-0.16197990620264954,1.1527843688045234,0.62
2914,0.09712864073515139,1.1228105583932113,0.59
2915,-0.564060131782194,0.9353882230559879,0.52
2916,-0.25399769204361017,1.044762801010056,0.59
2917,0.028087323703694152,1.1204450193055435,0.57
2918,-0.3139328876271098,1.0506342781884341,0.61
2919,-0.5876137046543,0.9063045827426319,0.61
2920,0.0661467882027373,1.221167808779371,0.7
2921,-0.09073101299741244,1.1220304486892059,0.64
2922,-0.3337666378095584,0.9219444864813028,0.61
2923,-0.28177558066298675,1.0909895759661712,0.6
2924,-0.7624393388915677,0.8801611666216661,0.5
2925,-0.11853035029619825,1.0630254444518366,0.66
2926,-0.6026110403568381,0.9675635366082638,0.53
2927,-0.3279291185348681,1.105094998320505,0.52
2928,-0.4854742449776891,0.9968128672666552,0.5
2929,-0.15880946364645487,1.157244272596978,0.58
2930,-0.3362382416741317,1.0585816816991231,0.59
2931,-0.026507837486098005,1.1476147424021959,0.65
2932,-0.25496512511192315,1.0929055508093373,0.56
2933,-0.6120503895551034,1.077985750653543,0.54
2934,-0.5442974703458078,0.9208031591852905,0.5
2935,-0.06501087800537589,1.2655977042891258,0.65
2936,0.15566417184348633,1.1797421231984722,0.59
2937,0.06878385525394354,1.206511953199192,0.6
2938,-0.23825290494151916,1.1492074635009484,0.62
2939,-0.24364072847281112,1.0089076210957615,0.59
2940,-0.38149315176349324,1.0372960220270098,0.53
2941,0.027029212663388997,1.1063556362484674,0.6
2942,-0.013438013912340192,1.020396400306851,0.65
2943,-0.1594446859627011,1.232972832409305,0.66
2944,0.06220712788364529,1.1603941485067473,0.59
2945,-0.8671721030139876,0.7416227195445318,0.52
2946,-0.4910741915366286,0.9044232599086857,0.6
2947,-0.14402672908878272,1.1691887672285435,0.66
2948,-0.4786706534270476,1.1097480239345607,0.51
2949,-0.04814014726369422,1.1346025776734736,0.56
2950,-0.5174038774180274,1.1615536163988216,0.56
2951,-0.7203281859646151,0.8411895262784086,0.52
2952,-0.1546130268975963,1.0716144509133942,0.6
2953,-0.16130607534683697,0.9772420400940187,0.57
2954,-0.3535404744922467,1.0557068401038634,0.6
2955,0.11878723273316304,1.1765724937740163,0.61
2956,0.06700929358451597,1.0963159846882855,0.65
2957,-0.1951314915013882,0.969369911883721,0.63
2958,0.18411755135304728,1.2620179370574238,0.59
2959,-0.029903355400847483,1.0942207212681547,0.6
2960,0.07702124585195858,1.1875400151666877,0.63
2961,0.039264267957417755,1.042911136131289,0.57
2962,-0.7478975164545995,0.9056118799329197,0.52
2963,-0.6436517477385583,0.9324422453176727,0.5
2964,-0.21032350365710364,1.0989228768643808,0.62
2965,-0.2673270130618624,1.0399179461997923,0.61
2966,0.05011034680984139,1.401912209022481,0.54
2967,-0.6219245244436027,0.9819638508172942,0.53
2968,-0.05314019288645455,1.1384128812392422,0.66
2969,0.08829592566214856,1.2694117101414302,0.56
2970,-0.5294988521394278,1.1500283595842828,0.55
2971,-0.2818412284683167,1.1988763963620466,0.58
2972,-0.3049542327136431,0.9376288593959274,0.55
2973,0.08754956238593482,1.189258504103674,0.66
2974,-0.7208051257208679,0.8737767545194132,0.55
2975,0.15035389459278434,1.0655994669088062,0.61
2976,0.21848012941357137,1.2365675346748557,0.62
2977,-0.26681983913073387,0.9856315564289411,0.55
2978,-0.44694914946574754,0.8889575063274602,0.53
2979,0.11580208837684067,1.3256311412057125,0.58
2980,-0.22785184114675136,1.1048531627721485,0.55
2981,-0.8496986629329072,0.8500108838594865,0.53
2982,-0.5104328887597699,0.9426952637232431,0.62
2983,-0.40991449187893936,0.9951868270920889,0.6
2984,-0.37130805498449293,0.9754504593358527,0.59
2985,-0.6161618695404185,0.7759188303446439,0.6
2986,-0.4931143108935067,0.9527163675123965,0.53
2987,-0.7087410069395044,0.7533560343689792,0.51
2988,-0.14575643520991657,1.0646930404329165,0.64
2989,-0.44157864677427155,0.9116126917015686,0.59
2990,-0.48054845747248687,1.0083522286268407,0.56
2991,-0.5519546236210032,0.8534740244912988,0.57
2992,-0.7062630309948417,0.9928736167099129,0.6
2993,-0.5697767375684452,0.9483776095084783,0.56
2994,0.19607526047767976,1.2624488326749637,0.63
2995,-0.7120405571129479,0.8585554286001424,0.57
2996,-0.21285095389777037,1.0670529862970264,0.59
2997,-0.07556435030205953,1.1288872289684695,0.68
2998,-0.7115129463314173,0.904042244904376,0.58
2999,-0.4499772370914652,1.0069542391090456,0.57
3000,-0.48385299112405283,0.9284979843786005,0.56
