episode,avg_reward,avg_secrecy_sum,qos_satisfaction_rate,algorithm
1,-3.486418465321713,0.99192241525256,0.03,DDPG
2,-3.911004018539145,1.0059680093833452,0.0,DDPG
3,-3.4758073389531496,0.8584256694616137,0.01,DDPG
4,-3.743757975187367,0.9687521327425892,0.02,DDPG
5,-3.5712605106498665,0.8254384511035449,0.02,DDPG
6,-3.3468669593907032,0.9954350402794723,0.03,DDPG
7,-3.3259026811500125,1.1180776772980254,0.01,DDPG
8,-3.5622656997224325,0.8759080210283484,0.02,DDPG
9,-3.6857885974758546,0.9459974399869944,0.01,DDPG
10,-4.216545407926984,0.7766475591513291,0.0,DDPG
11,-6.585525524389059,0.9409203146916119,0.16,DDPG
12,-9.877137296321235,0.9159300453218847,0.13,DDPG
13,-4.0575623218528545,0.9112491299454248,0.0,DDPG
14,-3.9020920580072396,0.9747572761561584,0.0,DDPG
15,-4.0596083307529245,0.9125728171892845,0.0,DDPG
16,-3.738523664803223,1.097242212661583,0.0,DDPG
17,-3.990409084960407,0.9538370986096605,0.0,DDPG
18,-3.622724436578829,0.9503101158173289,0.04,DDPG
19,-1.4347655543923807,0.9356484587328038,0.34,DDPG
20,-3.0331363623276872,0.7923390870680669,0.21,DDPG
21,-1.8909589360883823,0.7193828603854512,0.26,DDPG
22,-1.8340509189589609,0.8820544520400196,0.26,DDPG
23,-2.1516495262744777,0.7582549218596673,0.22,DDPG
24,-2.5145075014748923,0.7491288225459357,0.17,DDPG
25,-1.6308682354443311,0.9011731723657155,0.17,DDPG
26,-2.307323057765856,0.9022372280688309,0.24,DDPG
27,-2.1147987187809307,0.7720163219862008,0.23,DDPG
28,-2.5666556682811104,0.6563791325730384,0.18,DDPG
29,-1.9360335080318292,0.9417700452066952,0.22,DDPG
30,-2.0608975986203557,0.9259732804013032,0.19,DDPG
31,-1.961088042460257,0.9417689953754831,0.19,DDPG
32,-2.1329810067753554,0.8732834986645216,0.14,DDPG
33,-1.8808827340331151,1.1229633895803584,0.19,DDPG
34,-1.8289108755387964,0.8055618700381812,0.24,DDPG
35,-1.4104109288790059,1.0196755462847131,0.25,DDPG
36,-1.5484779397335688,1.0471764534939334,0.25,DDPG
37,-2.195384239481507,0.8448143182871715,0.16,DDPG
38,-1.9993996088600685,0.9428468372352188,0.22,DDPG
39,-1.5954881410629056,0.8596270977281845,0.28,DDPG
40,-1.9932146802129669,0.8819197991472737,0.27,DDPG
41,-2.061586515552218,1.0377414453257447,0.27,DDPG
42,-2.128304478527241,0.8948857676712272,0.25,DDPG
43,-1.1132298637377671,1.0102141553540105,0.31,DDPG
44,-1.9891688708451492,0.9133203477778465,0.24,DDPG
45,-1.88872863984032,0.9316660427040203,0.31,DDPG
46,-1.8037676931064237,0.9566164655159315,0.25,DDPG
47,-2.389556318521045,0.7919336284506698,0.34,DDPG
48,-3.455657367158833,0.7351171625875861,0.26,DDPG
49,-1.8906550497766894,0.9199073109413873,0.32,DDPG
50,-2.5940681177271756,0.8609111969336953,0.28,DDPG
51,-1.9634218580715148,0.8927768810658597,0.28,DDPG
52,-2.016186976205266,0.7943016669371119,0.26,DDPG
53,-1.8250055090646962,0.7512731480422132,0.26,DDPG
54,-2.137547951101708,0.8237301545739286,0.24,DDPG
55,-1.629495211886767,1.0168319444031118,0.37,DDPG
56,-1.5670568093313713,1.0512067365395366,0.31,DDPG
57,-2.119967797333543,0.9100648145592253,0.27,DDPG
58,-1.7288638838584511,0.6864419491819639,0.35,DDPG
59,-1.4449770468784826,0.8928058117092665,0.29,DDPG
60,-1.8131269121511397,0.9268173340660608,0.26,DDPG
61,-2.0140666652825105,0.8739613919603291,0.29,DDPG
62,-2.0170293823902075,0.7041817625782256,0.29,DDPG
63,-1.6743568878887976,0.8064295902814692,0.33,DDPG
64,-2.0396386195686858,0.8513190114541318,0.3,DDPG
65,-2.4352682857460635,0.6894810913879869,0.31,DDPG
66,-2.781827346244079,0.8480817852922428,0.23,DDPG
67,-1.8905479629675086,0.9114680977128841,0.27,DDPG
68,-2.046902432258218,0.8583504227593207,0.3,DDPG
69,-1.5767291929157379,1.052242313188774,0.36,DDPG
70,-2.0172864083503224,0.8606254003501335,0.3,DDPG
71,-2.496004089583348,0.7912131442920078,0.25,DDPG
72,-2.154981408724246,0.830658942036228,0.35,DDPG
73,-2.0645704434310423,0.6803292257561537,0.29,DDPG
74,-2.1222153417265543,0.7569942416536704,0.34,DDPG
75,-2.5617722295901246,0.7672345924016473,0.34,DDPG
76,-2.7361778247883826,0.9057579164934482,0.25,DDPG
77,-1.7554518548688274,0.9165043055734504,0.33,DDPG
78,-1.4000424258392545,0.9309651440142471,0.43,DDPG
79,-3.268342713151962,0.8768449348949677,0.33,DDPG
80,-1.9153429753443774,1.0557255793999871,0.34,DDPG
81,-1.465685170293939,0.8800994996946606,0.44,DDPG
82,-2.4131664458466466,0.6387490845988332,0.37,DDPG
83,-2.4369127846088405,0.8652639578890191,0.33,DDPG
84,-1.7111152857857699,0.8050550330466464,0.35,DDPG
85,-1.6155152932203123,0.9669506258793286,0.34,DDPG
86,-1.9174204472029566,0.9280181819667318,0.31,DDPG
87,-2.05728769402393,0.9104775839696404,0.32,DDPG
88,-2.5176230598657194,0.737383143715614,0.32,DDPG
89,-2.493673038599305,0.8240395428975394,0.25,DDPG
90,-2.3575696960811188,0.8635489658730705,0.21,DDPG
91,-2.193751885487509,0.8374159382099888,0.24,DDPG
92,-2.8349514673777128,0.7554964505381858,0.26,DDPG
93,-1.9550425293962959,0.8967427035142724,0.36,DDPG
94,-1.912192321060899,0.7328252548060337,0.29,DDPG
95,-2.406775587604902,0.8924808018800402,0.38,DDPG
96,-2.366483467740524,0.68562269371769,0.31,DDPG
97,-2.574745883695202,0.7732047338816492,0.26,DDPG
98,-2.28758848870231,0.8165025146949881,0.31,DDPG
99,-2.1057452162503782,0.7218875721629131,0.34,DDPG
100,-2.5255457620919604,0.7969628215773445,0.34,DDPG
101,-2.174567721498427,0.7852410106151385,0.25,DDPG
102,-2.2568699968088186,0.9652705629097498,0.24,DDPG
103,-2.6912409783034654,0.6451651847187437,0.29,DDPG
104,-2.207944785466197,0.7746779293101865,0.34,DDPG
105,-1.6174701299733567,0.7230864291035823,0.36,DDPG
106,-2.4040659687215316,0.7824939174390838,0.29,DDPG
107,-2.594144301842599,0.5335463456054822,0.29,DDPG
108,-1.911843293918351,0.9051997886211423,0.3,DDPG
109,-2.2336103096276325,0.7001359753208634,0.23,DDPG
110,-2.386067875730695,0.8786031169380276,0.28,DDPG
111,-2.621228709334732,0.6357560744458748,0.25,DDPG
112,-2.706174314456443,0.6950490416603397,0.36,DDPG
113,-2.128457131470477,0.7646340789771634,0.29,DDPG
114,-1.5100998774022654,1.0105287405539325,0.33,DDPG
115,-2.6956471290657844,0.8249925554513279,0.32,DDPG
116,-2.0672494245855937,0.791813438944175,0.25,DDPG
117,-1.9774954085893688,0.8482854739979431,0.31,DDPG
118,-1.9138026613027799,0.950884011768219,0.29,DDPG
119,-2.0067958778357373,0.9825805382163463,0.35,DDPG
120,-2.2788076520217166,0.8467181226237126,0.31,DDPG
121,-1.695937977041649,0.8944500512453375,0.33,DDPG
122,-1.5799186845858053,1.0967842627529385,0.31,DDPG
123,-1.7125707962243248,1.0303542668190708,0.29,DDPG
124,-2.5232018707116324,0.7089076436396922,0.24,DDPG
125,-2.4324776743961105,0.7329072509247818,0.34,DDPG
126,-1.9298692729194469,0.8533438071540025,0.31,DDPG
127,-1.575208199798011,0.8637730186851046,0.36,DDPG
128,-2.0030370109165143,0.8197667623718945,0.36,DDPG
129,-1.8632059263897438,0.7372057347562938,0.3,DDPG
130,-2.1015030568523727,0.8175883598395935,0.29,DDPG
131,-1.7659749987016156,0.9134602206522622,0.33,DDPG
132,-2.0219932681916983,0.9617924144716758,0.36,DDPG
133,-1.8231188268021814,0.9073126904156187,0.27,DDPG
134,-2.330942784264004,0.8071323375469517,0.37,DDPG
135,-1.6974135194281343,0.8933634174454681,0.29,DDPG
136,-1.3545339756774804,0.9161878035525745,0.38,DDPG
137,-2.2472914359978535,0.8830438237030134,0.34,DDPG
138,-2.388789757407744,0.8912251524048277,0.32,DDPG
139,-1.7676649377943883,1.028789356064716,0.34,DDPG
140,-2.7102722571133917,0.8566705553790921,0.27,DDPG
141,-2.7359155559272414,0.8814937529395981,0.29,DDPG
142,-2.251754551113881,0.7976822099715936,0.28,DDPG
143,-3.171680806504916,0.7405711667606241,0.27,DDPG
144,-1.9772186462657484,0.8466200503798476,0.35,DDPG
145,-1.8726528335081094,0.928844852026292,0.33,DDPG
146,-2.630070049254321,0.8667498669617518,0.32,DDPG
147,-1.868638653090975,0.8803487506543207,0.34,DDPG
148,-2.0587550280963067,0.9583339649780004,0.3,DDPG
149,-2.2655442315626204,0.8759175532085781,0.35,DDPG
150,-1.872264125326498,0.8769438926758614,0.4,DDPG
151,-2.055534786012324,0.7255999475914616,0.28,DDPG
152,-1.920060725840989,0.8854786200710396,0.3,DDPG
153,-1.5990049930002206,0.8167957751221288,0.33,DDPG
154,-2.8941368625316084,0.8216278368385411,0.3,DDPG
155,-1.41841835942365,0.920610127802654,0.41,DDPG
156,-2.3366409091514426,0.7917423234753174,0.32,DDPG
157,-1.9776359213275205,0.9101769147381049,0.31,DDPG
158,-2.0843450368505403,0.8229673116971794,0.29,DDPG
159,-2.5697183633139167,0.8443488366834805,0.34,DDPG
160,-1.800866798369902,1.0200503065353657,0.36,DDPG
161,-1.5991122794090524,0.8577761261002865,0.32,DDPG
162,-2.1115472057397313,0.9554348656220348,0.27,DDPG
163,-1.5274638391261524,0.9685189243090256,0.37,DDPG
164,-2.9032638353665328,0.5157433425836431,0.26,DDPG
165,-1.8422898256025104,0.9237972482096538,0.26,DDPG
166,-2.4900757455782476,0.9074981959077291,0.28,DDPG
167,-1.670767499496552,0.9724378162749986,0.32,DDPG
168,-2.500083755966024,0.693894149270665,0.24,DDPG
169,-2.5266342885012842,0.9608527842916154,0.26,DDPG
170,-2.0398447570166742,0.7235701719574724,0.26,DDPG
171,-2.222827277958031,0.6917239204357521,0.26,DDPG
172,-1.633446947365957,1.103354448510303,0.31,DDPG
173,-1.9058204301681192,0.6916063869064599,0.38,DDPG
174,-1.8429549973517296,0.9540446060641152,0.31,DDPG
175,-1.87281901678611,0.86220586506602,0.28,DDPG
176,-2.332422235765508,0.8946020574835285,0.26,DDPG
177,-1.7673573354820624,1.0268115588966964,0.34,DDPG
178,-2.82564257554384,0.9250594744223436,0.29,DDPG
179,-2.9688717412285968,0.9706542928975557,0.22,DDPG
180,-2.136699415180531,0.9111274619755722,0.3,DDPG
181,-2.174375268358551,0.7477230404317072,0.34,DDPG
182,-3.167762357611817,0.9001434467009087,0.28,DDPG
183,-1.9103229455617818,0.7461460792577317,0.29,DDPG
184,-2.563027788182453,0.8691679756925808,0.26,DDPG
185,-2.645822971160665,0.7690138295874047,0.24,DDPG
186,-2.07794227843658,0.7655117059771106,0.29,DDPG
187,-1.2866008910472695,0.9319054778081889,0.31,DDPG
188,-2.5777037949060224,0.911590452411209,0.28,DDPG
189,-2.1401141179022254,0.8004505290282928,0.3,DDPG
190,-1.8683159593802605,0.7977956316859796,0.31,DDPG
191,-2.8251324181557074,0.6956827495753514,0.29,DDPG
192,-2.3820206399051007,0.789794147319291,0.26,DDPG
193,-2.031871594383949,0.7913757435093903,0.31,DDPG
194,-1.168933860999905,1.0045232761619287,0.37,DDPG
195,-2.2645410597271054,0.9675963981893883,0.29,DDPG
196,-1.66295773169846,0.8528137598979424,0.27,DDPG
197,-2.0593599481369522,0.8515316962690287,0.3,DDPG
198,-1.5857635360466227,0.9709139005714809,0.3,DDPG
199,-1.989406201223043,0.8603870596468286,0.29,DDPG
200,-2.1785738435469755,0.7769489566781239,0.27,DDPG
201,-1.9845634503635654,0.7818682333451734,0.26,DDPG
202,-1.5639280659265937,0.9071434012479651,0.36,DDPG
203,-1.8966421302878518,0.798680660259945,0.32,DDPG
204,-2.639564844577056,0.7327427041110559,0.27,DDPG
205,-1.6380555443606235,1.0423223832948265,0.34,DDPG
206,-2.5948387863436517,0.8105012655165846,0.3,DDPG
207,-1.9019701491661969,0.879218042046152,0.35,DDPG
208,-2.5748767901368215,0.9566243660671334,0.28,DDPG
209,-2.2769680292563064,0.7711585162510823,0.27,DDPG
210,-2.5147419434683194,0.7524046713274796,0.24,DDPG
211,-1.5109515207369648,0.9395526916723662,0.33,DDPG
212,-1.6040888706727887,0.968816099496549,0.28,DDPG
213,-1.8909154874393528,0.9023401797209383,0.31,DDPG
214,-2.373782586616789,0.7381402281745575,0.25,DDPG
215,-1.336886415598719,1.0251808032135097,0.4,DDPG
216,-1.6329872715796276,0.8445553476001842,0.34,DDPG
217,-2.3139261030881477,0.951546727416695,0.28,DDPG
218,-1.717408064260101,0.757188539804484,0.34,DDPG
219,-2.2977470691794895,0.7875280259925066,0.28,DDPG
220,-2.4251508471802543,0.852148176880394,0.22,DDPG
221,-1.8777120216481702,0.7950918576552918,0.33,DDPG
222,-1.6266037418553863,0.8451900015397428,0.31,DDPG
223,-1.6784547843767508,0.7140446396029215,0.33,DDPG
224,-1.6278267856848012,0.9309358938192079,0.37,DDPG
225,-1.7645496389957704,0.849305724551758,0.34,DDPG
226,-1.8696286432620974,0.8857217058817192,0.27,DDPG
227,-1.7071600284700534,0.9394995610003433,0.38,DDPG
228,-2.4004431056392033,0.6444533087800055,0.33,DDPG
229,-1.4060214431140545,0.8431908761800865,0.38,DDPG
230,-1.9050802268659015,0.8166071218434134,0.31,DDPG
231,-1.6737978079032307,0.7678145332315222,0.38,DDPG
232,-2.3889337308528287,0.7326141660675585,0.28,DDPG
233,-1.3942697239748474,0.9148814020091294,0.36,DDPG
234,-1.3387050713348398,1.0321991332145788,0.37,DDPG
235,-1.9983415881230022,0.9200042503617012,0.27,DDPG
236,-1.7177715214319895,0.9016902756017043,0.31,DDPG
237,-1.56771759043083,0.9774610687556489,0.35,DDPG
238,-2.0891475701157876,0.8373625396801918,0.33,DDPG
239,-1.2395973605976998,0.9762512862447389,0.39,DDPG
240,-1.912255520559445,0.9361568286668611,0.32,DDPG
241,-1.9881452082258326,0.9892861671877271,0.39,DDPG
242,-2.1079909138584916,0.7452416725395427,0.28,DDPG
243,-1.6014531513856418,0.8707117726847691,0.33,DDPG
244,-1.4783215519149948,0.9553227833239535,0.3,DDPG
245,-1.9882026467317522,1.0349996963267067,0.37,DDPG
246,-2.2228821877368263,0.8587415668692696,0.36,DDPG
247,-1.9705634091021218,1.0010475006332578,0.32,DDPG
248,-1.7930624395538592,0.8497571773780984,0.3,DDPG
249,-2.330875876460644,0.9906915306729184,0.31,DDPG
250,-1.6854273558097228,0.9971091402241831,0.35,DDPG
251,-1.6399773627543828,0.9791538803145056,0.32,DDPG
252,-2.0398864740132474,0.891770331098769,0.27,DDPG
253,-2.0303095787665284,0.8546622658030657,0.34,DDPG
254,-2.3465684350349654,0.6928211467212708,0.3,DDPG
255,-1.7193954537601785,0.9972913116733204,0.32,DDPG
256,-1.7057658063097958,0.9177598330864563,0.31,DDPG
257,-2.331854979563915,0.8264292146386523,0.27,DDPG
258,-2.0510398940336465,0.7235137956517989,0.32,DDPG
259,-2.7084349450323377,0.8698955665050108,0.32,DDPG
260,-1.7375764861639769,0.8368729706264808,0.33,DDPG
261,-1.617737053887673,0.8618238102259786,0.28,DDPG
262,-1.6059591090975518,0.9581088374665019,0.39,DDPG
263,-1.9016097585133875,0.848493909015898,0.35,DDPG
264,-2.1156078796190942,0.9658050723636831,0.35,DDPG
265,-1.6426535918799448,0.9103454091015248,0.35,DDPG
266,-1.9967289390090814,0.8149823092719352,0.32,DDPG
267,-2.240700166789824,0.9815078986334371,0.3,DDPG
268,-2.3639323676564765,0.7872015753356031,0.25,DDPG
269,-1.2566441180159627,1.0089317310953176,0.39,DDPG
270,-2.510070747531529,0.6608185806386415,0.29,DDPG
271,-2.439792252515756,0.6891878642819697,0.19,DDPG
272,-2.2557427561612595,0.7364268287496746,0.29,DDPG
273,-2.3178631714992193,0.8375015875606809,0.26,DDPG
274,-1.7860401557328347,0.953827178531691,0.33,DDPG
275,-2.820010137902322,0.631625826947531,0.27,DDPG
276,-1.689275938590188,0.7999909487464935,0.3,DDPG
277,-2.1958926547522135,0.9050818724204569,0.38,DDPG
278,-1.9182906899539984,0.8160604162035549,0.3,DDPG
279,-2.5303389707091153,0.6212792309904326,0.28,DDPG
280,-2.1294124759776243,0.8514056143139039,0.22,DDPG
281,-2.193402695279305,0.7935726827736781,0.28,DDPG
282,-1.9560001124111293,0.7583126145486644,0.38,DDPG
283,-2.021924994899815,0.9483757887457724,0.29,DDPG
284,-2.191486788181486,0.8322671583744732,0.29,DDPG
285,-1.9663389982698496,0.8753717023057601,0.38,DDPG
286,-1.8455092414936265,0.7804348780765832,0.32,DDPG
287,-2.220051565506934,0.9077086399708589,0.29,DDPG
288,-2.266449788092202,0.8687208386021846,0.28,DDPG
289,-1.7120058188751133,0.8888961625889654,0.32,DDPG
290,-2.245620632274764,0.7238040679446845,0.28,DDPG
291,-2.2543013725629373,0.7169419090997877,0.32,DDPG
292,-2.3214636897980343,0.8092121930833569,0.29,DDPG
293,-2.1949946282911506,0.7518180082814608,0.26,DDPG
294,-2.1589538310872958,0.7981521511484485,0.3,DDPG
295,-1.7557796934266148,0.8476673387086787,0.35,DDPG
296,-1.706962040085973,0.9561576554489973,0.36,DDPG
297,-1.4949038477189622,0.8099352299788091,0.38,DDPG
298,-2.067643452972464,0.8083426772252083,0.37,DDPG
299,-1.9563537127776431,0.7676344706968753,0.29,DDPG
300,-1.8945980275864673,0.8037455842845336,0.32,DDPG
301,-2.0702008399431358,0.8086938062242274,0.23,DDPG
302,-2.938946225368777,0.6206376280872323,0.2,DDPG
303,-2.3863139081852807,0.7688405415714048,0.25,DDPG
304,-2.0634215183341853,0.7749707166824871,0.33,DDPG
305,-2.262874616685694,0.8808369115888115,0.31,DDPG
306,-1.8959558807830184,0.9565742672449304,0.28,DDPG
307,-3.514533350562755,1.013528191310494,0.26,DDPG
308,-2.0659033230769253,0.6356197838683828,0.35,DDPG
309,-1.3474596105571244,1.1714190359961005,0.41,DDPG
310,-0.8753150009587662,1.0819975797325694,0.38,DDPG
311,-1.7192181951124874,0.8716575772569477,0.32,DDPG
312,-2.069522264356,0.9034437643545897,0.29,DDPG
313,-1.7575711330683785,0.9224070304043643,0.38,DDPG
314,-2.0313801964509564,0.9277310226512739,0.34,DDPG
315,-1.4591985030658052,0.9191602707405454,0.41,DDPG
316,-2.1057434361686025,0.8699144696699073,0.3,DDPG
317,-1.7778575048541083,0.9874230229543312,0.32,DDPG
318,-2.263245882433634,0.6732665828435175,0.34,DDPG
319,-1.1411955061869579,1.0335418014904725,0.39,DDPG
320,-2.9975809761361756,0.7133717880626882,0.26,DDPG
321,-1.8255936357642293,0.8051712669542143,0.3,DDPG
322,-2.4946535455319507,0.7747246683359996,0.27,DDPG
323,-2.1817710736750895,0.8547763639715814,0.35,DDPG
324,-2.0176393635842955,0.904059557903779,0.32,DDPG
325,-1.2709621921867857,0.9137621667619712,0.29,DDPG
326,-2.068691565041274,0.7161392383108034,0.34,DDPG
327,-2.101397912257828,0.8891562694219459,0.31,DDPG
328,-2.1292927520546656,0.8852924267485371,0.27,DDPG
329,-1.4039317604205594,0.8349033360332306,0.37,DDPG
330,-2.232342796932782,0.7264113954350999,0.33,DDPG
331,-1.39446279656132,1.0211004415807974,0.38,DDPG
332,-1.8598594371777384,0.7481164715103397,0.36,DDPG
333,-1.6221028279186618,0.948243791671628,0.29,DDPG
334,-2.0464959655244392,0.888749012072114,0.32,DDPG
335,-2.8295757829530994,0.7551025699064252,0.27,DDPG
336,-2.540921375092214,0.7412693438751553,0.27,DDPG
337,-1.7133838282341203,0.7364257923615134,0.33,DDPG
338,-1.8100235131962028,0.8392747027326746,0.32,DDPG
339,-2.4620256279851405,0.8546814918496122,0.24,DDPG
340,-1.7547167366766967,0.792753922325452,0.3,DDPG
341,-2.0226695401697525,0.8920661599275138,0.38,DDPG
342,-1.9299479862025617,0.779955015492515,0.29,DDPG
343,-2.2280557337673073,0.908242840373758,0.35,DDPG
344,-2.455592142724625,0.8676913799880032,0.35,DDPG
345,-1.477282454601557,0.9664502735692089,0.31,DDPG
346,-2.2810277301400244,0.9168191440638163,0.35,DDPG
347,-3.186918708357989,0.7091106273044047,0.27,DDPG
348,-2.1981568030131804,0.6612206934627678,0.25,DDPG
349,-1.675321471063788,0.8557263861465947,0.35,DDPG
350,-1.9589262543489983,0.7529089027993048,0.34,DDPG
351,-1.9584996217401416,0.7887163448059146,0.34,DDPG
352,-3.37319736145927,0.8291253849106979,0.29,DDPG
353,-1.5981705079204076,0.9537357316146445,0.31,DDPG
354,-1.577812764590865,0.8536162817076739,0.32,DDPG
355,-2.0455746130623105,0.8586090403815,0.32,DDPG
356,-1.9459953151214668,0.832058491235663,0.31,DDPG
357,-2.1708136774528186,0.6800086610086292,0.25,DDPG
358,-1.63820179807274,0.9853871792061558,0.38,DDPG
359,-1.370420336953735,0.9529457866916846,0.35,DDPG
360,-2.3787409105268758,0.6789224332537878,0.29,DDPG
361,-1.632765086955477,0.9382996979965533,0.32,DDPG
362,-2.225602970383582,0.6703756687953972,0.22,DDPG
363,-1.691152732870887,1.0032806888591046,0.43,DDPG
364,-1.7105317464399596,0.9117140658525189,0.35,DDPG
365,-1.1789325676656512,0.9052748111329998,0.37,DDPG
366,-2.2230843147348103,0.777213542842219,0.34,DDPG
367,-1.9026091572868333,0.8579990797996514,0.32,DDPG
368,-1.9747453485094397,0.6922582555152931,0.3,DDPG
369,-1.772634979063571,0.792877797516285,0.28,DDPG
370,-1.2923112279828552,0.8564382907144912,0.41,DDPG
371,-1.649267775391025,0.8565073274367436,0.36,DDPG
372,-2.86972162375371,0.6256561627040841,0.27,DDPG
373,-1.9085172757167623,0.8696067368330269,0.29,DDPG
374,-2.28889256280882,0.771475066761964,0.35,DDPG
375,-1.595309371627379,0.8886519878495008,0.37,DDPG
376,-2.010364650711976,0.7110508608113406,0.28,DDPG
377,-2.7327600549865734,0.8939429940692446,0.32,DDPG
378,-2.620715578966594,0.6851877144136131,0.26,DDPG
379,-2.003690562269036,0.8446441734703682,0.29,DDPG
380,-1.7296286344068157,0.8915235996507487,0.28,DDPG
381,-1.7441319334736662,0.8680450126213104,0.37,DDPG
382,-1.697156510351453,0.9321312189498275,0.34,DDPG
383,-1.9039651370947805,0.9409204940484949,0.32,DDPG
384,-2.0688902794216735,0.8572018733174955,0.36,DDPG
385,-1.5026028849845272,0.932597439625767,0.36,DDPG
386,-1.8213750777089484,0.820435248248221,0.35,DDPG
387,-2.497359823680842,0.8602121527249043,0.35,DDPG
388,-1.1616950535556112,1.1437026828364412,0.38,DDPG
389,-1.9951791502290348,0.7615585578970907,0.37,DDPG
390,-2.464780727918077,0.921138332490996,0.34,DDPG
391,-2.4433297331605885,0.817672112154546,0.25,DDPG
392,-1.9277731338154787,0.8840407970558312,0.28,DDPG
393,-2.375060442510949,0.8654136342560331,0.22,DDPG
394,-1.7905569427716186,0.8836117062262742,0.4,DDPG
395,-1.9801312362291998,0.8166754309225647,0.31,DDPG
396,-2.218982449448566,0.7925508646911203,0.31,DDPG
397,-1.6497000619411148,0.9842097589505349,0.26,DDPG
398,-1.693191891417797,0.9095808391697986,0.3,DDPG
399,-2.092654325030709,0.863341734525934,0.36,DDPG
400,-2.11608717880944,0.8366173465907923,0.23,DDPG
401,-2.0199258903247417,0.7598698376307566,0.33,DDPG
402,-2.0782020436630635,0.6905562834415491,0.34,DDPG
403,-1.7291816005345078,0.8418995511934562,0.35,DDPG
404,-1.7264078390920856,0.8529941291805722,0.36,DDPG
405,-2.2994172280826732,0.8225570791589705,0.31,DDPG
406,-2.1141387313673206,0.7118417574926988,0.29,DDPG
407,-2.086418000155979,0.6508133528848435,0.34,DDPG
408,-2.0084676894237905,0.7993839232111474,0.31,DDPG
409,-1.3159157626969655,0.8801408255596864,0.3,DDPG
410,-1.8977594757454583,0.759805804468671,0.39,DDPG
411,-2.1327676123211416,0.9059563650307009,0.24,DDPG
412,-1.891800276131106,0.8460304326734467,0.33,DDPG
413,-1.5380195553834732,0.8569666656463862,0.32,DDPG
414,-2.0609420404740746,0.8254056038841467,0.24,DDPG
415,-1.7764662887902174,0.8420968073800685,0.35,DDPG
416,-2.1553522902347324,0.7817466084355842,0.23,DDPG
417,-1.427918618290092,1.0401501830268634,0.43,DDPG
418,-2.2154854214639594,0.8445767523209,0.2,DDPG
419,-1.3377857844434526,0.9606068060632671,0.34,DDPG
420,-1.4805559129497945,0.945226460048261,0.43,DDPG
421,-1.8912906671026866,0.8729758002593175,0.38,DDPG
422,-2.0100070436097712,0.7896072153267203,0.29,DDPG
423,-1.0382526827476797,1.1445824011918306,0.35,DDPG
424,-1.39230944053767,0.9301960634792462,0.29,DDPG
425,-2.1017719257263474,0.9642066236283143,0.31,DDPG
426,-1.5765288204969208,0.8300177703500214,0.39,DDPG
427,-1.6160612690242646,0.8023351106299895,0.35,DDPG
428,-1.8883975128133081,0.8755491304431996,0.33,DDPG
429,-1.8541246336398265,0.8118754794224117,0.36,DDPG
430,-2.012226724537892,0.7293247500159943,0.3,DDPG
431,-2.264294867665858,0.7050358192910106,0.31,DDPG
432,-1.251328010632008,0.9444659342412457,0.29,DDPG
433,-2.194110121526757,0.8361173755266114,0.35,DDPG
434,-1.6919146768761806,0.8542469185065166,0.28,DDPG
435,-2.240019305274682,0.7739673091082118,0.3,DDPG
436,-1.0490504119976558,0.9815740924346487,0.43,DDPG
437,-1.9353716518133255,0.8585206747059356,0.37,DDPG
438,-1.4224151735696673,1.011579815340493,0.31,DDPG
439,-1.933302728727044,0.9017730649680602,0.28,DDPG
440,-1.9203466921542216,0.9112044487172436,0.26,DDPG
441,-1.4389847879685542,0.969375751579595,0.39,DDPG
442,-1.9731996665516984,0.8539453992499162,0.36,DDPG
443,-1.7791316034079148,0.8910055237348792,0.35,DDPG
444,-2.0153886658347377,0.8166860019105449,0.23,DDPG
445,-1.5833959436727476,0.8549755628383394,0.26,DDPG
446,-1.2634900168992333,0.9710248052052092,0.37,DDPG
447,-1.7585257815887985,0.8188051597946194,0.34,DDPG
448,-2.3153263881485047,0.7441789332430223,0.28,DDPG
449,-1.9070099024026144,0.8639579710052177,0.29,DDPG
450,-2.175787542006656,0.7454756099695612,0.24,DDPG
451,-1.3281769410992204,1.0560048978678447,0.35,DDPG
452,-2.1919646819609313,0.7120753763515988,0.32,DDPG
453,-1.9182511470000665,0.7982071036736496,0.3,DDPG
454,-2.3233774692816094,0.9478875599581328,0.29,DDPG
455,-1.65437054776813,0.631794832998577,0.35,DDPG
456,-1.9697225819601272,0.814918780504348,0.3,DDPG
457,-1.8930574226574053,0.7138631119890235,0.32,DDPG
458,-1.7313225708065274,0.8280875947612324,0.29,DDPG
459,-1.5190230188965343,0.8425054472026156,0.3,DDPG
460,-1.830551467775936,1.0012966616060495,0.29,DDPG
461,-1.0046395445437584,1.0978838977067964,0.47,DDPG
462,-1.8880674068575625,0.8440319313871464,0.22,DDPG
463,-1.6743537953869845,0.8679487888715097,0.32,DDPG
464,-1.700833411749239,0.7438223680230274,0.34,DDPG
465,-1.3812868283356083,0.8789631221605189,0.37,DDPG
466,-1.35492522735292,0.8523716510662169,0.4,DDPG
467,-2.173813092844149,0.7481162613610013,0.28,DDPG
468,-1.5999901883942482,0.7885380009588946,0.4,DDPG
469,-1.8153332817151435,0.9581401995414107,0.41,DDPG
470,-2.2727518923137984,0.8463497441617149,0.31,DDPG
471,-1.9411000136403274,0.9265232146597056,0.33,DDPG
472,-2.3731224765627528,0.7472396707929571,0.29,DDPG
473,-1.7954745775270267,0.6939524628501972,0.34,DDPG
474,-1.991645516736711,0.7624748031610245,0.32,DDPG
475,-1.5473998514565708,0.829540808582871,0.33,DDPG
476,-1.442213167955513,1.0392306842563652,0.34,DDPG
477,-2.0410422443052325,0.8038206532101266,0.28,DDPG
478,-1.5143211468869482,0.997823620161099,0.35,DDPG
479,-1.5370537861162918,0.9556831683653791,0.32,DDPG
480,-2.262253125895064,0.708596166199225,0.22,DDPG
481,-1.937808249718441,0.7866416038760947,0.19,DDPG
482,-1.5725696765344446,0.7395813046807715,0.31,DDPG
483,-2.0088449187945514,0.7198045419298862,0.34,DDPG
484,-2.1934908629442607,0.8366302933855962,0.29,DDPG
485,-1.6749869324165132,0.8255270343896308,0.33,DDPG
486,-1.6289578224634023,0.8542609162166579,0.29,DDPG
487,-1.7115544644414198,0.8527846092408238,0.37,DDPG
488,-1.517917848669302,0.8349441058102302,0.32,DDPG
489,-1.9852821728027916,0.8895438056925129,0.29,DDPG
490,-1.5303780773297135,0.8136323060584348,0.36,DDPG
491,-1.7427956557544046,0.9834985391117134,0.31,DDPG
492,-1.2632611963289353,0.9636612052593898,0.38,DDPG
493,-1.9714138216356005,0.8500546299945358,0.32,DDPG
494,-1.4016258502102739,0.8327868170103659,0.36,DDPG
495,-1.9734364865676732,0.7766132875170214,0.35,DDPG
496,-1.6175280310299198,0.8861618626317868,0.29,DDPG
497,-1.8191034558702797,0.7304032774902864,0.35,DDPG
498,-2.0291996390958436,0.7823821351583358,0.31,DDPG
499,-1.3108427063019858,0.9891269426601057,0.34,DDPG
500,-2.2134696657368993,0.8001495642039572,0.36,DDPG
501,-1.8762302333679575,0.7398609266496012,0.33,DDPG
502,-1.8799211921501122,0.8003192197922879,0.26,DDPG
503,-1.6688435491610139,0.9191027734479286,0.29,DDPG
504,-1.504224378522836,0.8127403270559855,0.29,DDPG
505,-2.079429263149093,0.9987569196484314,0.31,DDPG
506,-2.3088043613452225,0.7741227686807458,0.28,DDPG
507,-1.7749168308485244,0.7623978894916885,0.42,DDPG
508,-1.805583055532042,1.0716836865692219,0.33,DDPG
509,-1.8194883178125625,0.84706374408744,0.32,DDPG
510,-1.9196974482538598,0.7429272501846692,0.32,DDPG
511,-2.2409611362295854,0.7338895632503857,0.26,DDPG
512,-1.721167292716829,0.7312791977073264,0.4,DDPG
513,-1.9690482022417786,0.6691419352071272,0.34,DDPG
514,-0.8966922130955475,0.9775694713842472,0.37,DDPG
515,-1.2161182217512232,0.954336474430031,0.4,DDPG
516,-2.007699120436856,0.7963398875767329,0.34,DDPG
517,-1.405214630541028,0.8310281629879401,0.43,DDPG
518,-1.82084784964812,0.7726607062295369,0.43,DDPG
519,-1.6920440482752723,0.8535797095533054,0.34,DDPG
520,-1.7593146411809966,0.8195557003464888,0.33,DDPG
521,-1.615516786652981,0.8429865750286115,0.35,DDPG
522,-1.1095962244732993,1.0392990701592675,0.37,DDPG
523,-2.4911235696319816,0.6967409769813091,0.3,DDPG
524,-1.974660443885592,0.8104940304764513,0.34,DDPG
525,-1.843062893087663,0.8379327330347356,0.31,DDPG
526,-1.1327270281820625,0.9587652715822803,0.46,DDPG
527,-2.478597698481334,0.8373138076867774,0.33,DDPG
528,-2.232251948594224,0.7634774301280772,0.36,DDPG
529,-1.7021708408037532,0.8781506499475275,0.35,DDPG
530,-1.7817689760150892,0.8982051154037016,0.26,DDPG
531,-1.78699217777027,0.8093132381093728,0.34,DDPG
532,-1.5479408664168364,0.9219157322334486,0.42,DDPG
533,-1.750113358626227,0.7069595092195682,0.36,DDPG
534,-2.067817375682501,0.973414425934334,0.31,DDPG
535,-2.044561321878871,0.7589137679900397,0.29,DDPG
536,-1.5867785170126125,0.7472764524647765,0.41,DDPG
537,-1.7210755657046313,0.8195397387880253,0.32,DDPG
538,-1.7225580856340559,0.8476029279592976,0.34,DDPG
539,-1.732538059303995,0.8773991577121589,0.36,DDPG
540,-2.027145204964884,0.8007190200387648,0.24,DDPG
541,-1.4202875853386991,0.7996299349545537,0.31,DDPG
542,-1.7159402738341347,0.9895253017546275,0.28,DDPG
543,-2.1274190301460902,0.8304390210081855,0.26,DDPG
544,-2.131897231380513,0.8639423044008475,0.37,DDPG
545,-2.244568188908923,0.7546126812407121,0.37,DDPG
546,-2.121177369086778,0.7957086136402515,0.33,DDPG
547,-1.7546700919006872,0.9685155599676979,0.34,DDPG
548,-2.549723110502547,0.8144227588570558,0.26,DDPG
549,-1.3812341134625408,0.9538696985712279,0.37,DDPG
550,-2.1503036718251063,0.913786078642453,0.3,DDPG
551,-1.6854295769749614,0.8419563421721391,0.37,DDPG
552,-1.6163007853609932,0.912001434219444,0.31,DDPG
553,-1.5719332773238783,0.8885730878633535,0.34,DDPG
554,-2.18810270957916,0.6937450736199531,0.32,DDPG
555,-1.7485151934009178,0.8964277988546228,0.28,DDPG
556,-1.967396652791442,0.677849625062278,0.31,DDPG
557,-1.6193420751312657,1.181059447884793,0.32,DDPG
558,-1.5101352679070978,0.8359490139930503,0.38,DDPG
559,-2.177000764829607,0.7343321342179163,0.32,DDPG
560,-2.530259477258454,0.5732643626636351,0.29,DDPG
561,-1.000553118844323,0.9002438206653599,0.42,DDPG
562,-1.4317360631369511,0.8717725735387616,0.42,DDPG
563,-1.2520000429342106,0.9283916265149789,0.38,DDPG
564,-2.0381175871191437,0.8018297379378524,0.28,DDPG
565,-1.801841927766696,0.7916497278407804,0.34,DDPG
566,-1.7970319126401337,0.7656644951941778,0.34,DDPG
567,-2.3127530676740897,0.8597910943721047,0.36,DDPG
568,-1.367947549297623,0.8225004709138614,0.41,DDPG
569,-1.0886158102202692,0.8951026907944386,0.44,DDPG
570,-1.7648991343795395,0.8933464146920759,0.32,DDPG
571,-1.0688923820036254,0.9007882046395873,0.4,DDPG
572,-1.0866509530302504,1.104946212371215,0.4,DDPG
573,-2.000004504263891,0.858737818039162,0.31,DDPG
574,-1.5236533076299061,0.8737146108489078,0.32,DDPG
575,-1.4762883626374868,0.8751789776052625,0.37,DDPG
576,-1.72053342655933,0.8185620447341223,0.3,DDPG
577,-1.4081702862083307,1.020240862045382,0.3,DDPG
578,-2.058473467382248,0.7610677917901515,0.27,DDPG
579,-1.6109022609916812,0.8504160527097473,0.3,DDPG
580,-1.758340431503683,0.8785824277864245,0.37,DDPG
581,-1.6466506733823498,0.9355245033048254,0.32,DDPG
582,-1.8280012947869368,0.7246633679978318,0.33,DDPG
583,-1.8357758137734863,0.9800989968129638,0.37,DDPG
584,-1.55443029512833,0.8980169268638118,0.35,DDPG
585,-1.1026231010015,0.8548175111146468,0.42,DDPG
586,-2.151562048359909,0.7994589036873754,0.28,DDPG
587,-1.2412730508502767,1.0060134028289291,0.37,DDPG
588,-2.3560648217877738,0.7133237023564805,0.35,DDPG
589,-1.602584882768596,0.6787445408994062,0.35,DDPG
590,-1.7640791112961796,0.7681032951842517,0.38,DDPG
591,-1.9408399496333453,0.7396074545969766,0.36,DDPG
592,-1.8614523848015008,0.864773013734871,0.34,DDPG
593,-2.055790434842797,0.8396551110143443,0.22,DDPG
594,-1.9327772343365683,0.9121679893515338,0.31,DDPG
595,-1.8507856566238565,0.7727893409215509,0.3,DDPG
596,-1.45730363882918,0.9576084966223098,0.42,DDPG
597,-1.802929144882529,0.849164684994856,0.33,DDPG
598,-1.529223728018812,0.825550682745812,0.42,DDPG
599,-1.7932699556676719,0.8611562038541436,0.35,DDPG
600,-1.541038119444287,0.8510018689964219,0.42,DDPG
601,-1.5946483342814874,0.7640825230619904,0.36,DDPG
602,-1.6450837596740442,1.0060799178986026,0.37,DDPG
603,-1.314142787196556,0.8042148430309227,0.4,DDPG
604,-1.5549898452021156,1.0810760923157579,0.35,DDPG
605,-1.349449846389906,0.8800236264015625,0.34,DDPG
606,-1.3677711189153576,0.7797974359494673,0.35,DDPG
607,-1.8825654181795275,0.809685572329792,0.35,DDPG
608,-1.7682076396453763,0.8334706112749666,0.33,DDPG
609,-1.7820149701851629,0.9484091291040088,0.43,DDPG
610,-1.8605188507448356,0.8473571421378234,0.32,DDPG
611,-1.655028984229555,0.8569588360480123,0.26,DDPG
612,-1.9094632037865973,0.8109056404489778,0.4,DDPG
613,-1.7582480832360352,0.9008450909053025,0.33,DDPG
614,-1.5311031170238563,0.8658522125246602,0.37,DDPG
615,-1.2703320361748662,0.8764184608226531,0.36,DDPG
616,-1.8530718460580617,0.9100735386349136,0.35,DDPG
617,-1.4417755126941965,0.9449856626032935,0.29,DDPG
618,-1.9303534628353538,0.866425007303269,0.35,DDPG
619,-2.2086626301217622,0.8844802825230438,0.29,DDPG
620,-1.6769511147081801,0.8149678927980912,0.47,DDPG
621,-1.7513643856467496,0.9108891243207146,0.37,DDPG
622,-2.204379699262115,0.8804975143915378,0.28,DDPG
623,-1.7202962324464368,0.8125956425420887,0.33,DDPG
624,-1.2231993903611278,0.9934553021874644,0.34,DDPG
625,-1.6629336567710096,0.8726442646653295,0.28,DDPG
626,-1.4537220958354482,0.9726814038438849,0.37,DDPG
627,-0.9632648798713354,1.1163390163228184,0.43,DDPG
628,-1.4558325643539303,0.8549892709060622,0.44,DDPG
629,-1.2047070574421723,0.9708712534510071,0.42,DDPG
630,-2.4873593424341234,0.800076374154991,0.3,DDPG
631,-1.3860211969851148,0.8319031074075081,0.39,DDPG
632,-1.6259049160436134,0.7882474720070324,0.39,DDPG
633,-2.1379112916321334,0.8491632313477446,0.27,DDPG
634,-2.006877367140873,0.7760014106587427,0.33,DDPG
635,-2.068147248756838,0.87034054217539,0.34,DDPG
636,-1.6451360910804431,0.9299199817062807,0.3,DDPG
637,-1.6904194782552642,0.8127649561715482,0.4,DDPG
638,-1.958143269027065,0.7271121469195134,0.36,DDPG
639,-1.6780454626977142,0.8273038621919164,0.41,DDPG
640,-1.9365213410175761,0.7155514957473494,0.41,DDPG
641,-2.8333784821738943,0.6345802700955672,0.37,DDPG
642,-1.9919375779612067,0.5907451798958147,0.37,DDPG
643,-1.552879089473617,0.8022990010376322,0.37,DDPG
644,-1.5636376904642881,0.7996270361152434,0.36,DDPG
645,-2.123408695272628,0.7761663454997185,0.3,DDPG
646,-2.1073278607030703,0.7766673492678978,0.29,DDPG
647,-1.4836922661253098,0.7961184780472864,0.27,DDPG
648,-1.9181233372519322,0.8175623849278192,0.28,DDPG
649,-1.3968824674388642,0.6874395045253455,0.42,DDPG
650,-1.5013926470727268,0.9178707897500522,0.37,DDPG
651,-1.4539115275896686,1.0007513198636984,0.31,DDPG
652,-1.7022177482664276,0.9212754673260021,0.34,DDPG
653,-1.1368518716858171,0.9129489361706017,0.33,DDPG
654,-1.5569855323995552,0.95204454438092,0.36,DDPG
655,-1.6240293682485423,0.8312684038831368,0.29,DDPG
656,-2.058095376834668,0.808058617609612,0.31,DDPG
657,-1.724042619291839,0.853333416237477,0.36,DDPG
658,-1.7007350452855012,0.7760352847153742,0.31,DDPG
659,-1.887133415394043,0.8798929371248937,0.34,DDPG
660,-1.7414391531756002,0.7200096364105039,0.37,DDPG
661,-0.9261407758307517,0.9533010242656554,0.47,DDPG
662,-1.135873324560714,1.0713096069128936,0.39,DDPG
663,-2.627850008698498,0.7482306473849727,0.32,DDPG
664,-1.625847225681659,0.9123391987225448,0.3,DDPG
665,-1.3715650437641063,0.7849351080442795,0.35,DDPG
666,-2.0994157105763427,0.8873510992557031,0.27,DDPG
667,-1.947614299862244,0.6883645454476421,0.31,DDPG
668,-1.4075457450964708,0.779743896928201,0.38,DDPG
669,-1.5191408895870664,0.8323279473308781,0.42,DDPG
670,-2.0872304287543586,0.8176925759083578,0.31,DDPG
671,-1.7693068953406346,0.9140927445055741,0.34,DDPG
672,-1.8146614242759551,0.7319274740597586,0.32,DDPG
673,-1.2251983571874374,0.9840961095226717,0.35,DDPG
674,-1.950937207406136,0.8174490670738611,0.3,DDPG
675,-1.8594747971629162,0.8210750098811964,0.21,DDPG
676,-1.187699437320944,1.0223234809403967,0.36,DDPG
677,-1.3967129619835388,1.047683269116829,0.31,DDPG
678,-1.3316685021842476,0.807389725763853,0.36,DDPG
679,-1.4740799412758019,0.8651153620821668,0.38,DDPG
680,-1.878112771780536,0.8074727151443516,0.28,DDPG
681,-2.05319754889174,0.8113291015157243,0.29,DDPG
682,-1.7832010366809723,0.8639579173203491,0.3,DDPG
683,-1.9240050780636304,0.977844064957388,0.29,DDPG
684,-1.4098166459610249,0.8242606528271891,0.37,DDPG
685,-1.4892199208252241,1.1134974982410664,0.42,DDPG
686,-1.7502407745272268,0.9628290363864102,0.28,DDPG
687,-1.455276338310599,0.8471270178289485,0.35,DDPG
688,-1.7783553090825432,0.826653810442023,0.24,DDPG
689,-2.1246035775407877,0.6888048849092789,0.31,DDPG
690,-2.049003747864541,0.7361293078269783,0.3,DDPG
691,-2.1067484859330867,0.7796265582754289,0.28,DDPG
692,-1.51904846256043,0.9411380325662299,0.33,DDPG
693,-1.588316257639168,0.940098643284698,0.34,DDPG
694,-1.607737034074178,0.8153097093618358,0.4,DDPG
695,-1.7083039667388298,0.803393045973944,0.37,DDPG
696,-1.1072610740124458,0.8537325353644973,0.37,DDPG
697,-1.5792657539658688,0.8960170395953072,0.35,DDPG
698,-1.292247563384054,0.9227128218190844,0.27,DDPG
699,-1.4420464300231826,1.0916320538775341,0.26,DDPG
700,-1.7034492640519894,0.928029644417916,0.33,DDPG
701,-1.5056813691227797,0.9386063385238965,0.3,DDPG
702,-1.5823136741924808,0.8696211302112025,0.32,DDPG
703,-1.5144363759639796,0.805441806878963,0.34,DDPG
704,-1.948729870533341,0.8560103810039671,0.28,DDPG
705,-2.2320452153006896,0.9247314240706023,0.3,DDPG
706,-2.2983535485306463,0.6967696719025193,0.28,DDPG
707,-1.6887663344357673,0.8846506730083102,0.37,DDPG
708,-1.8091511496659232,0.7938038431633128,0.33,DDPG
709,-1.7201377110854748,0.8263406778031026,0.27,DDPG
710,-1.6793662563969511,0.7850078875131297,0.35,DDPG
711,-2.026676677644724,0.669540993648218,0.29,DDPG
712,-1.3246590088575478,0.9387860842773117,0.32,DDPG
713,-1.405756063512903,1.0369235206161083,0.39,DDPG
714,-1.7228419376103716,0.8789234734500045,0.35,DDPG
715,-1.6607248236276908,0.9100594488936832,0.3,DDPG
716,-1.2886196877079232,0.8266987884414724,0.35,DDPG
717,-1.579724796579579,0.9225370128034147,0.32,DDPG
718,-1.7736391566166712,0.9010263250742955,0.31,DDPG
719,-1.4063949306865364,0.9136057962892555,0.36,DDPG
720,-1.785476813767553,0.7260309171196409,0.34,DDPG
721,-1.129168178095413,1.0026136266688477,0.37,DDPG
722,-2.0816489679605814,0.6691255143046866,0.27,DDPG
723,-1.6924378717417816,0.852373539236293,0.31,DDPG
724,-1.6895930380011017,0.7700418700754832,0.34,DDPG
725,-1.8040551714731392,0.8938646576241487,0.36,DDPG
726,-1.1093072623270472,1.0111931678282715,0.32,DDPG
727,-1.4265716792246799,1.0414765656882825,0.36,DDPG
728,-2.036006769303288,0.9189743208932549,0.27,DDPG
729,-1.3726467970135772,1.0065411366277683,0.34,DDPG
730,-1.8880084633890246,0.8728812761652973,0.37,DDPG
731,-1.5884818705043755,0.8612627264755566,0.34,DDPG
732,-1.6328256594484645,0.9162735104789274,0.3,DDPG
733,-2.381162914441618,0.8431823038974726,0.23,DDPG
734,-2.5413557974940497,0.7007976622439561,0.29,DDPG
735,-1.971781852782559,0.951953212835183,0.31,DDPG
736,-1.6929010686744836,0.756427471578526,0.32,DDPG
737,-2.5322292792824084,0.6717858846771999,0.26,DDPG
738,-1.9339889793380483,1.0128151734731203,0.28,DDPG
739,-1.5793103563170183,0.9068471474746826,0.28,DDPG
740,-1.6314964557415517,0.9632376136948841,0.29,DDPG
741,-1.9978868190973245,0.9181488744080825,0.27,DDPG
742,-1.2235443485257107,0.9789725699222502,0.31,DDPG
743,-1.4458923756628372,0.9796930727642708,0.29,DDPG
744,-2.0805858971592888,0.7373120389545643,0.32,DDPG
745,-1.1932011738766357,0.9731170524879925,0.34,DDPG
746,-1.736843761621432,0.8660974763764494,0.3,DDPG
747,-1.5015368213807632,0.9549555993233748,0.36,DDPG
748,-1.6182140135870042,0.9090801887772885,0.32,DDPG
749,-1.7527235763977027,0.7054201961337131,0.3,DDPG
750,-1.5581980826375998,0.8852090603753403,0.32,DDPG
751,-1.95843395429223,0.8194467938251454,0.22,DDPG
752,-1.4203810405303365,0.9949369288151959,0.34,DDPG
753,-1.7853041302268733,0.7449021503856436,0.31,DDPG
754,-1.4851124367594721,1.021310878603167,0.35,DDPG
755,-1.9655301553062943,0.9696075688700183,0.38,DDPG
756,-1.2932916358284479,1.120522068814123,0.32,DDPG
757,-1.7955492543238802,0.8637149835418891,0.31,DDPG
758,-1.9935009503978387,0.7974305397791294,0.29,DDPG
759,-1.6251634805193955,0.8579443891671825,0.37,DDPG
760,-1.229300839358063,1.0394141272152373,0.37,DDPG
761,-2.5659115475804337,0.8981896106210131,0.32,DDPG
762,-1.5300815448868108,0.9611150410668174,0.35,DDPG
763,-1.606948181304589,0.843197819149148,0.25,DDPG
764,-1.3210495112833118,0.9484740645899344,0.31,DDPG
765,-1.7490580575660593,0.800106691339856,0.34,DDPG
766,-1.8282766045022163,0.9441643436368713,0.31,DDPG
767,-1.470792720227831,0.8236213201205822,0.36,DDPG
768,-1.46314070808652,0.8863004767048589,0.29,DDPG
769,-1.634469122306895,0.9418939068060653,0.3,DDPG
770,-1.6390370479689522,0.9399268214500677,0.28,DDPG
771,-1.2550175989699786,0.8239454845827674,0.32,DDPG
772,-1.5327889981796075,0.846194651319846,0.28,DDPG
773,-1.7102634277045317,0.8803661841471887,0.28,DDPG
774,-1.6469178988640438,0.7115327857969689,0.34,DDPG
775,-1.4568831980212837,0.9670169816149923,0.33,DDPG
776,-2.1468556084575514,0.8205086530731346,0.26,DDPG
777,-1.6383008001982768,0.9550263118555946,0.34,DDPG
778,-1.772599166268619,1.0397394536825781,0.27,DDPG
779,-1.9711823639109642,0.8587369122910242,0.24,DDPG
780,-1.773299051053383,0.8811548092567031,0.31,DDPG
781,-1.197079508294964,1.0892748270190638,0.38,DDPG
782,-2.1824704314354104,1.0073181854759214,0.31,DDPG
783,-1.4601717578224989,0.8582291429337323,0.32,DDPG
784,-1.142891381971398,1.00798236738922,0.36,DDPG
785,-2.2023124764824935,0.7583621382190294,0.26,DDPG
786,-1.380342566599896,0.9026503773324894,0.37,DDPG
787,-1.5069700408327678,0.924292608903661,0.27,DDPG
788,-2.7530436923954924,0.7656407931680395,0.27,DDPG
789,-1.2011532864569745,1.013869089872695,0.41,DDPG
790,-1.5959686646852704,0.9417164537431337,0.28,DDPG
791,-1.960019690274803,0.8527246846852874,0.25,DDPG
792,-1.1672121692212654,1.0004794395255503,0.28,DDPG
793,-1.1074523377641328,1.0193423224141862,0.35,DDPG
794,-2.247399761135554,0.7812779179752662,0.27,DDPG
795,-1.5899307489354157,1.0514552831985333,0.33,DDPG
796,-1.449938517448685,0.7966398814864949,0.4,DDPG
797,-1.3519713207263218,0.9402427405881383,0.38,DDPG
798,-1.8994422054851945,0.8618196509431225,0.28,DDPG
799,-1.8874772896123293,0.8941027032703335,0.27,DDPG
800,-1.6232552495429176,0.9459974509656106,0.28,DDPG
801,-2.2340894523903,0.844501755462942,0.31,DDPG
802,-2.3047525884253446,0.7331982656337576,0.3,DDPG
803,-1.617655538161476,0.8901313501183827,0.29,DDPG
804,-1.6244267381263426,0.9024443415681069,0.31,DDPG
805,-1.7576298239265689,0.8401053177225591,0.27,DDPG
806,-1.1994551714140318,0.961234576511267,0.34,DDPG
807,-1.774809949315407,1.0198338919447882,0.34,DDPG
808,-1.822927066980212,0.6682644315049084,0.3,DDPG
809,-0.9161172189226265,1.0408082438708235,0.41,DDPG
810,-1.5871536171608909,0.9022272295663744,0.28,DDPG
811,-1.8496058784820422,0.944758443823944,0.27,DDPG
812,-1.9329728285218348,0.8300534979546351,0.34,DDPG
813,-2.010506316338207,0.9011036032446234,0.33,DDPG
814,-1.1817240818231916,1.1011818097118486,0.32,DDPG
815,-1.765449846439105,0.9733261259917562,0.32,DDPG
816,-1.5478682321178872,0.8416696774697939,0.32,DDPG
817,-1.1356795189222622,1.0699390722532915,0.3,DDPG
818,-1.8566127677546325,0.7979710793539663,0.23,DDPG
819,-1.5483528629402872,0.8939638394166868,0.28,DDPG
820,-2.0351099249585247,0.7254311172661532,0.28,DDPG
821,-1.4512875420745537,0.7918728817985337,0.32,DDPG
822,-1.0487827754566372,1.0185443722140644,0.32,DDPG
823,-1.451787617439843,1.05155506064332,0.3,DDPG
824,-1.3799301667038366,0.8487188852735457,0.35,DDPG
825,-1.4728912592968606,0.891672281567152,0.28,DDPG
826,-1.2007149484707156,1.0823198669646217,0.32,DDPG
827,-0.926428324267575,1.2719331322111556,0.34,DDPG
828,-1.5665757176784385,1.0197933429816397,0.28,DDPG
829,-1.5842220578614015,0.8717106289009614,0.34,DDPG
830,-1.768134784578907,0.869786065257751,0.29,DDPG
831,-1.2601918670610528,1.0757480336674237,0.32,DDPG
832,-1.6739642593973842,0.8531001809474337,0.29,DDPG
833,-1.5050795567154154,0.9630669419940753,0.37,DDPG
834,-1.8035284521320707,1.0793896656514665,0.27,DDPG
835,-1.7041321299940941,0.9218771579986216,0.38,DDPG
836,-1.422091196298181,0.9445507112546381,0.35,DDPG
837,-1.7522601428426448,0.8592945741278051,0.3,DDPG
838,-1.4984923505150616,0.7664046713416801,0.32,DDPG
839,-1.843297241255218,0.9638997145521249,0.28,DDPG
840,-2.302556993868022,0.8748886192182832,0.35,DDPG
841,-1.392018219044096,0.9865849283160725,0.38,DDPG
842,-1.3474069230060293,0.9108144466075366,0.35,DDPG
843,-1.1452458808829251,0.9680058699105669,0.31,DDPG
844,-1.459798026568304,0.7804943839960317,0.38,DDPG
845,-2.229643842090895,0.7286986211606451,0.28,DDPG
846,-1.1302832983990703,0.9781321400274692,0.36,DDPG
847,-1.6446675508301467,0.8590520962657684,0.25,DDPG
848,-1.4579576629502342,0.9690164528995875,0.31,DDPG
849,-1.558649810022463,1.16866080498396,0.38,DDPG
850,-1.4001933927218133,0.9612498205854226,0.3,DDPG
851,-1.00267867315021,1.0082321896441884,0.43,DDPG
852,-1.5338585093228176,1.0911225917456182,0.41,DDPG
853,-1.6595119954384898,0.814758908822737,0.33,DDPG
854,-1.7402183620696678,0.7590214075574191,0.32,DDPG
855,-1.5566950351688777,0.9914506727238604,0.29,DDPG
856,-1.1959740059011774,0.9929792601850158,0.4,DDPG
857,-1.1602121940375998,0.9480129448667282,0.37,DDPG
858,-1.5135631516295986,0.8772201228112028,0.41,DDPG
859,-1.653778454332452,0.7929043186935648,0.34,DDPG
860,-1.9750772708934934,0.7955399458655136,0.24,DDPG
861,-1.348694045617334,0.755850673581396,0.35,DDPG
862,-1.571252404653971,0.9601222102763792,0.27,DDPG
863,-1.5348375338355058,0.9040778896412313,0.33,DDPG
864,-1.1501359635151132,0.968564622411808,0.34,DDPG
865,-1.720208817158184,0.9383301112476262,0.31,DDPG
866,-1.5922940728720105,0.73926460576035,0.35,DDPG
867,-1.5454011401589114,0.9031992229147496,0.23,DDPG
868,-1.442923193357282,1.0017147903578434,0.34,DDPG
869,-1.6246384426524336,1.0325731694615894,0.38,DDPG
870,-1.5027275682927053,0.8538892663843852,0.31,DDPG
871,-1.5135498665245093,0.8776688395302097,0.38,DDPG
872,-1.868931756100774,0.9837180739278206,0.28,DDPG
873,-2.0219743334252773,0.9026744616824414,0.28,DDPG
874,-1.776305304671323,0.7925545123528047,0.37,DDPG
875,-1.6424472879627607,0.8054179093295764,0.31,DDPG
876,-0.9557400192733665,1.1076944960047792,0.38,DDPG
877,-1.438407576578318,0.8410796302376105,0.33,DDPG
878,-1.5673580654723054,0.8453850421455291,0.3,DDPG
879,-1.2634567210065162,1.000181230112432,0.31,DDPG
880,-1.5343201844246825,0.7717571358347765,0.41,DDPG
881,-1.2827684199121832,0.8965520099837008,0.33,DDPG
882,-1.7775967906568777,0.8535811507222506,0.32,DDPG
883,-1.8700271928994383,0.8433554592402455,0.29,DDPG
884,-1.4152651670670506,0.896660612980931,0.36,DDPG
885,-1.862875534448129,0.7764653010256771,0.36,DDPG
886,-1.546620726651405,0.9949089623993629,0.33,DDPG
887,-1.272775176560429,0.8853393853819724,0.36,DDPG
888,-1.5116337537206053,0.7941792585419205,0.32,DDPG
889,-1.2302076813032585,0.8817390629327175,0.34,DDPG
890,-1.4011368260072816,1.0061487735268524,0.31,DDPG
891,-2.406850532414027,0.9692184743915502,0.3,DDPG
892,-1.5708290022501372,0.8633740025906933,0.3,DDPG
893,-1.7539117856299706,0.960478879386546,0.29,DDPG
894,-1.4724015233139085,0.9794915607293748,0.34,DDPG
895,-1.242458470169762,0.8736186502637062,0.41,DDPG
896,-1.6096369757633888,0.8868037965787061,0.26,DDPG
897,-0.9393639393933734,0.9507217369503229,0.44,DDPG
898,-1.3714135962768774,1.023919604634771,0.34,DDPG
899,-1.9799190702720875,0.8976200714558309,0.35,DDPG
900,-1.744965395996986,0.7900817723844371,0.21,DDPG
901,-1.9980553266839658,0.7343268485852908,0.31,DDPG
902,-1.4352785342406629,0.8174764665681987,0.35,DDPG
903,-1.148177822239513,0.9748587813293093,0.31,DDPG
904,-1.671914174658778,0.9089253413673545,0.32,DDPG
905,-1.0850395603049399,1.0175216948659689,0.36,DDPG
906,-1.2021739244305811,0.959376586421184,0.37,DDPG
907,-1.6147920942947334,0.7928331236506958,0.33,DDPG
908,-1.5385602408539165,0.9546223344433783,0.26,DDPG
909,-1.4022065418494707,0.9077348077686657,0.43,DDPG
910,-1.3114518641116115,1.0258763640285784,0.38,DDPG
911,-1.4081217666335712,0.7814824579573032,0.35,DDPG
912,-1.8979387554599862,1.0259162356848361,0.29,DDPG
913,-1.576985583163862,0.9106769176333771,0.29,DDPG
914,-1.6656086037205582,0.7789950465851705,0.3,DDPG
915,-1.4145151101745865,0.7146338860770193,0.26,DDPG
916,-1.621246944829844,0.8138482431535117,0.28,DDPG
917,-1.171333289730644,0.9943225666960024,0.37,DDPG
918,-1.4364843794664597,0.8892730208376187,0.36,DDPG
919,-2.2226033992770438,0.780869974381586,0.28,DDPG
920,-0.9080309227223075,1.21247370274173,0.31,DDPG
921,-1.2252740425281132,0.9986661599680996,0.28,DDPG
922,-1.5999243082535397,0.9427120680391186,0.35,DDPG
923,-1.1284015712867559,0.9775246441941111,0.33,DDPG
924,-1.7886382643949508,0.9056103263564371,0.36,DDPG
925,-0.6980541195678552,1.0408521514410158,0.4,DDPG
926,-1.4859444025519815,0.9229169858568644,0.34,DDPG
927,-0.5426019873238388,1.1739857804352316,0.45,DDPG
928,-1.3945189714135318,0.871673719744043,0.34,DDPG
929,-1.285993107988915,0.8713707031077476,0.27,DDPG
930,-1.64164523404299,1.0072567928544027,0.29,DDPG
931,-1.551804808278475,0.9344231583774186,0.4,DDPG
932,-0.6757774624255358,1.1029290055130638,0.4,DDPG
933,-1.2870127754469392,0.8467888018174884,0.36,DDPG
934,-1.5868266626744123,0.935127633499755,0.35,DDPG
935,-1.5926112356146627,0.7840094060237581,0.33,DDPG
936,-1.6825673431945105,0.89874914583359,0.32,DDPG
937,-1.2677685888948036,0.9192476803047753,0.37,DDPG
938,-1.2442991023365741,0.9495297132115336,0.35,DDPG
939,-1.6951386051228112,0.9010004601956453,0.34,DDPG
940,-1.3438183803545192,1.0287574129586217,0.4,DDPG
941,-1.1432766182353984,1.057018493995583,0.3,DDPG
942,-1.4633434171132627,0.8592201575223133,0.32,DDPG
943,-1.2255477466990725,1.052047517246439,0.34,DDPG
944,-1.0132579674014839,0.9515778907675139,0.4,DDPG
945,-1.1464091807440382,0.986999661131027,0.35,DDPG
946,-0.6931786023796751,1.2235661253160122,0.39,DDPG
947,-1.6176898762911207,0.852018191579367,0.34,DDPG
948,-1.7304801160620924,0.8891698878109247,0.27,DDPG
949,-1.2692139336676806,0.9817277249854993,0.36,DDPG
950,-2.2029249169870133,0.6828334617949295,0.22,DDPG
951,-1.3760676132824516,0.8597562325312071,0.28,DDPG
952,-1.420441788922511,0.8906882454300977,0.3,DDPG
953,-1.2519319809288634,0.9608652432341365,0.3,DDPG
954,-1.295987056077838,0.9146756048995005,0.37,DDPG
955,-3.1674156639976268,0.8521962725053358,0.34,DDPG
956,-1.4336619118579892,0.8344209944186116,0.32,DDPG
957,-1.804784988410141,0.7689289257005,0.31,DDPG
958,-1.1440323139009123,0.9317029857930925,0.36,DDPG
959,-1.0256604095232524,1.0501524910546087,0.38,DDPG
960,-1.2644493951121114,0.8605177047468687,0.36,DDPG
961,-1.1054144325120767,0.9698659442121043,0.38,DDPG
962,-1.6447891198927127,0.7595502532771102,0.27,DDPG
963,-1.3267241406846724,0.9459849550349705,0.34,DDPG
964,-1.6357035035516958,0.8803561515826971,0.24,DDPG
965,-1.1129876901205957,0.9749774370359593,0.34,DDPG
966,-1.2383383899936689,1.0148046154649295,0.35,DDPG
967,-1.5878728318111754,1.023942682457826,0.3,DDPG
968,-1.5572103659661638,0.913491508691757,0.35,DDPG
969,-1.528558152296358,0.9285409980966639,0.28,DDPG
970,-1.158930779079636,1.0293592365805864,0.32,DDPG
971,-1.4311398110277276,0.9213163502341462,0.32,DDPG
972,-0.9733181193127572,0.9835966178112477,0.33,DDPG
973,-1.4452906158043712,0.908859680062023,0.32,DDPG
974,-1.319581864633272,0.9692031199835303,0.44,DDPG
975,-1.5517480520594142,0.8987292011848598,0.32,DDPG
976,-1.6970247303257364,0.8091786910194726,0.31,DDPG
977,-1.3278022025470164,0.9116033517810541,0.35,DDPG
978,-1.3371795552852532,1.0329686032381975,0.41,DDPG
979,-1.4428346314525518,0.9198577430533613,0.34,DDPG
980,-1.791352223937296,0.936564848168407,0.31,DDPG
981,-0.6544138008236611,1.1946780128224235,0.44,DDPG
982,-1.354908294015429,0.9855064440371981,0.35,DDPG
983,-1.4097676498594836,0.9843681353109694,0.38,DDPG
984,-1.5333367427034401,0.9402752349584851,0.33,DDPG
985,-1.0770341150207239,1.0395837667972676,0.42,DDPG
986,-1.3665113765401289,0.9190786956693198,0.34,DDPG
987,-1.3822713580052448,0.9842175032065138,0.36,DDPG
988,-1.925177791502092,0.7753287228063372,0.29,DDPG
989,-1.4749270868604196,0.938425961122188,0.33,DDPG
990,-1.0517933204993397,1.0496037831571003,0.34,DDPG
991,-1.6320162832805591,0.9049833238987417,0.39,DDPG
992,-1.3388206387644612,0.9808946604004422,0.38,DDPG
993,-1.288024048010502,0.9273062309673786,0.35,DDPG
994,-1.7575030004613967,0.8531891651237886,0.36,DDPG
995,-1.744817237651153,0.8742093884958807,0.29,DDPG
996,-1.0086394001686996,0.9842722125678404,0.41,DDPG
997,-1.5568391354080804,0.8762219507130864,0.31,DDPG
998,-1.3087696285988752,0.8766155391321289,0.35,DDPG
999,-1.237867218122467,0.9588774841930702,0.37,DDPG
1000,-1.759685936149252,0.786913174356792,0.25,DDPG
1001,-1.1065753943425303,0.9988823077860103,0.35,DDPG
1002,-1.6539657890311366,0.6853582586672275,0.3,DDPG
1003,-1.4302574966172343,0.9670059435424089,0.3,DDPG
1004,-0.9453729621538252,1.0989860116482406,0.41,DDPG
1005,-1.112865785589504,1.103345315936429,0.3,DDPG
1006,-0.9601975862446698,1.0044006740687919,0.36,DDPG
1007,-1.5488586556532045,0.6863142566445731,0.3,DDPG
1008,-1.2049565176441432,1.0468667649332597,0.34,DDPG
1009,-1.3315966516654012,1.1426242345930944,0.27,DDPG
1010,-1.2707184343623539,0.903813700985762,0.31,DDPG
1011,-1.8314693419364836,0.9484205379404088,0.29,DDPG
1012,-1.11117536920762,0.9592377455462152,0.29,DDPG
1013,-0.8539266864375992,1.061894966506577,0.41,DDPG
1014,-1.9338982003847023,0.7264708852242446,0.33,DDPG
1015,-1.6763904468994884,0.8350215287718561,0.31,DDPG
1016,-1.3837042493569855,0.8767159216553219,0.4,DDPG
1017,-1.138467839665773,1.0099508377298232,0.28,DDPG
1018,-1.2535879751420709,0.9450031754365377,0.38,DDPG
1019,-1.3693306445611133,0.7803683384579734,0.4,DDPG
1020,-1.472215475229496,0.9308640879328681,0.37,DDPG
1021,-1.3719588797453082,1.074979981615776,0.32,DDPG
1022,-1.0185435090008095,0.8989219967150426,0.39,DDPG
1023,-1.161932809520846,0.9598907359049388,0.42,DDPG
1024,-0.986418293343908,1.063189595526794,0.37,DDPG
1025,-1.0916682337051484,1.0684986789793443,0.37,DDPG
1026,-1.421937725219247,0.804409357998527,0.36,DDPG
1027,-1.4666305255198286,0.7966124075693811,0.36,DDPG
1028,-1.0349359152673658,1.141414602536063,0.35,DDPG
1029,-1.5231135185390627,0.8271595768300276,0.36,DDPG
1030,-1.4894136631995585,0.9516836120777422,0.38,DDPG
1031,-1.5643425978233163,0.9213473547504277,0.21,DDPG
1032,-1.244679158175125,1.0207947030361437,0.38,DDPG
1033,-0.9074557332624318,1.0791497899592686,0.49,DDPG
1034,-0.9182634926810721,0.9813164417161978,0.38,DDPG
1035,-1.3918541746057114,0.9232655947247401,0.34,DDPG
1036,-1.1384044679117082,1.0464867757699212,0.26,DDPG
1037,-1.4863799505921538,0.8497388613739474,0.35,DDPG
1038,-0.9705864367274755,1.1458246773271863,0.46,DDPG
1039,-1.4691639684819422,0.9260485694554991,0.3,DDPG
1040,-1.3801900625140144,0.8496532091936906,0.4,DDPG
1041,-1.3171737982516916,0.8315472204271497,0.35,DDPG
1042,-1.2745844401012685,0.9580946521352195,0.37,DDPG
1043,-1.0608729168967015,1.0235314524811967,0.39,DDPG
1044,-1.487984708657595,0.9876370875636633,0.38,DDPG
1045,-1.474343624784151,0.8749239134835574,0.36,DDPG
1046,-1.3304652351012571,0.9869745758750439,0.39,DDPG
1047,-1.6717928276059681,0.9444287489013,0.36,DDPG
1048,-1.0972527410050363,1.128177377855876,0.38,DDPG
1049,-1.6401246873040307,0.8443461833457249,0.34,DDPG
1050,-1.1310222808039057,0.8653399131699566,0.36,DDPG
1051,-1.6473037064060414,0.9267842315343273,0.28,DDPG
1052,-1.3789522811009027,1.111864173095911,0.38,DDPG
1053,-1.5525633990055077,0.9064572521611362,0.33,DDPG
1054,-1.5013634339677748,0.7927895567740616,0.37,DDPG
1055,-1.3136729737176933,1.0027814719568657,0.3,DDPG
1056,-1.3786831719463135,0.878034835070975,0.38,DDPG
1057,-1.7419649563156907,0.8899798380171484,0.3,DDPG
1058,-0.8040629459223472,1.0202610565324326,0.51,DDPG
1059,-1.3262257437105975,0.9172390431034403,0.45,DDPG
1060,-1.1155244117559748,1.046703035436834,0.33,DDPG
1061,-1.099227514248777,0.9898036101256968,0.41,DDPG
1062,-1.2032873108670452,1.038200144816379,0.34,DDPG
1063,-1.3595169799646547,0.9524079296687866,0.28,DDPG
1064,-1.6106738528223503,0.8530490956143651,0.31,DDPG
1065,-1.2864957293549046,0.9862131433817325,0.37,DDPG
1066,-1.4968601388579967,0.8824633482134405,0.36,DDPG
1067,-1.552213601319043,1.0243877385937703,0.31,DDPG
1068,-1.3180984459820089,0.8627129251312263,0.38,DDPG
1069,-1.122938933863173,0.8984182126978756,0.38,DDPG
1070,-1.5204080720705346,0.8862623587309864,0.36,DDPG
1071,-1.5381709842168143,0.9865448463883044,0.33,DDPG
1072,-1.4437064464702394,0.8641551855163285,0.42,DDPG
1073,-1.2571751031224232,0.96974599207069,0.34,DDPG
1074,-1.943703964275413,0.7338249941378759,0.31,DDPG
1075,-1.645111000283629,0.844228163234407,0.32,DDPG
1076,-1.2792828720811664,0.8371385959335885,0.37,DDPG
1077,-1.5456970447442102,0.8095064227490022,0.34,DDPG
1078,-1.695012239881735,0.852857806345055,0.39,DDPG
1079,-0.9311201657983461,0.9909279184481228,0.37,DDPG
1080,-1.2885322588276968,0.7192743954941614,0.41,DDPG
1081,-1.5943912371374587,0.818340058752653,0.35,DDPG
1082,-1.2354950600009993,0.8883754812649057,0.33,DDPG
1083,-1.1121159675562464,1.0121406229725434,0.39,DDPG
1084,-1.5129936909953399,0.8183605634986278,0.38,DDPG
1085,-1.35265558699339,0.9071533333611551,0.38,DDPG
1086,-1.2341541267704244,1.0433468137159834,0.32,DDPG
1087,-1.1691966856043008,0.8790811319602032,0.41,DDPG
1088,-1.6211900284040746,0.9025928118620924,0.37,DDPG
1089,-1.6361455704406753,0.8706291069478338,0.4,DDPG
1090,-1.4806882278324827,0.8474715233185683,0.34,DDPG
1091,-1.3080919312656263,0.7874712188718809,0.37,DDPG
1092,-0.8877256416952883,0.922792624543477,0.39,DDPG
1093,-1.7243853588474618,0.6963336067222953,0.33,DDPG
1094,-1.9539226017965612,0.9255423271199331,0.32,DDPG
1095,-1.338027842712894,0.9060838912184523,0.35,DDPG
1096,-1.398788824606118,0.9586599293372905,0.31,DDPG
1097,-1.3076802314811389,1.0157060290587834,0.39,DDPG
1098,-1.051862396658202,0.9203643874539948,0.45,DDPG
1099,-1.692583297876868,0.8161327848010173,0.26,DDPG
1100,-1.5450891249033847,0.826854420821363,0.3,DDPG
1101,-1.4641714315129928,0.934315364145834,0.31,DDPG
1102,-0.7337926659918962,1.1283418217429944,0.36,DDPG
1103,-0.7019373372003526,1.10722540566703,0.47,DDPG
1104,-1.9377495373163274,0.9526558250785141,0.38,DDPG
1105,-1.1127793517149709,0.9197046701413686,0.36,DDPG
1106,-1.4936723649857633,0.9917612581659868,0.39,DDPG
1107,-1.2476767354890734,0.8975143554525942,0.34,DDPG
1108,-1.5124317947640122,0.8005965745080077,0.32,DDPG
1109,-0.9954413986373478,0.9752674361055863,0.37,DDPG
1110,-1.2460548250772163,0.768117869669372,0.36,DDPG
1111,-1.0196646152748732,1.1626625493637053,0.42,DDPG
1112,-1.0367597042181556,0.9247047993968632,0.43,DDPG
1113,-1.417840824686923,0.9434474507186882,0.36,DDPG
1114,-1.7326493296917178,0.8679262381409515,0.32,DDPG
1115,-1.0671542505852643,1.1167928836560226,0.36,DDPG
1116,-1.8895905694467374,1.0296463269116378,0.35,DDPG
1117,-1.310211216375749,0.897862947269622,0.36,DDPG
1118,-0.8357163242815617,1.0871261158773695,0.44,DDPG
1119,-1.3739910159422204,0.9839613293725433,0.3,DDPG
1120,-1.3095651314003203,0.8692186415542065,0.32,DDPG
1121,-1.5806104136427224,0.9019534468571722,0.31,DDPG
1122,-0.9745608862079201,1.0260507786933857,0.35,DDPG
1123,-1.3792047263168181,0.9793830298175099,0.35,DDPG
1124,-1.1595070720032756,1.146128048442284,0.35,DDPG
1125,-1.2960445184685472,0.7058352863051561,0.35,DDPG
1126,-1.2983879078816452,0.9436712921209756,0.3,DDPG
1127,-1.204109237835599,0.938967424627704,0.33,DDPG
1128,-1.3353209110332278,0.8504660735313188,0.36,DDPG
1129,-0.7326940242980126,1.1322622303701433,0.32,DDPG
1130,-2.2132260283126852,0.751665373649526,0.28,DDPG
1131,-0.8991105250980143,0.8746360463774759,0.36,DDPG
1132,-1.1886199277402243,0.8833354175475023,0.36,DDPG
1133,-1.9281868773666178,0.7722658259587704,0.35,DDPG
1134,-1.1820816191554504,1.071552523205003,0.39,DDPG
1135,-1.6148714253945906,0.7728789591460365,0.33,DDPG
1136,-1.4597101199059244,0.895229514367971,0.34,DDPG
1137,-0.8173744631789752,1.1709585692944968,0.45,DDPG
1138,-1.3559325944137703,0.8446055653032251,0.31,DDPG
1139,-1.8565494131418225,0.8859158041163058,0.35,DDPG
1140,-1.5452777203601544,0.8508952601190711,0.33,DDPG
1141,-1.3189993595495364,0.9224079006055625,0.38,DDPG
1142,-1.1421384429079553,0.8735897388878293,0.31,DDPG
1143,-1.391769156401929,0.9016598705115574,0.38,DDPG
1144,-1.8803466892005911,0.620091731926412,0.32,DDPG
1145,-1.4948686959423967,0.7664394389832423,0.36,DDPG
1146,-1.8179684324484544,0.8617445689163813,0.35,DDPG
1147,-1.6650796209877508,0.7478087869909567,0.36,DDPG
1148,-0.8044084895082685,1.2589691954826425,0.46,DDPG
1149,-1.5664011104629552,0.8650219755717627,0.32,DDPG
1150,-1.5326582271255027,0.893301644289039,0.33,DDPG
1151,-1.1857921928620414,0.9656992572134848,0.35,DDPG
1152,-1.970952409272834,0.7979904549846952,0.3,DDPG
1153,-0.6737053733607188,1.0614768490961881,0.39,DDPG
1154,-1.4797784451549203,0.8566348984652375,0.33,DDPG
1155,-1.5608827265406457,0.9154242270383621,0.34,DDPG
1156,-1.8673084550975807,0.776917054915004,0.33,DDPG
1157,-1.0850850695204302,0.8570544060910846,0.31,DDPG
1158,-1.115455398809956,0.8470854980631942,0.39,DDPG
1159,-1.3838116453038554,0.7303570577168628,0.4,DDPG
1160,-1.1449030667912192,1.0650518000399338,0.43,DDPG
1161,-0.9182441130146748,0.9733071404644569,0.43,DDPG
1162,-1.3438763865107084,1.0993644259637103,0.38,DDPG
1163,-1.048626819873428,0.9345588652813255,0.4,DDPG
1164,-1.4496186364949406,0.9716230970509742,0.33,DDPG
1165,-1.4703417507692031,0.9020066542384519,0.35,DDPG
1166,-0.8989310552910108,0.9666818048128288,0.47,DDPG
1167,-1.7967911305378181,0.7270199506617212,0.29,DDPG
1168,-0.7093879115343046,1.0390369341368275,0.43,DDPG
1169,-1.2896842948119336,0.9416661406466875,0.34,DDPG
1170,-1.398370312547484,0.9909185909193207,0.29,DDPG
1171,-0.8962710772252191,0.9942273345369637,0.39,DDPG
1172,-1.2853899138123532,0.6995592250730117,0.39,DDPG
1173,-1.3178562672938359,0.9428252908387765,0.49,DDPG
1174,-1.2666673940998683,0.8915854131627613,0.32,DDPG
1175,-1.6572515192897708,0.8734431294971075,0.37,DDPG
1176,-1.6032709457630263,0.8510021083821431,0.33,DDPG
1177,-1.2519883347283354,0.82842281039626,0.36,DDPG
1178,-1.6354427088916779,0.9052141450453978,0.33,DDPG
1179,-1.1677826619627605,0.9024137352560335,0.39,DDPG
1180,-1.0853604620892838,1.0700187488614012,0.39,DDPG
1181,-1.6866842136960998,0.8818884518528904,0.37,DDPG
1182,-0.7967465654834954,0.8010413264482601,0.42,DDPG
1183,-1.409789714972143,0.8927730497563874,0.38,DDPG
1184,-1.9850952895460174,0.7827310903239589,0.27,DDPG
1185,-1.307642516518585,1.0885660308451006,0.34,DDPG
1186,-1.2665750142530896,0.81059399300205,0.34,DDPG
1187,-1.1150181433192057,1.0760108547179466,0.4,DDPG
1188,-1.2574329714862822,0.9127577227503384,0.38,DDPG
1189,-1.3921238033999055,0.9913988983603172,0.31,DDPG
1190,-0.4626539519383755,1.089875889146919,0.48,DDPG
1191,-1.9540580800762783,0.7674923384262543,0.24,DDPG
1192,-1.808844775377692,0.8140343637480637,0.32,DDPG
1193,-1.2497475140717074,0.9672285839066361,0.37,DDPG
1194,-0.7876272912280287,0.9870317667803923,0.47,DDPG
1195,-1.4426588508925142,0.9791333245803121,0.33,DDPG
1196,-1.3908732222599636,0.8521313320625917,0.37,DDPG
1197,-1.1614175109834424,0.9520752769436115,0.42,DDPG
1198,-0.9642602281221264,1.1343884475176607,0.41,DDPG
1199,-1.0653277022498182,0.8631648264552569,0.26,DDPG
1200,-1.4900666315254045,0.7548716063583979,0.42,DDPG
1201,-1.2192123116750897,0.8929111504276587,0.4,DDPG
1202,-1.14553926274256,0.9272057002916324,0.4,DDPG
1203,-1.0659238900064347,1.1732088566277221,0.45,DDPG
1204,-1.3109151618153319,0.8006777587824422,0.47,DDPG
1205,-0.9714807883444607,1.0240360284304932,0.44,DDPG
1206,-0.9326635867368784,0.9385875067437981,0.41,DDPG
1207,-1.450549350215076,0.9155164773560507,0.35,DDPG
1208,-1.5715737594975727,0.7824559841003904,0.32,DDPG
1209,-0.6546275097136065,1.022660319652875,0.49,DDPG
1210,-1.2150285635945572,1.0674223358413508,0.37,DDPG
1211,-0.733968674144413,1.0633165248312324,0.45,DDPG
1212,-1.0545377914774459,1.0659563164258095,0.32,DDPG
1213,-0.9740208226262596,0.9447765051722427,0.31,DDPG
1214,-0.91578107957311,1.0058414926543264,0.41,DDPG
1215,-1.2918378017672043,1.1351220213009858,0.37,DDPG
1216,-0.8918001966261724,1.0499507703133666,0.36,DDPG
1217,-0.6811184646868957,1.0794768689846512,0.45,DDPG
1218,-1.1956254115478577,0.9156036631260024,0.41,DDPG
1219,-1.005690475598551,0.9818820942826654,0.37,DDPG
1220,-1.5829975751077694,0.8564201418922245,0.35,DDPG
1221,-1.2961628625472565,0.890763288828112,0.35,DDPG
1222,-1.645651016393099,0.832955865607751,0.3,DDPG
1223,-1.4976421726716311,0.8408139840511457,0.37,DDPG
1224,-1.8008178875682856,0.7271947929401205,0.25,DDPG
1225,-0.7553777196561237,0.9077625374605196,0.48,DDPG
1226,-2.119295675765152,0.7090167759847664,0.3,DDPG
1227,-1.2210982507755999,0.9599587957982011,0.4,DDPG
1228,-1.3762536849304954,0.8029610227133475,0.33,DDPG
1229,-1.7029149619351747,0.9044378125944941,0.28,DDPG
1230,-1.2465082601472224,0.8518358855715475,0.43,DDPG
1231,-1.283969370121756,1.0142857563422494,0.4,DDPG
1232,-0.8451640905310159,1.03648143873554,0.4,DDPG
1233,-1.4078783537021957,0.9202964715774772,0.35,DDPG
1234,-0.9542923693973959,1.1912019963559546,0.41,DDPG
1235,-1.9468800616589015,0.6662422787769455,0.35,DDPG
1236,-0.8986185387804392,0.8797394308942341,0.44,DDPG
1237,-0.9180026039531144,0.81019276526125,0.45,DDPG
1238,-1.0083438079528078,1.0595024720595696,0.34,DDPG
1239,-1.0364598486846488,0.9227175059466199,0.43,DDPG
1240,-1.330137508694247,0.9268757614036325,0.3,DDPG
1241,-1.6139486968375547,0.8519876268889781,0.38,DDPG
1242,-0.9628545143949516,0.9437630947800227,0.45,DDPG
1243,-1.6306396687640936,0.7430848224883226,0.34,DDPG
1244,-1.0518948563385428,1.0017586907087417,0.34,DDPG
1245,-1.7863355829248124,0.820344347213463,0.36,DDPG
1246,-1.081234344603587,1.0034796050279389,0.44,DDPG
1247,-0.7478328289827116,1.0071651767287642,0.42,DDPG
1248,-1.7054391256161188,0.8544017275248221,0.38,DDPG
1249,-1.2993691520068003,0.776604355456049,0.4,DDPG
1250,-1.1518535472245868,0.9692564715899183,0.34,DDPG
1251,-0.84941165866277,1.0800848662927927,0.39,DDPG
1252,-1.4591329202315704,0.9972659720851326,0.4,DDPG
1253,-1.43836916934091,0.9365201906121472,0.28,DDPG
1254,-1.171859886515215,0.9222146005946357,0.35,DDPG
1255,-1.329340083465084,0.8453712996474814,0.37,DDPG
1256,-1.5588450038125927,0.8409818860310536,0.34,DDPG
1257,-1.2966309782551926,1.042496527307359,0.35,DDPG
1258,-1.490954292634557,0.7375931778202583,0.32,DDPG
1259,-1.0172399400587167,1.1262172491579348,0.34,DDPG
1260,-1.4484072451060508,0.8705390854057076,0.33,DDPG
1261,-1.2475293296329477,1.031490886833358,0.36,DDPG
1262,-0.9008082868468695,0.9387484633919125,0.41,DDPG
1263,-1.075136591408449,1.0170545545729137,0.43,DDPG
1264,-1.5030267847128744,0.8945958341603223,0.23,DDPG
1265,-1.0434420149922656,0.9946180578291118,0.4,DDPG
1266,-1.4652745401776517,0.922715296284332,0.35,DDPG
1267,-1.4503302159798945,0.8176334136597455,0.31,DDPG
1268,-0.9264904193093169,0.9814704693412561,0.4,DDPG
1269,-0.9681525592144975,1.1411072983083157,0.39,DDPG
1270,-1.398342872864851,0.874322574847054,0.44,DDPG
1271,-1.3770324655451724,0.9991815545052282,0.33,DDPG
1272,-0.688439714211404,1.0898901960781355,0.46,DDPG
1273,-1.6313714685961147,0.924578796584584,0.34,DDPG
1274,-1.0618947035767388,0.8371718114087301,0.39,DDPG
1275,-1.50267622874947,0.885237370024538,0.33,DDPG
1276,-1.0248590441758856,0.9574552634745084,0.4,DDPG
1277,-1.4977315323239788,0.903353900093437,0.39,DDPG
1278,-0.8703766762649565,0.955756062146143,0.39,DDPG
1279,-1.4383523335870363,0.7619117176103001,0.43,DDPG
1280,-1.6994903327149466,0.8045226570125409,0.35,DDPG
1281,-0.5851465805632065,1.0479260652115983,0.42,DDPG
1282,-0.8790472880644831,1.054753186356146,0.39,DDPG
1283,-0.9033558586906285,0.9172433928688178,0.32,DDPG
1284,-1.0996437885560104,1.017924245033723,0.42,DDPG
1285,-0.7882194688422038,1.0388916650555493,0.46,DDPG
1286,-0.9549878518885214,1.019154269819918,0.43,DDPG
1287,-1.2659171306605201,0.8474151005326709,0.34,DDPG
1288,-1.3369729620134896,0.9073040164965982,0.39,DDPG
1289,-1.3572738789848822,0.9587368699733122,0.39,DDPG
1290,-0.6967864448194956,1.1483892770573019,0.35,DDPG
1291,-1.339612388784582,0.8337611938462764,0.39,DDPG
1292,-0.889913639098133,0.8850752354150851,0.38,DDPG
1293,-1.0761800620544149,0.9087762777064909,0.34,DDPG
1294,-1.4052673392036414,0.8739324188609815,0.32,DDPG
1295,-1.136034157757819,1.145150516604078,0.36,DDPG
1296,-1.3031854737298758,0.9615918863809597,0.34,DDPG
1297,-0.9600515234713926,1.1076389380217782,0.34,DDPG
1298,-0.9907486832271395,0.9413596049370203,0.35,DDPG
1299,-0.7819607498712312,1.1212939378872877,0.39,DDPG
1300,-1.8260326892642575,0.7210107935770435,0.31,DDPG
1301,-1.4404352798459965,0.7687926490071265,0.34,DDPG
1302,-1.2077892822748535,0.8663417534547223,0.38,DDPG
1303,-1.5397931823427056,0.8107635830623201,0.31,DDPG
1304,-1.7484791543280536,0.7792048043498273,0.34,DDPG
1305,-0.7900747604034057,1.0179948062447295,0.34,DDPG
1306,-1.0904653866345044,0.9452025059515462,0.44,DDPG
1307,-1.1722299228842195,0.8981274124283007,0.43,DDPG
1308,-1.5322648637785448,0.8574109654089996,0.32,DDPG
1309,-0.8460439211501609,1.0194966960085348,0.43,DDPG
1310,-0.3302466989163279,1.0920672568337093,0.54,DDPG
1311,-1.3218692558030012,0.9268222989280239,0.33,DDPG
1312,-1.0965803755810406,0.909661440142338,0.39,DDPG
1313,-1.7640767826572008,0.8196815537497342,0.3,DDPG
1314,-1.1070641574585907,0.8516638806477071,0.42,DDPG
1315,-1.1191860784745464,1.0319076887540466,0.38,DDPG
1316,-0.866539262021154,1.031706039947107,0.43,DDPG
1317,-1.5148860456869022,0.9633310572172327,0.39,DDPG
1318,-1.4762154562481218,0.8233775896722538,0.39,DDPG
1319,-0.9849396289666662,0.8507805014894653,0.4,DDPG
1320,-1.1508221128042027,0.9023878240479128,0.38,DDPG
1321,-1.6000568998304312,0.8982242952369455,0.36,DDPG
1322,-1.2914711430746122,0.8211338458060946,0.38,DDPG
1323,-1.0708821533039186,1.0303609822817876,0.39,DDPG
1324,-1.3821849073041768,0.9304626491091545,0.38,DDPG
1325,-1.021663409388443,0.8763106852347561,0.42,DDPG
1326,-1.239190755684907,0.8899900733028804,0.36,DDPG
1327,-1.3866935996741478,0.9177055746967624,0.3,DDPG
1328,-1.1682175264717487,0.9057047390794871,0.41,DDPG
1329,-1.1861150950410633,0.9905670559807098,0.37,DDPG
1330,-1.2660396663790516,1.083090843049428,0.31,DDPG
1331,-1.4628448613130502,0.7877093702844475,0.38,DDPG
1332,-1.2598286082824122,1.1324106468276973,0.37,DDPG
1333,-1.0778855399003273,0.9473773884496284,0.35,DDPG
1334,-0.8989204033445738,0.9001139038872773,0.44,DDPG
1335,-0.9727184428030149,1.109096427707199,0.41,DDPG
1336,-1.2608615112653307,0.8142295987360829,0.39,DDPG
1337,-0.3385467689065743,1.1605317605545296,0.4,DDPG
1338,-0.9557972322986654,0.7860856290078752,0.4,DDPG
1339,-1.6735708531087894,0.7459568129404593,0.37,DDPG
1340,-1.3625159719808784,0.8809820731622673,0.36,DDPG
1341,-0.8610347237651471,0.9283472931483624,0.38,DDPG
1342,-0.8108984681266892,1.0901368322412583,0.39,DDPG
1343,-1.4814925270502,0.9133478549593859,0.38,DDPG
1344,-0.9608155769926633,1.0754265711897473,0.37,DDPG
1345,-1.017763517856752,0.8244091587121599,0.44,DDPG
1346,-1.2735348046621144,0.9273203505592523,0.44,DDPG
1347,-1.7273358580897287,0.8582180601755698,0.34,DDPG
1348,-1.5590375531921707,0.7568450759591666,0.34,DDPG
1349,-0.7130145870875875,1.0229817102842322,0.41,DDPG
1350,-1.0403452373505875,0.9846959085097121,0.39,DDPG
1351,-1.2046824152687536,1.0455392050539967,0.4,DDPG
1352,-0.9924618145109474,0.9891591886026757,0.38,DDPG
1353,-0.4720889160952694,1.063150503869948,0.39,DDPG
1354,-0.7601599320008161,1.0286949307429447,0.46,DDPG
1355,-1.2354723633837714,0.9272667833033822,0.35,DDPG
1356,-1.159438017757482,0.8122138605862865,0.44,DDPG
1357,-1.0487254676367939,1.0125099448546706,0.4,DDPG
1358,-1.1364591677430347,0.9742904937495961,0.43,DDPG
1359,-1.1556585546217415,0.7845867555000937,0.34,DDPG
1360,-1.6412955684891686,0.8529127683564219,0.36,DDPG
1361,-0.8710448067811843,1.030081907839947,0.37,DDPG
1362,-1.3935814121707026,0.8032779503254036,0.32,DDPG
1363,-1.4913978348260664,0.7735035566601176,0.37,DDPG
1364,-1.2140002818258089,1.0229122330819955,0.41,DDPG
1365,-1.4573586791752018,0.8983248581236241,0.3,DDPG
1366,-0.6624658870030955,1.1201543800551557,0.46,DDPG
1367,-1.0307862004040311,1.0078630701180322,0.46,DDPG
1368,-1.2778099761304818,1.070102896279807,0.3,DDPG
1369,-1.6789250952336119,0.9325909490299804,0.39,DDPG
1370,-0.8934487535238648,0.9662721509873242,0.38,DDPG
1371,-1.0040519475052643,1.0090797832478433,0.39,DDPG
1372,-1.1004286893334752,0.8857438871785345,0.37,DDPG
1373,-1.2465338118269527,0.9942664737456124,0.38,DDPG
1374,-0.9715119559927868,1.0094463929754105,0.43,DDPG
1375,-0.5704051246550343,1.1158231578996782,0.34,DDPG
1376,-1.3598497763032689,0.896988447237788,0.39,DDPG
1377,-1.7297945476761445,0.699054643854471,0.35,DDPG
1378,-1.3339554884325464,0.7932446224007671,0.35,DDPG
1379,-1.5687317051672702,0.8764112277098284,0.35,DDPG
1380,-1.7478149980251558,0.9133391730824123,0.36,DDPG
1381,-0.9827248697391038,0.9646925868643872,0.36,DDPG
1382,-0.9493547141249258,0.9698567521037235,0.38,DDPG
1383,-1.540818245163319,0.9103909520455447,0.38,DDPG
1384,-1.2533027892905428,0.9573140537885675,0.37,DDPG
1385,-1.278672898886692,1.0281343965592808,0.35,DDPG
1386,-0.8592667926393137,1.0753197104394834,0.39,DDPG
1387,-0.9085446172167339,0.9408562507077312,0.38,DDPG
1388,-1.1530230553203744,0.8321086753216383,0.36,DDPG
1389,-0.7019994006392686,0.999631040140284,0.44,DDPG
1390,-1.0783257848444328,0.8032928123214981,0.41,DDPG
1391,-1.4407114927875744,0.7860810995851379,0.39,DDPG
1392,-0.702226227069346,1.0528555179482926,0.48,DDPG
1393,-1.0388607977806286,0.9752631771631805,0.38,DDPG
1394,-1.299229650421708,0.8730556480325634,0.33,DDPG
1395,-1.2191372282358792,0.9912618530831466,0.41,DDPG
1396,-1.1034587924959651,0.9019806175908778,0.4,DDPG
1397,-0.9576676084900589,1.0418880847420138,0.53,DDPG
1398,-1.4987626546692667,0.8321046991687236,0.42,DDPG
1399,-0.7805012387818223,1.030873373990426,0.4,DDPG
1400,-1.2745449231829253,0.8874440322976787,0.37,DDPG
1401,-1.3991081362193922,0.7263652831942669,0.41,DDPG
1402,-1.4939677167507888,0.7973131523932793,0.39,DDPG
1403,-1.3793968141901078,0.8425446319070938,0.36,DDPG
1404,-1.006536130160892,0.9147049577548916,0.46,DDPG
1405,-1.0292845807811974,0.9662236810941057,0.4,DDPG
1406,-1.3184219710022764,0.9012433226179201,0.31,DDPG
1407,-1.40112735702284,0.8878627207347825,0.37,DDPG
1408,-1.2177926489531956,0.9976748938738438,0.33,DDPG
1409,-0.9727565483582811,0.914616085236405,0.38,DDPG
1410,-1.3925550014079777,0.8294851679847897,0.41,DDPG
1411,-1.3144377752741467,0.8713425822103587,0.32,DDPG
1412,-0.9260580623803212,0.9086896751358264,0.34,DDPG
1413,-1.4493772057713579,1.0262843047660746,0.35,DDPG
1414,-0.7867173163000394,0.9401185162138705,0.43,DDPG
1415,-1.282265572111345,0.873406501971592,0.45,DDPG
1416,-1.8091977980811882,0.8477980903629461,0.32,DDPG
1417,-1.8728796530422722,0.7711384365904729,0.27,DDPG
1418,-0.5362794151374766,1.051851935306709,0.53,DDPG
1419,-0.8665314713268941,0.992409551015833,0.46,DDPG
1420,-0.8965887634882134,0.8695747468493151,0.4,DDPG
1421,-0.9634474417084573,0.9298858303275659,0.45,DDPG
1422,-1.221717015996643,0.9173969409133919,0.44,DDPG
1423,-1.3561015487760906,0.8415700750656042,0.44,DDPG
1424,-1.3505571203273703,0.8714303157946371,0.41,DDPG
1425,-0.9280936260306241,0.8883307623715825,0.38,DDPG
1426,-1.0188098635805194,0.9824380987964034,0.39,DDPG
1427,-1.537252072530825,0.8002987307723547,0.37,DDPG
1428,-0.9710026739892704,0.8907861543508585,0.45,DDPG
1429,-1.003919069098555,1.0097628598829655,0.39,DDPG
1430,-0.7973743493848705,0.9829705019256201,0.4,DDPG
1431,-1.058250870123185,0.9040396687980784,0.37,DDPG
1432,-1.0474035224334681,0.8562823887915816,0.44,DDPG
1433,-1.282423119563125,1.055425598533769,0.35,DDPG
1434,-1.0197613936729901,0.9995427219603227,0.47,DDPG
1435,-0.7325026759724708,0.9005976381107785,0.45,DDPG
1436,-1.0041288595961395,0.8808478869621329,0.49,DDPG
1437,-1.2988776944381368,1.0424843406188977,0.36,DDPG
1438,-1.4647578528744956,0.8512568062720157,0.43,DDPG
1439,-0.7883015334556265,0.9708941436548089,0.42,DDPG
1440,-0.8464581475942907,0.9226350700945877,0.38,DDPG
1441,-0.508998076896048,1.1208913676099832,0.47,DDPG
1442,-0.37525850986913445,0.9762833358936289,0.49,DDPG
1443,-0.8501571319883844,0.9984229032036304,0.42,DDPG
1444,-1.2279013051569292,0.8874492357390636,0.4,DDPG
1445,-1.6654071633205114,0.6756449089788675,0.34,DDPG
1446,-1.743281228678814,0.6729101284538741,0.28,DDPG
1447,-1.2099738446597073,0.8657764967617623,0.31,DDPG
1448,-1.1748889409177037,0.8100093550737533,0.39,DDPG
1449,-0.6236258134436026,1.0729435550098163,0.5,DDPG
1450,-1.2126216882443932,0.869441872380246,0.4,DDPG
1451,-0.9020473162420976,1.062155952660698,0.37,DDPG
1452,-1.1304816816854584,0.8171800454942256,0.46,DDPG
1453,-1.3579249543477188,0.8947268630111819,0.29,DDPG
1454,-0.9229550947801297,0.9939134379709558,0.45,DDPG
1455,-0.87732791485299,1.0372721574430188,0.43,DDPG
1456,-0.5185218077500053,0.8606511648612822,0.4,DDPG
1457,-1.1834090983006826,0.8202036505143852,0.43,DDPG
1458,-0.590324061083449,1.0901905651056811,0.46,DDPG
1459,-1.2298965855315762,1.0735792818103043,0.38,DDPG
1460,-0.7815012999392174,1.1143181511130207,0.45,DDPG
1461,-1.181955528627745,1.016219704870005,0.38,DDPG
1462,-0.411607701077077,0.9983571398430814,0.5,DDPG
1463,-1.0577813764634043,0.814334225903378,0.42,DDPG
1464,-0.8653167593162483,1.0656174706633836,0.47,DDPG
1465,-0.724085225155316,1.0894033441112247,0.39,DDPG
1466,-1.4699826816902055,0.8100503123793069,0.31,DDPG
1467,-0.9972523180291644,1.2759002570373537,0.38,DDPG
1468,-1.2253211758346403,0.8800264716147821,0.38,DDPG
1469,-1.2866187519377739,0.8790113089724154,0.36,DDPG
1470,-1.3457220108320491,0.8669257436278479,0.31,DDPG
1471,-1.64152574327373,0.8002341712937627,0.29,DDPG
1472,-1.221566612119772,0.8775564251261359,0.35,DDPG
1473,-0.8443653393916406,0.9310244751172577,0.39,DDPG
1474,-1.6207505979049133,0.8036468704696592,0.3,DDPG
1475,-1.081190678871237,1.0385924005795557,0.41,DDPG
1476,-0.9831378849169299,1.069763318214882,0.41,DDPG
1477,-1.4530911736343024,0.9518009886634892,0.34,DDPG
1478,-1.145164069690921,0.8091113721391353,0.33,DDPG
1479,-1.0577256044530026,0.9983893904724664,0.36,DDPG
1480,-1.134117063463913,0.9073194659690706,0.39,DDPG
1481,-1.138371432873955,0.9734028298246978,0.32,DDPG
1482,-0.9360913222859801,1.0784026220396388,0.41,DDPG
1483,-1.051429983055155,0.8554918865290837,0.36,DDPG
1484,-0.9058090372171419,1.0303341542054125,0.38,DDPG
1485,-0.7952441027508722,0.922442800280281,0.44,DDPG
1486,-0.8096736000209631,0.9423958445237445,0.39,DDPG
1487,-1.277778363490734,0.9995815836345179,0.32,DDPG
1488,-1.236136767030048,0.7876080018051992,0.31,DDPG
1489,-0.7294520417193509,1.010211537138035,0.38,DDPG
1490,-1.5946713921025832,0.7224078905802328,0.39,DDPG
1491,-0.7774933403842299,1.0616497203840185,0.4,DDPG
1492,-1.0840887177984238,0.9112899888135908,0.37,DDPG
1493,-0.9305347490456103,0.749467958763084,0.45,DDPG
1494,-0.8170839831954981,1.1374017118578854,0.4,DDPG
1495,-0.792198088672725,1.1378291047260842,0.51,DDPG
1496,-0.9441350182935311,0.988498679935747,0.4,DDPG
1497,-0.9174660666695168,1.0432075762435553,0.39,DDPG
1498,-1.0907354700020704,0.974551948037279,0.4,DDPG
1499,-1.3750471718806454,0.9160912481954946,0.36,DDPG
1500,-0.878681774616146,0.8967277626515233,0.42,DDPG
1501,-1.3463465423624392,0.775190738615947,0.3,DDPG
1502,-1.143370709174735,0.853274501840993,0.33,DDPG
1503,-1.5259081975224005,0.8686507117200493,0.32,DDPG
1504,-1.4984942058238087,0.9064821991358949,0.37,DDPG
1505,-0.9021179224315865,1.0314192856183013,0.41,DDPG
1506,-1.1307258508346743,1.0469997200324395,0.42,DDPG
1507,-0.762164457671324,0.9368956181729625,0.41,DDPG
1508,-1.438425722587369,0.8142444936530515,0.33,DDPG
1509,-0.8325351687380834,0.9338485791139572,0.43,DDPG
1510,-0.5792049982231202,1.0956680487645862,0.46,DDPG
1511,-1.1308789738207625,0.9212398491185411,0.37,DDPG
1512,-0.9996263713775063,0.9367170023717528,0.41,DDPG
1513,-0.5794587986424478,1.0862753176059063,0.44,DDPG
1514,-0.6493851854169312,1.1567451869858432,0.35,DDPG
1515,-1.2434617601248683,0.852987466481191,0.36,DDPG
1516,-0.9972871154720478,0.9746700999477288,0.33,DDPG
1517,-1.4753799830960503,0.9481099641538542,0.34,DDPG
1518,-0.822450501839989,1.0143437463725145,0.48,DDPG
1519,-1.0764520591747144,0.9736596368481668,0.43,DDPG
1520,-1.618293663274242,0.7830818043464498,0.31,DDPG
1521,-0.896213601800065,0.9356850304337812,0.5,DDPG
1522,-1.096840639854948,0.9973128046039974,0.34,DDPG
1523,-1.1925115991774269,0.894796730152552,0.32,DDPG
1524,-0.6186648048556854,0.9202485161017965,0.46,DDPG
1525,-1.1818613381034668,0.986886241427355,0.35,DDPG
1526,-1.2741581552466459,0.9561391689818912,0.36,DDPG
1527,-1.2116480473606268,0.9057701839250476,0.4,DDPG
1528,-0.9425834003488711,0.8712371322164856,0.38,DDPG
1529,-1.0549297085654563,0.8179251825668318,0.44,DDPG
1530,-0.7913261915989328,1.1121402797005435,0.39,DDPG
1531,-0.6253320572783653,1.055359116604538,0.43,DDPG
1532,-1.0197682236586858,0.9917994340598573,0.39,DDPG
1533,-1.233436880590106,0.8524416589106525,0.32,DDPG
1534,-0.7477107314242473,1.0180679269368154,0.46,DDPG
1535,-1.3393040783729615,0.7496895527644398,0.42,DDPG
1536,-0.8887169738944811,0.982993616383554,0.4,DDPG
1537,-1.0028176608840438,1.0578686454423891,0.42,DDPG
1538,-1.066861759465945,0.9917599948405826,0.36,DDPG
1539,-1.2061205989796147,1.0026758085804661,0.36,DDPG
1540,-0.6045379656371522,0.9134481262544374,0.48,DDPG
1541,-1.2620338933618758,0.8708185038319621,0.39,DDPG
1542,-1.0147429206959324,1.04799213440132,0.33,DDPG
1543,-1.134848898104186,0.9993472950053139,0.4,DDPG
1544,-0.7087606552402644,0.9670977072967724,0.39,DDPG
1545,-1.105030831974864,0.9161474494323316,0.36,DDPG
1546,-0.7145307868850742,1.0977635067547842,0.43,DDPG
1547,-0.5083235634266989,1.0859028891056965,0.43,DDPG
1548,-0.9921954545410289,0.9517774682952084,0.34,DDPG
1549,-1.261322976343935,0.8864470514394904,0.32,DDPG
1550,-1.4849040771802657,0.7091780016458021,0.32,DDPG
1551,-0.6506257775174867,1.2293471370465385,0.41,DDPG
1552,-1.3026486909263633,0.8520448181018498,0.38,DDPG
1553,-0.879159966357155,1.0173074517727743,0.39,DDPG
1554,-0.8286490560238085,1.0570716652949061,0.42,DDPG
1555,-1.3107071450316028,0.9505792794901704,0.37,DDPG
1556,-1.4054391398840107,0.9274433552642419,0.4,DDPG
1557,-1.0238822245252097,0.8880945592675404,0.44,DDPG
1558,-0.6884061543478239,0.9146946846255962,0.46,DDPG
1559,-0.9957290742367187,0.9669276433714953,0.38,DDPG
1560,-1.6216231857490098,0.9360028402632097,0.42,DDPG
1561,-0.7698747249225181,1.068293875903676,0.4,DDPG
1562,-0.9351084883171675,0.9659920014751608,0.46,DDPG
1563,-0.7656306475198603,0.962977599162697,0.39,DDPG
1564,-1.0969801152819663,0.9535627451202088,0.38,DDPG
1565,-1.0061377775818223,0.9846848901153616,0.41,DDPG
1566,-1.023245148209076,0.778073558624046,0.4,DDPG
1567,-0.8515372800161252,0.9404227271628751,0.37,DDPG
1568,-1.0930032073783666,0.9446461142179069,0.36,DDPG
1569,-1.4267534725018678,1.043001502963978,0.35,DDPG
1570,-0.9575303488181519,1.0801746343926621,0.42,DDPG
1571,-1.0356377041387363,1.0039240374960996,0.38,DDPG
1572,-0.8332101341147299,0.9123341497709135,0.39,DDPG
1573,-0.7632543713688571,1.136237207664328,0.42,DDPG
1574,-0.5254350163511873,1.0126534641138625,0.43,DDPG
1575,-0.28418892010523394,1.0255382613574673,0.47,DDPG
1576,-1.0538287083481142,0.9373520515383273,0.42,DDPG
1577,-0.9906511708365897,0.9183685760343653,0.39,DDPG
1578,-1.3372224127632435,0.8527208052658124,0.42,DDPG
1579,-1.2483068361360607,0.9297817797523001,0.41,DDPG
1580,-0.84408060853997,0.9859423911405811,0.52,DDPG
1581,-0.5265514929455875,1.0900313203267944,0.41,DDPG
1582,-0.796449218623464,1.0144013986797737,0.43,DDPG
1583,-0.7332776256299609,0.9249574533516458,0.4,DDPG
1584,-0.49974825392683747,1.1265277650876175,0.38,DDPG
1585,-1.2508527029917886,0.7957346029508738,0.4,DDPG
1586,-0.7791940901364248,0.9302568455531589,0.42,DDPG
1587,-0.6096541669571149,1.0083648874786915,0.4,DDPG
1588,-1.238137965557111,0.9652578122901057,0.35,DDPG
1589,-1.01331957707071,0.8737670083245187,0.42,DDPG
1590,-1.162165839743502,0.8799612664728386,0.36,DDPG
1591,-1.4238274074735522,0.8622794119648107,0.34,DDPG
1592,-1.1110667006988786,0.8242115896721122,0.38,DDPG
1593,-1.1881642480928019,0.7686742505615939,0.34,DDPG
1594,-0.7635783553680757,0.9929473945404652,0.44,DDPG
1595,-1.2281038910100341,0.9325465736810152,0.24,DDPG
1596,-0.7183383012073054,1.0461631091690808,0.4,DDPG
1597,-1.219460443972154,0.8561454377229387,0.4,DDPG
1598,-0.9832642934893647,0.8460598960511126,0.41,DDPG
1599,-1.015047126546162,0.810340862400394,0.4,DDPG
1600,-0.9492333521381336,0.9882568062100807,0.46,DDPG
1601,-0.7429415578868545,1.0674760198898254,0.46,DDPG
1602,-0.9760658746416526,0.9303958675248585,0.44,DDPG
1603,-1.121853823261054,0.7793488546231765,0.43,DDPG
1604,-0.7656559914060139,1.0815998711566823,0.38,DDPG
1605,-0.9439016210925182,1.0551319095440796,0.45,DDPG
1606,-0.9742779723186594,0.8869952077285204,0.38,DDPG
1607,-0.9897836901167841,0.9808435367392857,0.36,DDPG
1608,-0.7566668305691033,1.030346626879892,0.48,DDPG
1609,-0.9701834398135908,0.9031545719244974,0.4,DDPG
1610,-1.0001458553955784,0.9840289397232508,0.41,DDPG
1611,-0.9454275847343726,1.0797917343663044,0.34,DDPG
1612,-0.48113780401509965,1.028791667696002,0.49,DDPG
1613,-1.1727133410884447,0.949455616755865,0.38,DDPG
1614,-1.4472705793563523,0.8333481176187246,0.38,DDPG
1615,-1.4342316933764627,0.832277971713711,0.43,DDPG
1616,-0.9137186847961217,1.0182991422068808,0.38,DDPG
1617,-1.298046451548371,0.9375115945181333,0.44,DDPG
1618,-0.9722661051169841,0.9041626607363292,0.41,DDPG
1619,-0.9896664254969647,0.8931341085611615,0.38,DDPG
1620,-1.1760605611207224,0.9078756162540985,0.35,DDPG
1621,-0.8596419691185023,0.9708294539517632,0.35,DDPG
1622,-0.879137515964402,1.2051718992280558,0.42,DDPG
1623,-0.44459289878667446,1.1099401106558768,0.43,DDPG
1624,-1.036623797941339,0.9167767658934817,0.36,DDPG
1625,-0.7651060834259961,0.8808652756773158,0.49,DDPG
1626,-0.90988674698189,0.9916857635537074,0.36,DDPG
1627,-0.8842897800618502,1.0032239375789813,0.45,DDPG
1628,-1.0050247688341125,0.9251929662276284,0.41,DDPG
1629,-1.2208397642101838,0.824266136961238,0.42,DDPG
1630,-1.0480351190186266,0.9284090120055025,0.39,DDPG
1631,-1.3353106354986979,0.8762115350083903,0.44,DDPG
1632,-0.765777791762574,0.9985769987518088,0.42,DDPG
1633,-0.6957960336098887,1.0066291462455705,0.5,DDPG
1634,-1.5635048656628074,0.8856018182686792,0.41,DDPG
1635,-0.9015152108648062,0.8613243018784895,0.46,DDPG
1636,-0.8224620626018444,0.9122287257527628,0.42,DDPG
1637,-1.108649908319497,0.8657432285137274,0.42,DDPG
1638,-0.8181402954513249,0.9431535484966108,0.39,DDPG
1639,-0.836237800225755,1.0547907101652332,0.4,DDPG
1640,-1.1140919966492595,0.8441033095189858,0.36,DDPG
1641,-1.024698999058991,0.9475657343799176,0.42,DDPG
1642,-1.068779920315474,1.0322786222339124,0.45,DDPG
1643,-0.7778947785138405,1.0965040899282434,0.45,DDPG
1644,-0.881346012529502,0.9163524110188932,0.36,DDPG
1645,-1.0506986205282915,1.006676481510354,0.35,DDPG
1646,-0.4550362607977431,1.2823381810595293,0.45,DDPG
1647,-1.2150156121518128,0.846314361002153,0.41,DDPG
1648,-0.8351586230545535,1.1782227140911852,0.41,DDPG
1649,-0.8826231657696553,0.9137107051273542,0.44,DDPG
1650,-1.0364385738451316,0.8794844031827169,0.43,DDPG
1651,-0.8230048025184423,1.0651138761647594,0.38,DDPG
1652,-0.669674153327953,1.0362610456937058,0.45,DDPG
1653,-1.0444231570086868,0.8611650322164318,0.5,DDPG
1654,-1.4628640316040353,0.8138524955223878,0.45,DDPG
1655,-0.292406477573023,1.1511528933667718,0.43,DDPG
1656,-0.7857890164344485,0.9781867900941567,0.4,DDPG
1657,-0.6242107193566662,1.0674788559922452,0.46,DDPG
1658,-0.9947083550792961,1.1225684819352109,0.43,DDPG
1659,-0.7541520774466599,1.005028216616018,0.44,DDPG
1660,-0.6876817996303246,1.0123991873719114,0.35,DDPG
1661,-1.0820850370809358,0.9297407518927469,0.42,DDPG
1662,-1.0262451486149315,0.8918416651391327,0.4,DDPG
1663,-0.9905334230824372,0.8489872670225396,0.41,DDPG
1664,-0.8068286042579179,1.0633712213292295,0.47,DDPG
1665,-0.4255801474679996,1.1016898408573015,0.47,DDPG
1666,-0.5855717935264504,1.072265688553025,0.47,DDPG
1667,-0.81221538431295,0.8788179860278066,0.42,DDPG
1668,-1.0369002605989421,0.7351873101518734,0.35,DDPG
1669,-1.1604084118201516,0.9654254756822687,0.41,DDPG
1670,-1.023859072528562,0.801963710207729,0.39,DDPG
1671,-1.038620242937504,0.9269571713157028,0.45,DDPG
1672,-0.9125338247769806,0.8708257901812704,0.4,DDPG
1673,-0.907605264458176,0.9851896154264926,0.35,DDPG
1674,-0.6116603074483359,1.0506715662913086,0.45,DDPG
1675,-0.8971503702270017,0.8057221259683334,0.43,DDPG
1676,-0.709071240356041,1.0649111936910194,0.39,DDPG
1677,-1.1054365349276616,0.8298845073758977,0.38,DDPG
1678,-0.8744001409841027,1.0512797464226575,0.44,DDPG
1679,-1.2707093549385635,0.8005250680168089,0.32,DDPG
1680,-0.8456005405298248,0.9396634242609077,0.46,DDPG
1681,-1.1329414789404384,0.8640000255682061,0.42,DDPG
1682,-1.0382363432042743,0.9427891774846573,0.41,DDPG
1683,-1.2086428839116963,0.9149364288081108,0.36,DDPG
1684,-1.2190663829948125,0.9091124963680902,0.35,DDPG
1685,-0.8737296041232406,0.8827596439036121,0.38,DDPG
1686,-1.082531416167719,0.9672435677411826,0.34,DDPG
1687,-1.2670280965593848,0.9298557488363803,0.39,DDPG
1688,-0.9172622312588617,0.8471537989978415,0.5,DDPG
1689,-0.7991786685639073,0.9942702493805301,0.37,DDPG
1690,-0.9346894142370834,1.0242478179253893,0.33,DDPG
1691,-1.2029890792247482,0.8041143691871078,0.36,DDPG
1692,-0.7997815055777397,1.096115238014345,0.48,DDPG
1693,-0.7763358889358873,0.9160468575790611,0.46,DDPG
1694,-1.09958398630988,0.8982270730538672,0.35,DDPG
1695,-0.6949148110415126,1.048318990201789,0.43,DDPG
1696,-0.974903131690464,1.0310916894287891,0.39,DDPG
1697,-0.8458454086574687,1.0945238867860585,0.47,DDPG
1698,-1.2608376572621842,0.8773548537430764,0.37,DDPG
1699,-0.7735769449668903,0.9577051013964076,0.38,DDPG
1700,-0.7811736228485705,0.9759245004411724,0.36,DDPG
1701,-1.1968266935808622,0.962009552553498,0.4,DDPG
1702,-1.6016897922193252,0.8412062240590071,0.35,DDPG
1703,-0.8266403601890379,1.1288481755561908,0.41,DDPG
1704,-0.7214417830402572,1.0486616052051594,0.43,DDPG
1705,-0.7957441711602097,1.031879372459881,0.48,DDPG
1706,-1.8120733787411138,0.7725400288195725,0.28,DDPG
1707,-1.3062413097575354,0.8856823691090857,0.33,DDPG
1708,-0.5369922299189868,1.024998236633196,0.49,DDPG
1709,-0.9245099112983144,0.9242600247396824,0.36,DDPG
1710,-1.0265346667334845,0.8662658981964968,0.45,DDPG
1711,-0.7084471333158764,1.0475654832836914,0.44,DDPG
1712,-0.7892830690158257,1.0537948038282634,0.48,DDPG
1713,-1.400712099595924,0.8793045789327109,0.33,DDPG
1714,-0.833398312004454,1.0645821840957548,0.39,DDPG
1715,-0.8829718401999643,0.8837035546902586,0.47,DDPG
1716,-1.1853593133537002,0.8532983239478413,0.32,DDPG
1717,-1.1683247867963273,0.922402079164503,0.43,DDPG
1718,-1.3538438049098642,0.7804418322260173,0.37,DDPG
1719,-0.8139088378410423,1.0219868458218841,0.46,DDPG
1720,-1.0767527524906928,0.783251105033837,0.49,DDPG
1721,-1.1313325386716189,0.9246563707256438,0.35,DDPG
1722,-0.7996946318554037,1.027092560819015,0.46,DDPG
1723,-1.076166437883886,0.8799916992842696,0.39,DDPG
1724,-0.7553196138328473,0.9224510369777594,0.4,DDPG
1725,-1.1778089396802391,0.914467726484911,0.39,DDPG
1726,-0.8064304330235847,0.9711142149878124,0.42,DDPG
1727,-1.0255016960872025,1.053638135011754,0.4,DDPG
1728,-0.36726960434118544,1.1263178202388249,0.55,DDPG
1729,-1.3271632951749603,0.7537202753788015,0.44,DDPG
1730,-1.2710908402559047,0.9398700350349464,0.43,DDPG
1731,-1.0374907534755209,0.9396828389854338,0.37,DDPG
1732,-0.38695128270596724,1.0980757036306785,0.56,DDPG
1733,-0.6975943644426238,0.96533503781732,0.46,DDPG
1734,-0.8776540980372358,0.927415281752,0.48,DDPG
1735,-0.8776119916287086,1.0035336898521134,0.46,DDPG
1736,-0.27241254709254603,1.191158510881947,0.45,DDPG
1737,-1.1496307679564377,0.9180367805180605,0.4,DDPG
1738,-1.15729478427446,0.7575058255700553,0.5,DDPG
1739,-1.3518917784426128,0.8085948747761144,0.4,DDPG
1740,-0.2550803705034539,1.1687606768417371,0.51,DDPG
1741,-1.282415872253698,0.8566674821566292,0.43,DDPG
1742,-0.648860205966775,1.0543473978029874,0.41,DDPG
1743,-0.6658060013667668,0.998174221873441,0.45,DDPG
1744,-1.1608626804011946,0.8210376143991012,0.35,DDPG
1745,-1.0030352629931631,0.9119898926835869,0.4,DDPG
1746,-1.1337181552236524,0.7465995389321093,0.47,DDPG
1747,-0.9758457668812008,0.8861212291787087,0.37,DDPG
1748,-0.29171439382501724,1.0632208822104767,0.46,DDPG
1749,-0.9507491440228825,0.9541266902355693,0.43,DDPG
1750,-0.3810049333378872,1.3572240857967153,0.42,DDPG
1751,-1.0669579694448346,0.9130383076190944,0.43,DDPG
1752,-1.676290658934097,0.6519210673271181,0.44,DDPG
1753,-0.41546384286743,1.1641092993640225,0.5,DDPG
1754,-0.6433941233307578,1.0652393048013802,0.48,DDPG
1755,-1.1475870501004595,0.9373688198304104,0.41,DDPG
1756,-0.7798409001290668,0.927764095061027,0.53,DDPG
1757,-0.8524272779209018,1.0879592012279953,0.45,DDPG
1758,-0.3323129340367837,1.2639186609630908,0.51,DDPG
1759,-1.1156471134198165,0.8282713498365472,0.43,DDPG
1760,-0.7444770863607119,0.9701364159018715,0.47,DDPG
1761,-0.8093440752494585,0.9828825133482454,0.43,DDPG
1762,-0.979251622193233,0.8130668711608651,0.45,DDPG
1763,-0.7707552413340794,0.9109337553001121,0.46,DDPG
1764,-0.607488923854802,0.9420950941484907,0.46,DDPG
1765,-1.0838100491886928,0.9653443920658872,0.41,DDPG
1766,-0.8354556808447531,0.9950770545240698,0.45,DDPG
1767,-0.7018811025882781,0.9850307832898458,0.45,DDPG
1768,-0.6917740076156234,0.9851067793421621,0.5,DDPG
1769,-0.693415727084116,1.0113632332635338,0.41,DDPG
1770,-1.0542088440415147,0.9384730982466722,0.42,DDPG
1771,-0.8144511743449704,0.9413438381027572,0.42,DDPG
1772,-0.762762561085748,1.0845999014721377,0.44,DDPG
1773,-1.0459963913335277,0.8381591991961743,0.45,DDPG
1774,-0.6078721706962482,1.1139397619496656,0.38,DDPG
1775,-1.072424563903266,1.0309744063641098,0.42,DDPG
1776,-0.6224970796700977,1.1950520575658827,0.44,DDPG
1777,-0.5477233392842643,0.998370195107191,0.43,DDPG
1778,-1.012599017327388,0.9135573607268899,0.38,DDPG
1779,-0.384814025912415,1.1804479764177567,0.46,DDPG
1780,-0.49238986168311877,1.139853703739835,0.48,DDPG
1781,-0.8372127737494148,1.0692663804880618,0.43,DDPG
1782,-0.4091911313601143,1.235141580675562,0.5,DDPG
1783,-0.944997613917616,0.9439993317025255,0.47,DDPG
1784,-1.521258753846233,0.7612421649542701,0.38,DDPG
1785,-0.9253737823388408,0.9166728990478619,0.43,DDPG
1786,-0.5154553451020873,1.119358446356353,0.44,DDPG
1787,-0.814999522659964,0.9099937739270832,0.41,DDPG
1788,-0.9297729210493716,0.9337220441186961,0.42,DDPG
1789,-0.7184046767961094,0.9658189049604529,0.43,DDPG
1790,-0.9250522957444057,0.9911561485755195,0.5,DDPG
1791,-0.5637625316733086,1.0497631183356781,0.44,DDPG
1792,-0.7390670907034482,0.8904457335615287,0.44,DDPG
1793,-0.6922687196493227,1.0554907552424928,0.45,DDPG
1794,-0.7769453726205597,0.9999782156785664,0.45,DDPG
1795,-0.538631931563848,0.9718188321452291,0.46,DDPG
1796,-0.7915938142398812,0.7953157232668433,0.5,DDPG
1797,-0.5552514208921806,1.0529121184992452,0.46,DDPG
1798,-0.32593812917562304,1.1788367232904862,0.48,DDPG
1799,-0.47267906671743115,0.9798706184214383,0.51,DDPG
1800,-0.6753339488880168,1.089668889080967,0.47,DDPG
1801,-0.6979755933760704,1.0155361742245455,0.4,DDPG
1802,-0.5101583373044462,0.9400997085502795,0.45,DDPG
1803,-0.5650534130837678,1.072566440176705,0.51,DDPG
1804,-0.9899344935992102,0.9810717762276033,0.34,DDPG
1805,-0.6674233017939797,0.9301494344280253,0.45,DDPG
1806,-0.8483045960748186,0.9248356139365184,0.4,DDPG
1807,-0.9232277209761938,0.8568821719791911,0.47,DDPG
1808,-0.8842203369428434,0.9801043321551424,0.41,DDPG
1809,-0.9301899594632935,0.8422381036719462,0.39,DDPG
1810,-0.49775802866138447,1.1392448107231703,0.48,DDPG
1811,-0.785376683673546,0.9701181001427159,0.44,DDPG
1812,-0.8157375056134035,0.9886799771747325,0.47,DDPG
1813,-0.7084825221840647,1.1457375717992597,0.4,DDPG
1814,-1.091901667188122,0.8470313932955019,0.33,DDPG
1815,-0.9311890620740471,0.9046592212062717,0.41,DDPG
1816,-0.9803125453736324,0.7991376651081533,0.43,DDPG
1817,-0.9755581451680869,1.0177515217457591,0.42,DDPG
1818,-0.7823775041169226,1.0407112984206994,0.33,DDPG
1819,-0.6090408176237189,1.0348107233384767,0.46,DDPG
1820,-0.9170130147171873,1.0181452477727346,0.45,DDPG
1821,-1.0510347167076453,0.9962661724722657,0.36,DDPG
1822,-0.6646758926789254,0.996757707377256,0.48,DDPG
1823,-0.33043672449054334,1.1965652913058895,0.42,DDPG
1824,-0.7327811492416135,1.0400041670810372,0.42,DDPG
1825,-0.888766584737865,0.8316831344070876,0.43,DDPG
1826,-0.8939268257800399,0.9950754025714456,0.39,DDPG
1827,-0.7317325706115129,0.9291984871042015,0.45,DDPG
1828,-0.40839987428787217,1.0456596556077355,0.53,DDPG
1829,-0.6984964355808853,0.9711903355372626,0.46,DDPG
1830,-1.1661636970782927,0.7689056426491903,0.45,DDPG
1831,-0.33983420168979583,1.1583919151938482,0.47,DDPG
1832,-1.2913193579626465,0.9023792507390405,0.45,DDPG
1833,-1.0583983365938718,0.9670485025141445,0.39,DDPG
1834,-1.0103953549302094,0.8708811984618369,0.48,DDPG
1835,-0.5920075639359973,1.0303713092789826,0.51,DDPG
1836,-0.4963768210392498,1.0633008575490914,0.52,DDPG
1837,-1.0214178853930473,1.007461825627766,0.42,DDPG
1838,-0.9485819183485894,0.9227910408429518,0.51,DDPG
1839,-0.8775642750945006,0.8697565118871986,0.46,DDPG
1840,-1.2166803283222984,0.9365276134439054,0.43,DDPG
1841,-0.4604637948061163,1.0475374642192485,0.51,DDPG
1842,-1.0585256703629389,1.0177262449372189,0.32,DDPG
1843,-0.7553824218688102,1.0540901489389727,0.41,DDPG
1844,-0.8287227618242534,0.9664806016686472,0.46,DDPG
1845,-0.4815808832071617,1.1817172658297905,0.47,DDPG
1846,-0.6190272470720644,0.8366848012567003,0.48,DDPG
1847,-0.5884968494222487,0.895627296742451,0.54,DDPG
1848,-0.7570541054065066,1.0194884143152185,0.39,DDPG
1849,-0.8633672884918043,0.9754668655899212,0.45,DDPG
1850,-1.053481503714036,0.9571972477704643,0.41,DDPG
1851,-1.1642990847168881,0.882596018663993,0.43,DDPG
1852,-0.7584577273207054,0.9890218266092263,0.48,DDPG
1853,-0.26339583457249666,1.1434742893704561,0.55,DDPG
1854,-0.7639668767710919,0.9678004228888354,0.5,DDPG
1855,-0.8370165780959468,0.9414813883377185,0.46,DDPG
1856,-0.652784976343389,0.9918786457782457,0.42,DDPG
1857,-1.191551790558237,0.9442303077306528,0.41,DDPG
1858,-1.0804466629547103,0.7618269674793708,0.36,DDPG
1859,-0.8002801382426895,0.9424685558382805,0.41,DDPG
1860,-1.395507924476498,0.8995077964343452,0.36,DDPG
1861,-1.0075452610125206,0.9239753776691545,0.42,DDPG
1862,-0.9341470914747825,0.9278684292472947,0.46,DDPG
1863,-0.8181401398725241,0.985553997943626,0.46,DDPG
1864,-1.0292493627913544,0.8990873599485525,0.42,DDPG
1865,-0.40589291229283553,0.9509869891635658,0.47,DDPG
1866,-0.621688341387125,0.9368031219854828,0.39,DDPG
1867,-0.47129608075315443,1.1333146806092296,0.44,DDPG
1868,-0.7757389619489805,0.7838267791191188,0.52,DDPG
1869,-1.3206080402217353,0.9013297104272101,0.43,DDPG
1870,-1.1340879074656889,0.8525529812747209,0.43,DDPG
1871,-0.2735908731706238,1.1715226665817564,0.49,DDPG
1872,-0.7208233878296744,0.9627693318986793,0.38,DDPG
1873,-0.6593964170167906,1.0367642602602138,0.4,DDPG
1874,-0.613124459510573,1.058128378480678,0.49,DDPG
1875,-0.4639723969383095,0.9805135216051685,0.49,DDPG
1876,-1.0211357081591077,0.8363328079211014,0.35,DDPG
1877,-1.0304553240163226,0.9387396320545592,0.39,DDPG
1878,-0.8542332158276891,0.9908692923326453,0.48,DDPG
1879,-0.7298521278445557,0.9417520452824049,0.48,DDPG
1880,-0.4783654544807822,1.0484165322851968,0.48,DDPG
1881,-1.0506403210623214,0.8508462715396986,0.39,DDPG
1882,-0.38883455175291604,1.0627024958174178,0.49,DDPG
1883,-0.36428718721217934,1.091521182764127,0.54,DDPG
1884,-0.6890990212783147,0.9551649528503724,0.48,DDPG
1885,-0.9888543184882372,0.8673077018285443,0.44,DDPG
1886,-0.591317203484288,0.9585303272455994,0.48,DDPG
1887,-0.9168637627807587,0.9446692732676673,0.46,DDPG
1888,-0.6065505887676962,0.9301362315459873,0.42,DDPG
1889,-1.21806180536292,0.8671882320840638,0.41,DDPG
1890,-0.9679075102516222,0.8455679527292891,0.46,DDPG
1891,-0.7613091741878932,0.9462821016944274,0.42,DDPG
1892,-0.717334939408141,1.02344586943485,0.49,DDPG
1893,-0.6757344348593111,0.9911229333478329,0.5,DDPG
1894,-0.7666683140515376,1.0632722457546455,0.43,DDPG
1895,-0.5563369538405908,1.0032214544512732,0.49,DDPG
1896,-0.8866693794996052,0.7683483797697152,0.4,DDPG
1897,-0.8808124486898883,0.8834088935589968,0.35,DDPG
1898,-0.28062480503514176,1.1136127631877297,0.47,DDPG
1899,-0.8628058611217814,1.060128135802453,0.37,DDPG
1900,-0.6745081245049824,1.032471124384323,0.45,DDPG
1901,-1.0315776991915349,0.9938494736300096,0.37,DDPG
1902,-0.8298285158624513,0.8625726521685938,0.43,DDPG
1903,-1.0665231048376569,1.0295972015174606,0.36,DDPG
1904,-0.6318076884635638,1.049549185378539,0.44,DDPG
1905,-0.5809475618714196,0.9908731148819876,0.47,DDPG
1906,-0.5207581096888991,1.1246570325169365,0.52,DDPG
1907,-0.6352617159450474,0.8701146493485961,0.52,DDPG
1908,-0.16698733352488687,1.1367512583672639,0.55,DDPG
1909,-0.46633903699003115,1.1110105955137815,0.51,DDPG
1910,-0.9451659629947681,0.8769000792569315,0.41,DDPG
1911,-0.6390168278614267,1.0111552155739145,0.47,DDPG
1912,-0.8791357496996598,0.8057321641210241,0.43,DDPG
1913,-0.7660553476431714,0.9458164358112959,0.43,DDPG
1914,-0.8492048995851704,0.9676365430966867,0.47,DDPG
1915,-1.4796026069961785,0.9633695949204996,0.36,DDPG
1916,-0.5671735843807302,0.9359075925253509,0.5,DDPG
1917,-0.28981043981542814,1.0453616719884513,0.51,DDPG
1918,-0.8802972301066307,0.8547545084553785,0.46,DDPG
1919,-1.3513970166677243,0.9384642199639854,0.37,DDPG
1920,-0.6408536862452998,0.9812127521256514,0.44,DDPG
1921,-0.715918054622502,0.9911193976641047,0.38,DDPG
1922,-1.2386710672532084,0.9036136163973548,0.46,DDPG
1923,-0.7377110287809256,0.9655785552558745,0.49,DDPG
1924,-1.2562185108052293,0.8278872339694595,0.43,DDPG
1925,-1.603088406544055,0.7670951943857007,0.43,DDPG
1926,-0.9956899231099805,0.773964540714926,0.41,DDPG
1927,-0.4932011220663457,1.0292787759081385,0.56,DDPG
1928,-0.7941877041952802,0.9169074148977004,0.46,DDPG
1929,-1.1442208478791154,0.9827723187026629,0.4,DDPG
1930,-0.7965524400770072,0.9926370956045979,0.43,DDPG
1931,-0.6525144620543071,0.9983125918514427,0.54,DDPG
1932,-0.9797888521459336,0.802089731439968,0.43,DDPG
1933,-0.6841107456403259,0.9847994122159363,0.51,DDPG
1934,-0.865595545948046,0.8747902791966731,0.44,DDPG
1935,-0.7219448379199572,0.9409067945841937,0.43,DDPG
1936,-0.9633619644789644,0.9838177394939749,0.48,DDPG
1937,-0.7589597107150309,0.8778178680745796,0.51,DDPG
1938,-0.9346058642095345,0.850180400254953,0.47,DDPG
1939,-0.8768182432046031,0.8999576883583622,0.5,DDPG
1940,-0.5804114746747218,1.0267580441278275,0.41,DDPG
1941,-0.4929018650407644,0.8215466469018932,0.42,DDPG
1942,-0.9021334893759275,0.9010040990966721,0.39,DDPG
1943,-0.8125903241116771,0.9525641069397602,0.41,DDPG
1944,-0.7803727946668954,1.0183094923655442,0.43,DDPG
1945,-0.4497342258465158,1.0988850923799194,0.49,DDPG
1946,-0.29334772303359147,1.1430265806111974,0.51,DDPG
1947,-0.9478227044625513,0.9131450377070071,0.41,DDPG
1948,-0.5800109754937297,0.946729996546715,0.52,DDPG
1949,-0.5805356495682085,0.9701002498191977,0.44,DDPG
1950,-0.809609393365638,0.9414123055096111,0.51,DDPG
1951,-0.5725210614262989,1.0755641854784634,0.51,DDPG
1952,-0.693489806561526,0.9835458907914888,0.49,DDPG
1953,-0.9294682254681237,0.892565956912036,0.48,DDPG
1954,-0.6255675636036897,0.9904011059572626,0.51,DDPG
1955,-0.818326427933423,0.83136788494791,0.49,DDPG
1956,-0.7755401208064447,1.0779854377330012,0.51,DDPG
1957,-0.7890348155221102,1.085436337139835,0.43,DDPG
1958,-0.6389084726933485,1.0244053796746655,0.47,DDPG
1959,-0.39374752910861993,1.0149100614046092,0.5,DDPG
1960,-0.8784695145834874,0.8901083459124207,0.48,DDPG
1961,-0.30186817563371676,1.0236800298420805,0.53,DDPG
1962,-0.6976981328425416,0.9877239391421196,0.44,DDPG
1963,-1.1438961179077318,0.8369138701337567,0.44,DDPG
1964,-0.7411164806150687,0.9615021870940303,0.44,DDPG
1965,-0.4896844570095411,1.0247723757598437,0.49,DDPG
1966,-0.595859163023473,1.1165281805978977,0.51,DDPG
1967,-0.33509294200802375,1.2595394497045942,0.52,DDPG
1968,-0.7943029341096741,0.9605426858443509,0.43,DDPG
1969,-0.40388294732114116,1.142842711826462,0.51,DDPG
1970,-0.16832556231250537,1.340366194495264,0.5,DDPG
1971,-1.1835838304608672,0.8860192220241195,0.4,DDPG
1972,-0.8102901914217593,1.0838457420786254,0.44,DDPG
1973,-0.9706137355054874,0.8319561992156334,0.48,DDPG
1974,-0.7713519043886989,1.0467216579916594,0.37,DDPG
1975,-1.2678816096489083,0.9882139092900405,0.43,DDPG
1976,-0.9359428175426275,0.9316539134489316,0.47,DDPG
1977,-0.4593718699006826,1.1478408011468826,0.47,DDPG
1978,-0.36302680531846154,0.9743785972984718,0.53,DDPG
1979,-1.0565116849605738,0.9565386066204141,0.45,DDPG
1980,-0.882487922274059,0.9207701644830244,0.51,DDPG
1981,-0.7836682901196568,0.868071869438906,0.53,DDPG
1982,-0.3234603969174477,1.070039763129564,0.51,DDPG
1983,-0.4262109221127099,0.8938337684760971,0.49,DDPG
1984,-0.5772709961270036,0.9606592106618465,0.46,DDPG
1985,-0.8197086927216837,0.9289260854191128,0.53,DDPG
1986,-0.3503403898670436,0.9491342234536101,0.48,DDPG
1987,-0.30810103509870207,1.0156194163867789,0.54,DDPG
1988,-1.2758759292382262,0.8312362242307689,0.32,DDPG
1989,-0.38666476965243446,0.9615353694062712,0.45,DDPG
1990,-0.13829704304534088,1.1845302478858688,0.57,DDPG
1991,-0.10977101378079529,1.0397759201561665,0.52,DDPG
1992,-0.18857035240968018,1.1265510154103398,0.52,DDPG
1993,-0.6961555341319418,0.9618230719107581,0.56,DDPG
1994,-0.9323737070902395,0.877615196153844,0.42,DDPG
1995,-0.5116064195719705,1.0161677568777656,0.43,DDPG
1996,-0.8755489184474393,0.9939761895823682,0.48,DDPG
1997,-0.2289138369963348,1.077427989658963,0.5,DDPG
1998,-0.6024040563101055,0.99980655598714,0.43,DDPG
1999,-0.7596583786077883,0.9546950363450074,0.52,DDPG
2000,-0.8794033973598729,1.01584592581634,0.48,DDPG
2001,-0.6551632870206998,0.9371738721061068,0.47,DDPG
2002,-0.5196964856759366,1.025681878730784,0.44,DDPG
2003,-1.4933824980766546,0.8845464685750453,0.38,DDPG
2004,-1.1010153945753651,0.8464277790898614,0.42,DDPG
2005,-0.3196281283338135,1.1161538044746548,0.53,DDPG
2006,-0.6259802050674803,1.1286587367580223,0.43,DDPG
2007,-0.06867732661044855,1.0563014465675997,0.53,DDPG
2008,-0.6557261828839681,0.9370038893194682,0.47,DDPG
2009,-0.6770306063306363,0.989404080924187,0.39,DDPG
2010,-1.0077974265946716,0.8237659982704845,0.4,DDPG
2011,-0.8867529924640065,0.846265042968099,0.52,DDPG
2012,-0.45811321460451004,0.8745999854446365,0.53,DDPG
2013,-0.8822056895570237,0.9302136449135959,0.37,DDPG
2014,-0.45241167574538094,1.1097384983934757,0.52,DDPG
2015,-0.6230958922396469,1.0717281015922477,0.44,DDPG
2016,-0.31651513986120927,1.159301475145719,0.49,DDPG
2017,-0.3266637085573072,1.1336674298546034,0.44,DDPG
2018,-1.0699850368816826,0.920880535942133,0.4,DDPG
2019,-0.6781098681488643,0.9461595439523449,0.48,DDPG
2020,-1.0060539794310164,0.8996410488042771,0.42,DDPG
2021,-0.5853404128197917,0.9914142314104614,0.44,DDPG
2022,-1.2462529115914018,0.8001897654460994,0.39,DDPG
2023,-0.5563030664842744,1.0344765192966172,0.49,DDPG
2024,-0.754775751298085,0.9651213306151242,0.42,DDPG
2025,-0.5455468828877936,0.8435872319345143,0.56,DDPG
2026,-1.1541686825244053,0.9652859918554466,0.41,DDPG
2027,-0.8013995752925038,1.0399580629845968,0.41,DDPG
2028,-0.4248605752831153,1.127561000890028,0.49,DDPG
2029,-1.1340673487123722,0.8927863461743856,0.46,DDPG
2030,-0.7997117087306065,0.9542111669157738,0.43,DDPG
2031,-0.5844624453470173,1.0278841455568466,0.44,DDPG
2032,-0.829044750096454,0.9036313545667595,0.48,DDPG
2033,-0.520750966276392,1.0512379177492,0.58,DDPG
2034,-1.1605096444750824,0.78519106667878,0.4,DDPG
2035,-0.6154513831829772,1.012328957811891,0.47,DDPG
2036,-0.1988456903291051,1.2863307069373042,0.55,DDPG
2037,-0.46748982284115703,0.825635514066769,0.45,DDPG
2038,-0.39708128320134106,1.0508786431020427,0.53,DDPG
2039,-0.7101326099933323,0.980434082736644,0.38,DDPG
2040,-0.4664245923596477,1.1735336579839197,0.47,DDPG
2041,-0.8177596420592579,0.9304789501553907,0.48,DDPG
2042,-0.9340562167723331,1.0236725312613673,0.5,DDPG
2043,-1.3384732059644295,0.7257075542541874,0.38,DDPG
2044,-1.1616919456602246,0.8491149232041082,0.4,DDPG
2045,-0.6284262114142118,1.0037879270450842,0.45,DDPG
2046,-0.6477939089177717,1.020308106913128,0.46,DDPG
2047,-0.5783922775171623,1.0494075871629858,0.5,DDPG
2048,-1.0133406238599023,0.9803405197208656,0.37,DDPG
2049,-0.5354607365279979,0.9300637714495963,0.49,DDPG
2050,-1.2607503156148916,0.8689233725361671,0.37,DDPG
2051,-1.4800948671335181,0.8066534378486766,0.38,DDPG
2052,-0.9580525790107676,0.8481895354603546,0.48,DDPG
2053,-0.489985589350526,1.074565313734514,0.57,DDPG
2054,-0.7054850901589254,0.9392037118987521,0.41,DDPG
2055,-0.9429291620744236,0.9810018883503091,0.47,DDPG
2056,-0.8896748702174142,0.9117371082004635,0.4,DDPG
2057,-0.6994476032049525,1.0750570727718458,0.52,DDPG
2058,-0.5253837890613867,1.016789626800303,0.56,DDPG
2059,-0.5403759770722859,0.9847659604862358,0.47,DDPG
2060,-0.1675596308636402,1.0165605790233072,0.55,DDPG
2061,-0.6106049051181396,1.0326552902781547,0.57,DDPG
2062,-0.5079438532580304,1.0355329902573929,0.51,DDPG
2063,-0.754201644660061,1.0776586467584564,0.42,DDPG
2064,-0.5687896657907292,1.01930022139784,0.43,DDPG
2065,-0.5494401133074793,0.9572819448517825,0.48,DDPG
2066,-1.285915615966452,0.7668495155620935,0.42,DDPG
2067,-0.3804304308089687,0.990107152877783,0.52,DDPG
2068,-0.9209664060086614,0.9008599811356871,0.39,DDPG
2069,-0.946187330889876,1.077763763732676,0.38,DDPG
2070,-0.7374493136834219,1.0643199570812105,0.45,DDPG
2071,-0.6325716525516927,1.0363796235892482,0.48,DDPG
2072,-0.21547348304055206,1.1734135721087653,0.5,DDPG
2073,-1.0466789599678683,0.8496331963456346,0.35,DDPG
2074,-0.046063614109006966,0.9984300345462671,0.61,DDPG
2075,-1.266965965806536,0.9412207159953748,0.4,DDPG
2076,-0.294297859952258,1.0721532480408966,0.53,DDPG
2077,-0.3697620191142086,1.0145678392770017,0.44,DDPG
2078,-0.6001542202512734,0.9760603087889467,0.54,DDPG
2079,-0.8826661416782602,0.9628489705046336,0.4,DDPG
2080,-0.607194046168263,1.0175178885020744,0.53,DDPG
2081,-0.9199218021197982,0.9303271240869134,0.39,DDPG
2082,-0.13955953728097376,1.2282513283867214,0.52,DDPG
2083,-1.2856388107895191,0.8480971638258313,0.4,DDPG
2084,-1.0429333050138105,0.7702494553787264,0.4,DDPG
2085,-0.8530564389219145,0.8640463612614533,0.46,DDPG
2086,-0.5990139217997911,0.9904227275266271,0.43,DDPG
2087,-0.39135068764109837,0.9821084357457961,0.5,DDPG
2088,-0.7298983058583324,1.10259009703814,0.5,DDPG
2089,-0.8810606740989719,0.8944807315296484,0.45,DDPG
2090,-0.8985541989569984,0.9748921958908422,0.46,DDPG
2091,-1.1229139714697598,0.9678684691867112,0.36,DDPG
2092,-1.1161969441261355,0.9251426860175278,0.45,DDPG
2093,-1.0160201120101575,1.011271413593438,0.43,DDPG
2094,-0.30762523866927116,1.0849818415750456,0.49,DDPG
2095,-0.6176415155976493,1.0145162421666725,0.4,DDPG
2096,-0.2096501256805768,1.0817736158642757,0.56,DDPG
2097,-0.652315265300913,1.0206986980202053,0.46,DDPG
2098,-0.566148521078819,0.9727075291524347,0.51,DDPG
2099,-0.9685563528863096,0.9127700227993539,0.39,DDPG
2100,-1.1379510123147005,0.8090722070961466,0.38,DDPG
2101,-0.5903901185763964,0.9545536332141183,0.52,DDPG
2102,-0.7586318598555977,0.8846901711104419,0.54,DDPG
2103,-0.5544991970558989,1.0384484990089426,0.48,DDPG
2104,-0.7465673392597831,0.9648526589282678,0.35,DDPG
2105,-0.6981407779705413,0.9707186644924005,0.47,DDPG
2106,-0.8824430078190302,0.8317624476770523,0.53,DDPG
2107,-0.8378040273567394,0.7915596236133893,0.5,DDPG
2108,-0.7694493723899679,0.8312273989744439,0.52,DDPG
2109,-0.568042611845298,1.0694438201565317,0.47,DDPG
2110,-0.6854958865610737,0.9523904509891865,0.51,DDPG
2111,-1.0090697679753198,0.9614654708712745,0.43,DDPG
2112,-0.6479625883273842,1.017806736464645,0.42,DDPG
2113,-0.8545180439231881,0.8414947936505714,0.47,DDPG
2114,-1.2052328585612266,0.8356047226198728,0.43,DDPG
2115,-0.35665468474174117,1.0174178296751704,0.54,DDPG
2116,-0.6054630066211505,0.8989560885370212,0.53,DDPG
2117,-0.702395410508828,0.9572185269011778,0.43,DDPG
2118,-0.5140223943029245,1.0077111979872826,0.54,DDPG
2119,-1.1914176176743028,0.7867097231235705,0.5,DDPG
2120,-0.3793578285109471,0.9431336954571559,0.45,DDPG
2121,-0.4285866123810302,0.9647863602623672,0.42,DDPG
2122,-0.31231038161558466,1.165841410367524,0.55,DDPG
2123,-0.5906880342828547,1.0471021278163644,0.44,DDPG
2124,-0.9219466283765345,0.7950180077680359,0.44,DDPG
2125,-0.8670696393999063,1.0265739302666896,0.45,DDPG
2126,-0.4916751368460512,1.1007318617316202,0.47,DDPG
2127,-0.4817831244657866,0.9495865660966498,0.48,DDPG
2128,-0.3929795676613875,1.0385270903392678,0.45,DDPG
2129,-0.873068104292061,0.9189641821864966,0.46,DDPG
2130,-0.7283038206522444,0.9784392173881581,0.51,DDPG
2131,-0.5675596990080772,1.0507356038533977,0.42,DDPG
2132,-0.4848772377372347,1.0788684101817312,0.45,DDPG
2133,-1.4295704416880173,0.8521828157801583,0.36,DDPG
2134,-0.9992354586993466,0.896682183237985,0.52,DDPG
2135,-0.8247113113220693,0.9484190446238843,0.52,DDPG
2136,-0.7990594400648418,0.7916263615505362,0.45,DDPG
2137,-0.29825674089561977,1.034074168509339,0.55,DDPG
2138,-0.657720622756636,0.9817070543473382,0.46,DDPG
2139,-0.8943250461176605,1.0243876390108675,0.44,DDPG
2140,-0.6806932517174773,1.0839423814054623,0.41,DDPG
2141,-0.41390914884481056,0.927337360724489,0.55,DDPG
2142,-0.38059817303420185,0.9145451722675094,0.54,DDPG
2143,-0.4998652289478305,0.9892451215611845,0.53,DDPG
2144,-0.08530472348174159,1.188442915541904,0.47,DDPG
2145,-0.9918643085127725,0.9423572384395525,0.43,DDPG
2146,-0.46860526657117324,1.0278863332595247,0.56,DDPG
2147,-0.3759352687616333,1.0850326561802575,0.58,DDPG
2148,-0.2882509051686403,1.1264119522994824,0.48,DDPG
2149,-0.38635031990229324,1.0758123861635067,0.46,DDPG
2150,-0.4488683728794335,0.940808566301418,0.47,DDPG
2151,-0.764860692735252,0.9259514960640293,0.44,DDPG
2152,-0.4431765973604485,1.1747693747394083,0.56,DDPG
2153,-0.3019659028373469,1.0807692409784944,0.5,DDPG
2154,-0.6559381570450427,1.1725774620938048,0.52,DDPG
2155,-0.4218366430944258,0.9975398005244763,0.53,DDPG
2156,-0.14142375409141983,1.24992604456517,0.49,DDPG
2157,-0.10647302756706527,1.1408183601297344,0.53,DDPG
2158,-0.9407571812549529,1.0883048134969946,0.48,DDPG
2159,-1.0879817929659914,0.8822516802241285,0.42,DDPG
2160,-0.7324710715271512,0.8247504842280031,0.52,DDPG
2161,-0.8468557085374812,0.8931001588991293,0.51,DDPG
2162,-0.8670906747058428,0.8647365657717792,0.57,DDPG
2163,-0.5115484980546714,1.1559753687260277,0.48,DDPG
2164,-0.6658622697013817,0.9449063808872096,0.51,DDPG
2165,-0.7819974566409899,0.936993476884512,0.46,DDPG
2166,-0.5673019258794375,0.9610297211149019,0.52,DDPG
2167,-0.9161860774717938,0.9764350402854948,0.4,DDPG
2168,-0.02448515889970918,1.0904399976906878,0.54,DDPG
2169,-0.5324807716937222,0.9712401756213594,0.49,DDPG
2170,-0.5351917385559848,1.147313796027143,0.53,DDPG
2171,-0.26400438908834223,0.9790869388983746,0.56,DDPG
2172,-0.3204947145497647,0.9028466639460446,0.52,DDPG
2173,-0.340126859419828,1.0109494484565216,0.49,DDPG
2174,-0.45015554971769056,1.1246171964279612,0.5,DDPG
2175,-0.02408102331755816,1.0741263529010356,0.6,DDPG
2176,-1.084427469685144,0.9161787796733245,0.43,DDPG
2177,-1.1583182883978551,0.8610292575601117,0.44,DDPG
2178,-0.37587640126775057,1.0923409323695348,0.45,DDPG
2179,-0.6329114405781727,1.0382933865654262,0.4,DDPG
2180,-0.5839105243578255,0.8638807453831425,0.48,DDPG
2181,-0.5178771215128783,1.104911113631319,0.51,DDPG
2182,-0.3326657569314287,1.0060706987668575,0.56,DDPG
2183,-0.36629259999948616,0.9711231928296762,0.56,DDPG
2184,-1.0810108051399354,0.7369462078020145,0.43,DDPG
2185,-1.13232858964526,0.7867150751894216,0.42,DDPG
2186,-0.5462961838845385,1.033309859923306,0.52,DDPG
2187,-0.7568878653990738,0.9234579396848328,0.41,DDPG
2188,-0.5838562645254238,1.0729610956924474,0.42,DDPG
2189,-0.5750338861104918,1.0219955372225704,0.51,DDPG
2190,-1.1564054959958363,0.8665303481370503,0.36,DDPG
2191,-1.3828783112976482,0.7656790483982943,0.46,DDPG
2192,-0.42568217435955075,0.9812436555121477,0.51,DDPG
2193,-0.3872380792603229,1.1354041518107933,0.53,DDPG
2194,-0.8943853456224461,0.940680030264194,0.48,DDPG
2195,-0.5657781928497801,0.9309928640620501,0.52,DDPG
2196,-0.6528675222624674,0.9922636752006416,0.47,DDPG
2197,-1.6826809782730934,0.714145323324552,0.36,DDPG
2198,-0.5215037474138017,0.958077934272821,0.49,DDPG
2199,-0.5307994927492945,0.8893434607095375,0.51,DDPG
2200,-0.45072840997838,1.1133899248044614,0.53,DDPG
2201,-0.5774250186408701,1.0221253960356378,0.52,DDPG
2202,-0.618278898357249,1.1140337105939868,0.5,DDPG
2203,-0.5712915688455997,0.8648929199863963,0.53,DDPG
2204,-0.5678170711505982,0.9850770183347696,0.52,DDPG
2205,-0.8783423602284758,0.9015067207433765,0.55,DDPG
2206,-0.3720392585766666,1.1662122936330508,0.53,DDPG
2207,-0.4538011510497567,0.9347902812604448,0.47,DDPG
2208,-0.21023795264335665,1.1673465502258715,0.53,DDPG
2209,-0.9428399808399989,0.8735715507217514,0.5,DDPG
2210,-0.6444611095716661,1.0278802903971371,0.47,DDPG
2211,-1.067466446408276,0.9481531305984021,0.5,DDPG
2212,-0.42646657467503635,1.0199023992735479,0.48,DDPG
2213,-0.8757382303211076,0.9376121704584653,0.41,DDPG
2214,-0.814151149718604,0.9095202946061715,0.41,DDPG
2215,-0.3295829204110291,1.0225990712594961,0.49,DDPG
2216,-0.29733525139971617,1.0215928774869996,0.51,DDPG
2217,-0.851156705389112,1.0545494658825758,0.48,DDPG
2218,-0.4484594589133132,1.0247677310802934,0.52,DDPG
2219,-0.8731274411272791,1.0024779195197384,0.46,DDPG
2220,-0.5980341850607618,0.9452379105323305,0.44,DDPG
2221,-0.5197582031707683,0.9925333990403593,0.46,DDPG
2222,-0.3442086310772261,1.0415539008848866,0.54,DDPG
2223,-0.9694094195499224,0.8861847751538724,0.44,DDPG
2224,-0.20687271360527518,1.0658529280388211,0.48,DDPG
2225,-0.8210720510474497,0.9877278572969217,0.53,DDPG
2226,-0.3472891718786967,1.0271805985360034,0.56,DDPG
2227,-1.000375847010683,0.9632535587660268,0.46,DDPG
2228,-0.6724997753100319,1.070231170722848,0.47,DDPG
2229,-0.9151110076711643,0.8386070905501462,0.49,DDPG
2230,-0.9977935997347751,0.8487542343438966,0.49,DDPG
2231,-0.09244281187139183,1.1129398445916845,0.53,DDPG
2232,-0.718875448097356,1.0177869524052336,0.44,DDPG
2233,-0.5874707603503628,1.071151272558156,0.49,DDPG
2234,-0.6017095075639153,1.065845017323059,0.49,DDPG
2235,-0.483000941778867,0.9320265531591894,0.54,DDPG
2236,-0.6766075998903978,0.8197449883837378,0.5,DDPG
2237,-0.6782603609287701,1.0450566832259198,0.42,DDPG
2238,-0.35507349382496545,1.1482705571401581,0.54,DDPG
2239,-0.6302791680883427,0.9739475073250885,0.49,DDPG
2240,-0.36265620846617275,1.1097624362495326,0.55,DDPG
2241,-0.3069671888175333,1.121068458171645,0.48,DDPG
2242,-0.7357636219798972,1.1230097013168105,0.48,DDPG
2243,-0.49567825852834063,0.9862061123549227,0.52,DDPG
2244,-0.9721475236341152,0.8163287004730795,0.39,DDPG
2245,-0.5281699888611866,1.034429610049733,0.61,DDPG
2246,-0.6818226988726644,0.9469758477795005,0.53,DDPG
2247,-0.1699690884594094,1.1926642920929174,0.54,DDPG
2248,-0.9751393324090969,0.8531441624712324,0.47,DDPG
2249,-0.4361981380830781,0.9787938546436457,0.52,DDPG
2250,-0.7876688432795217,0.9377815529116225,0.44,DDPG
2251,-0.5482593477922715,0.9135820945824051,0.5,DDPG
2252,-0.967169616314012,0.8391903942320385,0.51,DDPG
2253,-0.3554152006729801,1.1570884871513543,0.58,DDPG
2254,-0.7298042222884906,0.8788133700347538,0.55,DDPG
2255,-0.39968794192945917,1.0189606353693899,0.5,DDPG
2256,-0.6414985002986263,0.9050939558521605,0.5,DDPG
2257,-0.9326232511822917,0.8559673734215658,0.47,DDPG
2258,-0.27454195051906227,1.2507197717460952,0.56,DDPG
2259,-0.7166891929940431,0.9369783552256087,0.48,DDPG
2260,-0.6591442067617899,0.9567311510578517,0.55,DDPG
2261,-0.42372572748616366,1.0499831397730237,0.54,DDPG
2262,-0.942378599830308,0.9485442108188609,0.48,DDPG
2263,-0.3929649594905769,1.2226339097243595,0.52,DDPG
2264,-0.13590094925693033,1.1752366268126888,0.59,DDPG
2265,-0.7823746560697115,0.8561592469595481,0.55,DDPG
2266,-0.3284820329170985,1.2575657455165723,0.46,DDPG
2267,-0.4333481716875506,1.1362991551630142,0.46,DDPG
2268,-0.6366297274292662,0.9551935324855162,0.49,DDPG
2269,-1.055854242590351,0.7400560336440661,0.46,DDPG
2270,-0.6626621511050549,0.9884672504092622,0.46,DDPG
2271,-1.1568811811500144,0.8507593631997535,0.51,DDPG
2272,-0.37079515480293923,0.9932118516115033,0.49,DDPG
2273,-0.5738331704949681,0.8924590011811673,0.52,DDPG
2274,-0.6719328818729575,0.9499286643897419,0.5,DDPG
2275,-0.7958271264962056,0.8580606677685324,0.57,DDPG
2276,-0.8137770063357973,0.8677619785454255,0.45,DDPG
2277,-0.36929530919136416,1.1483574626940265,0.52,DDPG
2278,-0.8659635299409528,0.7654675666519818,0.56,DDPG
2279,-0.6997469994673372,0.9912081355825696,0.42,DDPG
2280,-1.102123874631184,0.8562179054779118,0.41,DDPG
2281,-0.6872585577600351,0.9591634459524438,0.5,DDPG
2282,-0.6182203251516045,0.9887981072222399,0.53,DDPG
2283,-0.7296932943496107,0.8812755251060707,0.48,DDPG
2284,-0.5853285999659141,0.9685426338900449,0.52,DDPG
2285,-0.5071583812134095,1.0537615553613735,0.46,DDPG
2286,-0.4636459823352652,1.0722476717331892,0.48,DDPG
2287,-0.32300145968139227,1.0752718511297816,0.53,DDPG
2288,-0.992112655106341,0.9639782043205597,0.49,DDPG
2289,-0.020376034196214202,1.2861668451014836,0.57,DDPG
2290,-0.3973108792095357,1.1006694040230143,0.57,DDPG
2291,-0.12701923642705565,1.121971520817725,0.56,DDPG
2292,-0.5035772229500511,0.9348369551218373,0.55,DDPG
2293,-0.837146141719831,1.0184963226723218,0.45,DDPG
2294,-0.7254839463859666,0.9414039352685958,0.54,DDPG
2295,-0.46924357791504184,1.000983563320936,0.52,DDPG
2296,-0.7459290641936672,1.0999054250213585,0.46,DDPG
2297,-0.5341036216164796,0.9561950048252238,0.55,DDPG
2298,-0.495196217897401,1.1499532389812628,0.47,DDPG
2299,-0.5150881787280682,1.0767714132058144,0.5,DDPG
2300,-0.4838650173119087,1.0752077360949712,0.54,DDPG
2301,0.10364897995767644,1.2752575953830045,0.61,DDPG
2302,-0.5303584366540705,1.1072920063632963,0.48,DDPG
2303,-0.9692130304197271,0.9197138960261982,0.45,DDPG
2304,-0.16924589807505927,1.1233309314861497,0.54,DDPG
2305,-0.8494725846648471,0.8386007547406981,0.43,DDPG
2306,-0.4130907018773129,1.0208219957775668,0.52,DDPG
2307,-0.6302557864011278,1.1373875310266985,0.44,DDPG
2308,-0.23555395055415534,1.1324699413589265,0.61,DDPG
2309,-0.44558680340381973,0.8912147739857972,0.56,DDPG
2310,-0.7476304734757371,0.9429395296822116,0.48,DDPG
2311,-0.9739370887848438,0.9062642759298646,0.45,DDPG
2312,-0.6982757776120643,0.9158068685506106,0.44,DDPG
2313,-0.5272330309679562,0.9672849997485337,0.49,DDPG
2314,-0.19261442953949967,1.2099944015392554,0.56,DDPG
2315,-0.22821301411429026,1.0527180485308676,0.56,DDPG
2316,-0.1422147198913274,1.1623785706939007,0.56,DDPG
2317,-0.2983405697342329,0.9574736314885242,0.6,DDPG
2318,-0.787946227639731,0.9964183262131724,0.42,DDPG
2319,-0.3915941461263836,1.0507074728491628,0.57,DDPG
2320,-0.25652169944016806,1.1824307141522215,0.59,DDPG
2321,-0.617718601798955,1.0887486971748446,0.51,DDPG
2322,-0.47362223821671007,1.0910315156305428,0.54,DDPG
2323,-0.6858284026505085,0.8437922014407231,0.44,DDPG
2324,-0.5182575762264324,1.0697115681924678,0.5,DDPG
2325,-0.22862758705850972,1.1488407158317056,0.51,DDPG
2326,-0.2652396361874734,1.0014202706596287,0.52,DDPG
2327,-0.746977703694472,1.018997522372134,0.41,DDPG
2328,0.16962697276436878,1.2300434624621286,0.58,DDPG
2329,-0.8784755244700232,0.9431483295052341,0.5,DDPG
2330,-0.9147820546846583,0.8910181541317891,0.5,DDPG
2331,-0.2739253167890203,1.0042519828003038,0.5,DDPG
2332,-0.7942106115696914,0.882678121910581,0.46,DDPG
2333,-0.9072708258660813,0.8124429785244855,0.38,DDPG
2334,0.00765355121660138,1.0758366176176812,0.58,DDPG
2335,-0.43967176180346096,1.156145330605546,0.53,DDPG
2336,-0.29376546567422557,1.1122303122090063,0.58,DDPG
2337,-0.3201407167259147,1.0719972418401724,0.55,DDPG
2338,-0.4782390958673309,0.9762886037294969,0.44,DDPG
2339,-0.8680979644243013,0.8231424287122951,0.5,DDPG
2340,-0.3027724937687645,0.8770593736570541,0.49,DDPG
2341,-0.5142961854590326,1.108434169676657,0.48,DDPG
2342,-0.8339257114278756,0.9689782850666897,0.51,DDPG
2343,-0.8293624007326127,0.9246223034552924,0.43,DDPG
2344,-0.41783199494563655,1.0556810988813088,0.46,DDPG
2345,-0.8453990488910198,0.9235342517955286,0.52,DDPG
2346,-0.4793529847705411,1.0398949724662656,0.57,DDPG
2347,-0.3805959868262041,1.0405784086074623,0.47,DDPG
2348,-0.4377441403768792,0.9543302927509244,0.56,DDPG
2349,-0.3233989320669711,1.1807148329051844,0.53,DDPG
2350,-0.1808207627941579,1.0327614473294136,0.63,DDPG
2351,-0.3169395998410329,1.172018285918323,0.55,DDPG
2352,0.37059894737287885,1.4812070171426766,0.65,DDPG
2353,0.2717294356578422,1.2468880837554783,0.6,DDPG
2354,-0.24349269056774617,1.022703114234068,0.56,DDPG
2355,-0.08510133800835823,0.9949660472274493,0.6,DDPG
2356,-0.7430958237254244,0.9370701122853455,0.52,DDPG
2357,-0.792356182130372,0.7762765758005254,0.46,DDPG
2358,0.19407609982326246,1.168993534769146,0.63,DDPG
2359,-1.0023307364137355,0.8698308749781808,0.45,DDPG
2360,-0.2885312256171689,1.0813816845685247,0.51,DDPG
2361,-0.22341942229776,0.9419389941278667,0.56,DDPG
2362,-0.6670427127838374,1.112672393123641,0.46,DDPG
2363,-0.51229228192377,0.9462221075425156,0.42,DDPG
2364,-0.301436006728274,1.012464406241004,0.6,DDPG
2365,-0.23722358684382644,1.197708689321329,0.5,DDPG
2366,-0.03567316977158407,1.0727100166771102,0.57,DDPG
2367,0.13375015875875762,1.2435408778328236,0.54,DDPG
2368,-0.7759479652125654,0.9149314812240441,0.55,DDPG
2369,-0.5192463592962728,0.9936957854421067,0.52,DDPG
2370,-1.0767828522608935,0.9147320294842651,0.41,DDPG
2371,-0.3346684350347124,1.024214523622315,0.57,DDPG
2372,-0.4850912094945784,0.8857190079144346,0.55,DDPG
2373,-0.25747474664278064,0.886146588739036,0.54,DDPG
2374,-0.7815387071343816,0.8804841940445314,0.38,DDPG
2375,-0.6152433131493014,1.0156666141465494,0.44,DDPG
2376,-0.31664284128900416,1.1242425978933104,0.51,DDPG
2377,-0.9493046243374892,0.9701429374754234,0.45,DDPG
2378,-0.9665060244159074,0.80778640605063,0.45,DDPG
2379,-0.04773299366053955,1.3049109054959158,0.57,DDPG
2380,-0.530590105702443,1.0024395326667164,0.55,DDPG
2381,-1.0092121132902125,0.7608954720442788,0.36,DDPG
2382,-0.5865475039213013,0.9988430831852277,0.48,DDPG
2383,-0.1879166950346002,1.1153271498434312,0.54,DDPG
2384,-0.8566966816779478,0.9339811787841196,0.45,DDPG
2385,-0.10108411343685844,1.0741396358540511,0.57,DDPG
2386,-0.6579683346195062,0.949659104497487,0.52,DDPG
2387,-0.43623301958036087,1.1096732321491845,0.55,DDPG
2388,-0.9111697295492798,0.930267791585737,0.46,DDPG
2389,-0.3269776942962833,1.1161132440553116,0.47,DDPG
2390,-0.1599790834841067,1.0345717791041675,0.59,DDPG
2391,-0.5950347911880115,0.8783625649039734,0.56,DDPG
2392,-0.7224977505991177,0.9527640819527057,0.54,DDPG
2393,0.029539786577626955,1.0862560411475262,0.56,DDPG
2394,-0.42589588420469887,1.0884625958791234,0.48,DDPG
2395,-0.9419391161017018,0.7525594536008933,0.51,DDPG
2396,-0.28389935887877277,1.0695125726453847,0.57,DDPG
2397,-0.7977005472667564,0.8700248684275976,0.48,DDPG
2398,-0.07653048577650791,1.1125114324079834,0.62,DDPG
2399,-0.5281560203160566,1.0406076167200013,0.48,DDPG
2400,-0.37823616579607294,1.2293413388545962,0.5,DDPG
2401,-0.5791638944149525,1.0670904126510334,0.52,DDPG
2402,-1.0760622090905065,0.8688696611208965,0.48,DDPG
2403,-0.5492931899350743,0.9112289159942902,0.45,DDPG
2404,-0.3854446303558046,0.9961440194169144,0.5,DDPG
2405,-0.21541805350513038,0.9179162381838785,0.58,DDPG
2406,-0.46810800805679986,1.1604470018018354,0.47,DDPG
2407,-0.5865142661789879,1.0235807310830187,0.56,DDPG
2408,-0.7006175198004015,1.0149488561122981,0.52,DDPG
2409,-0.5877055119524248,1.0836618143161194,0.57,DDPG
2410,-0.2133199297543738,1.2614216483890042,0.47,DDPG
2411,-0.5530610264840409,0.8912899714309666,0.52,DDPG
2412,-0.9654811190301121,0.8892428100943964,0.49,DDPG
2413,-0.13937690628068133,1.0474126161438113,0.48,DDPG
2414,-0.510798544265043,0.9610653431090624,0.6,DDPG
2415,4.929965871468545e-05,1.1409358304619335,0.6,DDPG
2416,-0.19344342110798302,1.1310507446951268,0.61,DDPG
2417,-0.6045966229377085,0.8527145159540784,0.51,DDPG
2418,-0.6567710132935926,1.0231659092670107,0.51,DDPG
2419,-0.6268981762300528,1.157816413607958,0.51,DDPG
2420,-0.8151600807727263,0.9607775898786245,0.46,DDPG
2421,-0.2696283446593152,1.1057197792816356,0.55,DDPG
2422,-0.47786453392380657,1.0591252224785617,0.52,DDPG
2423,0.07795568708316868,1.192466211819022,0.64,DDPG
2424,-0.38058733305922593,1.1031540500578627,0.55,DDPG
2425,-0.4434824568403505,1.0029915007723877,0.56,DDPG
2426,-0.2787737097181106,1.0933511346509048,0.51,DDPG
2427,-1.178423013956658,0.8565995365643789,0.42,DDPG
2428,-0.9531628229138256,0.9465193149633905,0.46,DDPG
2429,-0.6380379167758418,0.8138273607964706,0.51,DDPG
2430,-0.7683725211643193,0.9172381925728041,0.52,DDPG
2431,0.11657813377621112,1.2277051851975629,0.59,DDPG
2432,-0.37206608526468243,1.0269757438962348,0.5,DDPG
2433,-0.26149253527742816,0.9870896802906635,0.62,DDPG
2434,-1.1771824259933625,0.6527324961680624,0.47,DDPG
2435,-0.6289780256504421,0.9030161593618901,0.49,DDPG
2436,-0.1942180368929882,1.1208214229995483,0.53,DDPG
2437,-0.4789587230556289,0.9909361247185698,0.53,DDPG
2438,0.10627106819187791,1.2448011525650973,0.63,DDPG
2439,-0.5521914715324806,0.9961654481248012,0.52,DDPG
2440,-0.3783912150193594,0.887132630280988,0.56,DDPG
2441,-0.5623356554868856,1.0188294974518874,0.51,DDPG
2442,-0.39349559938961903,0.9632930409949829,0.5,DDPG
2443,-0.32599768110101984,0.9968245077892799,0.56,DDPG
2444,-0.4622751307432542,1.0013780625042485,0.52,DDPG
2445,-0.6047040296003078,0.9722748280047045,0.52,DDPG
2446,-0.3916441980423442,1.2019444895690963,0.59,DDPG
2447,-0.44512472287655486,0.9957486415909891,0.52,DDPG
2448,-0.627111130882205,1.0894149370499873,0.5,DDPG
2449,-0.34620636572967856,1.0765721869113472,0.56,DDPG
2450,-0.42821957378031006,1.0076334070096058,0.52,DDPG
2451,-0.27532239318777413,0.9358925000357461,0.53,DDPG
2452,-0.050675203748721594,1.1687361842266961,0.58,DDPG
2453,-0.1952255671076263,1.0979526382419889,0.52,DDPG
2454,-0.36018127903666625,1.083171812232105,0.53,DDPG
2455,-0.2983954856103704,1.1013443297542869,0.55,DDPG
2456,-0.10125494366810342,1.130177952354216,0.6,DDPG
2457,-0.380890104850001,0.9377825070978926,0.53,DDPG
2458,-0.6700573418029373,0.8989191921300665,0.52,DDPG
2459,-0.4440957954156709,0.9617089704065757,0.48,DDPG
2460,-0.5988405644810997,1.004505845042499,0.49,DDPG
2461,-0.7178694393555908,0.7955561379391709,0.48,DDPG
2462,0.26826975171647116,1.201749396604105,0.58,DDPG
2463,0.3243056888015516,1.2540451633598433,0.6,DDPG
2464,-0.20199991968644604,1.0780603422847355,0.54,DDPG
2465,-0.5391751042699056,1.0577570466614492,0.57,DDPG
2466,-0.6803520072557785,0.9895892517529936,0.54,DDPG
2467,-0.5706995614625021,1.1345836029971885,0.47,DDPG
2468,-0.5500993981905601,0.9456346593385345,0.51,DDPG
2469,-0.6512981201314431,0.932722576363866,0.57,DDPG
2470,-0.08583504587696048,1.1256352909341687,0.53,DDPG
2471,-0.4778712554323363,1.1357727963441078,0.46,DDPG
2472,-1.0053735126017587,0.753604216536101,0.51,DDPG
2473,-0.6610432571918681,1.014814280708712,0.49,DDPG
2474,-0.1193136755068638,1.1382968174426749,0.55,DDPG
2475,-0.45696905823980677,1.0244391557393056,0.55,DDPG
2476,-0.5858825605458616,1.15997031415947,0.5,DDPG
2477,-0.5347313520849115,0.9443010969372634,0.55,DDPG
2478,-0.0642996445496415,1.1776531108004855,0.51,DDPG
2479,-0.08831104022655828,1.0100842118146678,0.61,DDPG
2480,-0.3858342563443067,1.037401856545737,0.58,DDPG
2481,-0.8408880768318018,0.9099817962504417,0.59,DDPG
2482,-0.1838216084159708,1.140829852939529,0.6,DDPG
2483,0.007614432121571434,1.1941323707255238,0.54,DDPG
2484,-0.6034918261692476,1.0308578899342242,0.54,DDPG
2485,-0.5980250128202872,0.9466633323451642,0.54,DDPG
2486,-0.7327932679578193,0.9138280760272192,0.5,DDPG
2487,-0.18787241061136195,0.9453896583137985,0.58,DDPG
2488,-0.5074132057152068,0.9273897919832491,0.56,DDPG
2489,-0.6028403492501525,1.0462172600502462,0.47,DDPG
2490,-0.3891330409636353,0.9356273091150102,0.52,DDPG
2491,-0.6433481796099941,0.9960556109638319,0.53,DDPG
2492,-0.4504032985263414,0.9489006046311202,0.5,DDPG
2493,-0.6041419832739744,0.9995198824611664,0.44,DDPG
2494,0.01206501561961252,1.2396813233127988,0.63,DDPG
2495,-0.65854663529012,1.0043477410997275,0.48,DDPG
2496,0.025845105794588718,1.2532987407203056,0.58,DDPG
2497,-0.7894608294646127,0.8499235110908083,0.52,DDPG
2498,-0.4522622558183309,0.9088678411999193,0.54,DDPG
2499,-0.5092801992349019,1.0763688744996256,0.5,DDPG
2500,-0.04696568653612504,1.1228539505007327,0.57,DDPG
2501,-0.5513261804481395,0.8614186843633499,0.48,DDPG
2502,-0.21144147200254856,0.967564125128953,0.62,DDPG
2503,-0.41622168101867013,0.9899881412003075,0.57,DDPG
2504,-0.28514362819203937,1.0920733753387248,0.54,DDPG
2505,-0.3245005669034108,1.0620760747108124,0.53,DDPG
2506,-0.7467343444903896,1.001735976526457,0.47,DDPG
2507,-0.29646197590726014,1.0921708052818393,0.53,DDPG
2508,-0.03752877003465857,1.1038788413329244,0.6,DDPG
2509,-0.6325241162645674,0.8791109862513209,0.47,DDPG
2510,-0.42091129162197866,0.8905756088145281,0.56,DDPG
2511,-0.4293618317558591,1.1258497868070538,0.57,DDPG
2512,-1.0233966457422712,0.8327437095691971,0.48,DDPG
2513,-0.6112720136856378,0.8322574560680726,0.52,DDPG
2514,-0.31442999436121527,1.0180875360508679,0.55,DDPG
2515,-0.657137783325846,0.8626734186990223,0.55,DDPG
2516,-0.49353510101101455,1.0575163474891156,0.54,DDPG
2517,-0.19890636052414173,1.1305814431517867,0.58,DDPG
2518,-0.20195202553771804,0.9868077748169942,0.48,DDPG
2519,-0.889998579044273,0.9221430475966909,0.52,DDPG
2520,-0.5023146052561036,0.9710543061332295,0.55,DDPG
2521,-0.47708714456506074,1.0478199167707043,0.48,DDPG
2522,0.08279319419868265,1.2372710671752147,0.52,DDPG
2523,-0.4210876964513708,1.120103847264562,0.49,DDPG
2524,0.029316724406026066,1.066891594080147,0.47,DDPG
2525,-0.327819523441187,1.0901295631270813,0.48,DDPG
2526,-0.16153352748686595,1.129739403844343,0.54,DDPG
2527,-0.9074643814227333,0.7541651542270601,0.47,DDPG
2528,-0.3375853739087913,1.0442406977288805,0.6,DDPG
2529,-0.35315600415943094,0.8471117591524653,0.52,DDPG
2530,-0.9912544553669701,0.8406150089459363,0.49,DDPG
2531,-0.05215160722608595,1.1852760517696348,0.55,DDPG
2532,-0.11306988825009726,1.000286380671391,0.56,DDPG
2533,-0.03195476145570626,1.1208981195330046,0.58,DDPG
2534,-0.5168769519661536,0.9912239370840008,0.53,DDPG
2535,-0.7835093768991962,0.9504725110015467,0.5,DDPG
2536,-0.1927478247626123,1.0664302693912862,0.47,DDPG
2537,-0.75546838013223,0.9512569852408949,0.54,DDPG
2538,-0.7175769462576117,0.9942245810063184,0.4,DDPG
2539,-0.40484742712467403,0.9972380299620036,0.54,DDPG
2540,-0.49264586081483264,0.9161245918116603,0.5,DDPG
2541,-0.3963757460091801,1.0519171293384828,0.54,DDPG
2542,-0.34133324887304406,0.9395550355700345,0.52,DDPG
2543,-0.3454845303301007,1.0008857941749125,0.5,DDPG
2544,-0.8538607374780441,0.8258770830721205,0.58,DDPG
2545,-0.6834308752556945,0.7220401210371955,0.55,DDPG
2546,0.011113744522768254,1.0765529461778602,0.57,DDPG
2547,-0.43898613359357874,1.0460052064569123,0.57,DDPG
2548,-0.8889947960918763,0.7592338822345356,0.52,DDPG
2549,-0.8151160013030447,0.9072346355801715,0.53,DDPG
2550,-0.8222858617378523,1.0281116698724275,0.5,DDPG
2551,-0.3820932639029919,1.0742555749037184,0.53,DDPG
2552,-0.5061342553954189,1.027762239492597,0.52,DDPG
2553,0.34396822652020526,1.296221602023812,0.61,DDPG
2554,-0.16624677237821717,1.2346902255667598,0.59,DDPG
2555,-0.21070251888410405,1.0015063787285658,0.57,DDPG
2556,-0.2629304457690509,1.1074230903492788,0.57,DDPG
2557,-0.5371103019231712,1.0420951865905295,0.55,DDPG
2558,-0.16380061235251003,1.1654221331429298,0.56,DDPG
2559,-0.13937089047495962,1.117519933652483,0.55,DDPG
2560,-0.4069892463893374,0.9628519140968745,0.52,DDPG
2561,-0.3974155750491877,1.0848418622549332,0.61,DDPG
2562,-0.5401077318380607,0.9129487712566402,0.58,DDPG
2563,-0.9736840792649331,0.8495466765423475,0.55,DDPG
2564,-0.5810845127618703,0.9662848111858877,0.53,DDPG
2565,-0.020527049297607937,1.1713213988102873,0.59,DDPG
2566,-0.7918280080941946,0.9331784871798845,0.53,DDPG
2567,-0.7362189457235325,1.046012011750272,0.48,DDPG
2568,-0.26835792917490614,1.1543637261272581,0.55,DDPG
2569,-0.042506305351669535,1.1276352522847342,0.56,DDPG
2570,-0.6489144221140103,0.878264496573746,0.53,DDPG
2571,-0.614734320713138,1.0183529898107233,0.56,DDPG
2572,-0.1911911720343628,1.0406589257201706,0.55,DDPG
2573,-0.5189575022606158,1.096017856860616,0.54,DDPG
2574,-0.49188643512049224,1.0548981296616338,0.55,DDPG
2575,-0.4791888198489476,1.031335260210649,0.48,DDPG
2576,-0.6164680622854867,1.1049340797355456,0.51,DDPG
2577,-0.190854800446618,1.156248071850043,0.48,DDPG
2578,-0.30923970711327675,1.008798389339378,0.59,DDPG
2579,-0.2599826963687668,1.178604889590599,0.58,DDPG
2580,-0.7044920371186651,0.8033172745067977,0.49,DDPG
2581,0.02044183636651926,1.0984523999678126,0.58,DDPG
2582,-0.31827590861215244,0.9264083733402884,0.6,DDPG
2583,-0.536601835589976,1.03721009476558,0.48,DDPG
2584,0.02961176778136621,1.195111214199114,0.61,DDPG
2585,-0.4511015019205352,1.049746019412094,0.61,DDPG
2586,-0.9568859633736098,0.9096892440048162,0.46,DDPG
2587,-0.41650366562133356,1.0713561765071733,0.6,DDPG
2588,-0.9649528843214356,0.822814076556389,0.48,DDPG
2589,-0.5098924222652066,1.0145203660056836,0.52,DDPG
2590,-0.1800389913540221,1.101245070402203,0.62,DDPG
2591,-0.4901851408701735,0.938187652889369,0.59,DDPG
2592,-0.2640123211583818,0.8729489647385574,0.62,DDPG
2593,-0.4563528644950047,1.1031931860228565,0.58,DDPG
2594,-0.3794267751507045,0.9965579813129772,0.58,DDPG
2595,-0.7242180787916709,0.8594832120085243,0.48,DDPG
2596,-0.15036523084860867,1.0435021338560135,0.61,DDPG
2597,-0.381717333395823,1.0313522119363427,0.55,DDPG
2598,-0.4607486122479687,1.0573977995328956,0.58,DDPG
2599,0.34954066772745984,1.1971517126468676,0.72,DDPG
2600,-0.7535980691036,0.9323809205970072,0.52,DDPG
2601,-0.6936080024694509,0.8752295703899494,0.49,DDPG
2602,-0.13050484210433302,1.2747368261495822,0.56,DDPG
2603,-0.28263444292017254,1.0843950601826815,0.56,DDPG
2604,0.023076783673182204,1.2654120176024461,0.58,DDPG
2605,-0.4919978505059119,1.0278543478608564,0.58,DDPG
2606,-0.8309728674094353,0.8764354788732929,0.48,DDPG
2607,-0.7664150395151187,0.8617502225063278,0.56,DDPG
2608,-0.9655797130447464,0.8613245283214195,0.44,DDPG
2609,-0.5450201127586206,0.798466053184031,0.54,DDPG
2610,-1.0393836254065847,0.9912869723050021,0.46,DDPG
2611,-0.12081150523425041,1.16267769890245,0.6,DDPG
2612,-0.34114965208936177,1.096942241845192,0.61,DDPG
2613,-0.2975674337120775,1.0221051257227063,0.56,DDPG
2614,-0.3116313114984596,1.0551366976908358,0.58,DDPG
2615,-0.6195530554405518,1.052296708604382,0.51,DDPG
2616,-0.1908229407232356,1.122429224497468,0.58,DDPG
2617,-0.303627110429786,0.9673733974534219,0.55,DDPG
2618,-0.5474012378844428,0.9298495267104783,0.54,DDPG
2619,-0.22445589448180656,1.1035776691125683,0.58,DDPG
2620,-0.19934451031546754,1.0492686417606805,0.63,DDPG
2621,-0.7382710334083599,1.0398040360652865,0.53,DDPG
2622,-0.1416720680432673,1.1678279918913899,0.57,DDPG
2623,-0.7777085846401048,0.9052490029036726,0.53,DDPG
2624,-0.12162968452258605,1.1704535581430109,0.56,DDPG
2625,-0.3077191681231896,1.0896790232908788,0.58,DDPG
2626,-0.4371785887319825,0.8960345000985483,0.52,DDPG
2627,-0.2645542899659635,0.9296248391500496,0.54,DDPG
2628,-0.2598104859160659,1.072853413622547,0.59,DDPG
2629,-0.26964894288152247,1.0164152723853968,0.47,DDPG
2630,-0.13031457423671905,1.1680165962363136,0.62,DDPG
2631,-0.4516976699030041,0.9953234839190763,0.53,DDPG
2632,-0.2791644965691833,0.9950698760968523,0.6,DDPG
2633,-0.7111840010904876,0.9041909069973276,0.48,DDPG
2634,0.026746693861120264,1.1288721466338978,0.51,DDPG
2635,-0.7286014330759101,0.9156195294477076,0.54,DDPG
2636,0.1187465228148531,1.2177591445841776,0.6,DDPG
2637,-0.8232713410479486,0.9433903000096195,0.46,DDPG
2638,-0.4885085633141846,0.9503223573184123,0.52,DDPG
2639,-0.49047576575211693,0.9393104496221649,0.5,DDPG
2640,-0.13642902113136673,1.1652937086650461,0.63,DDPG
2641,-0.7055419624308417,0.9452056845765704,0.54,DDPG
2642,-0.3990856498928188,1.1072571425455882,0.56,DDPG
2643,-0.3658489078262946,0.9882872184528627,0.51,DDPG
2644,-0.4118948103268729,1.0049102095787747,0.51,DDPG
2645,-0.10434221656934105,1.0493593153456002,0.57,DDPG
2646,-0.4260828771307675,0.8285074525295102,0.54,DDPG
2647,-0.7933781611630141,1.030965270551363,0.55,DDPG
2648,-0.5240487920789471,1.0829964917287556,0.58,DDPG
2649,-0.6904630996538565,0.8160319004813827,0.6,DDPG
2650,-0.4680171849331742,1.0814798572231008,0.64,DDPG
2651,-0.425138972443119,0.9916528733700117,0.6,DDPG
2652,-0.8206357022678094,0.889234810571383,0.58,DDPG
2653,-1.119997320581634,0.7618897063648852,0.57,DDPG
2654,-0.5374437753588229,0.9001895313688373,0.53,DDPG
2655,-0.00013253742390674893,1.1088531823381735,0.56,DDPG
2656,-0.13521228891675777,1.1216346626859723,0.5,DDPG
2657,-0.3039938829014579,1.0235339823770824,0.53,DDPG
2658,-0.399745759295134,1.1157654845589815,0.6,DDPG
2659,-0.363142991134819,1.0000488540631896,0.6,DDPG
2660,-0.7666217850763414,1.0019730117821772,0.52,DDPG
2661,-0.764133680100926,0.8355914352214551,0.54,DDPG
2662,-0.039736479779522486,1.2534669038040671,0.59,DDPG
2663,-0.753795612396963,0.9952349973029291,0.56,DDPG
2664,-0.13459858782176984,1.2171317032102824,0.59,DDPG
2665,-0.49181102107087915,0.9715034728105699,0.52,DDPG
2666,-0.2323415756624418,1.215439174923813,0.57,DDPG
2667,-0.3660131235828116,1.1172720934833922,0.53,DDPG
2668,-0.44226705741983197,1.0699338186321041,0.53,DDPG
2669,-0.3810175196438401,0.9558137498083025,0.53,DDPG
2670,-0.5125744539181534,0.8824650020405284,0.54,DDPG
2671,-0.29502541161744056,0.9151658516526682,0.65,DDPG
2672,-1.002099994863851,0.7779778589249595,0.45,DDPG
2673,0.10201799181716831,0.999830928901932,0.66,DDPG
2674,-0.5619435864206784,1.063904857597755,0.48,DDPG
2675,-0.3638116281731862,0.9268179350501663,0.58,DDPG
2676,-0.5549150133684776,0.891044997082912,0.54,DDPG
2677,-0.16662744569919494,1.0182288526093477,0.6,DDPG
2678,-0.6372236975031352,1.0163074675062125,0.49,DDPG
2679,-0.46683084201559244,0.9603153006744961,0.59,DDPG
2680,-0.37207163549346406,1.0210537823862134,0.57,DDPG
2681,-0.5747718896594056,1.0269611408367583,0.54,DDPG
2682,-0.02017495016593747,1.1347755862599442,0.59,DDPG
2683,-0.40384079505348724,1.1046531301991913,0.56,DDPG
2684,-0.7867202803818549,0.9288506748723471,0.55,DDPG
2685,-0.42117000294837803,0.8975236672612303,0.55,DDPG
2686,-0.17730527059867068,1.1938381739373265,0.51,DDPG
2687,-0.5589322259267853,0.9824526511551241,0.57,DDPG
2688,-0.45797263304452857,0.9868299303310996,0.55,DDPG
2689,-0.2632605302216781,1.061118339471282,0.63,DDPG
2690,-0.4162412538271761,1.0436644024808337,0.59,DDPG
2691,-0.899816675542345,0.8051703210235354,0.57,DDPG
2692,-0.39110814395961285,1.0502198455876146,0.53,DDPG
2693,-0.49864516519493196,0.9820972629230859,0.52,DDPG
2694,0.145997909609901,1.0570990101276379,0.7,DDPG
2695,-0.5461135664009874,1.0330780033563334,0.5,DDPG
2696,-0.4757072827487871,1.0548448316552606,0.59,DDPG
2697,-0.544443367115255,1.0287304872027152,0.58,DDPG
2698,-0.00017115290347342828,1.0883041384043661,0.65,DDPG
2699,-0.17363896863106948,1.212011862551265,0.63,DDPG
2700,0.11374030039352334,1.2705129750955402,0.61,DDPG
2701,-0.9352648860000276,0.8481512328985065,0.44,DDPG
2702,-0.38841300475386326,0.9789295075725261,0.55,DDPG
2703,-0.4222938461174114,0.8970172651488327,0.6,DDPG
2704,-0.6628141209212487,0.8037485729589278,0.56,DDPG
2705,-0.32186211832376777,1.0048657978648046,0.63,DDPG
2706,-0.8402230647976496,0.8607445506017971,0.42,DDPG
2707,-0.148946474094598,1.1485021806371511,0.61,DDPG
2708,-0.24058392930518457,0.9039390872895322,0.53,DDPG
2709,-0.7226082120348916,0.8926008763226706,0.53,DDPG
2710,-0.8002194018341997,0.938841496060055,0.56,DDPG
2711,-0.058764461035389494,0.9648794018907009,0.59,DDPG
2712,0.003485197369857458,1.1237211432957648,0.65,DDPG
2713,-0.4138477263876932,0.8696499036126487,0.54,DDPG
2714,-0.13171685881939196,1.0659163512363201,0.64,DDPG
2715,-0.21799421501940003,1.0604008654018109,0.58,DDPG
2716,-0.25957637098118064,1.1713613839883665,0.6,DDPG
2717,-0.3327324143593789,0.9308487654468314,0.56,DDPG
2718,-0.25070744543431117,1.0890155704506668,0.64,DDPG
2719,-0.002538107538751896,1.1859302490302226,0.58,DDPG
2720,-0.7088233196409405,0.9949789692734968,0.52,DDPG
2721,-0.7036810605617663,1.0434444451333857,0.57,DDPG
2722,-0.40256199416210664,1.0099193148059729,0.56,DDPG
2723,-0.9158331662147898,0.9355380750973877,0.48,DDPG
2724,-0.31486683107234864,0.9881769723414578,0.6,DDPG
2725,-0.24208894393225092,1.1318546921751094,0.6,DDPG
2726,-0.8598717263806978,0.9003912584541983,0.51,DDPG
2727,-0.6994711432629833,0.9620301959035517,0.44,DDPG
2728,-0.154228558798032,1.2332128486969731,0.6,DDPG
2729,-0.4692476753088969,1.0908837965616838,0.51,DDPG
2730,-0.37411590129073574,1.089629698356413,0.51,DDPG
2731,-0.2389385528105354,1.1460885377409338,0.65,DDPG
2732,-0.1774946835849997,1.1675622797954657,0.6,DDPG
2733,-0.5104483461288838,0.9087775328897387,0.58,DDPG
2734,-0.10343896992344437,1.0572363294058487,0.56,DDPG
2735,-0.4655647326955233,0.9512095814959867,0.53,DDPG
2736,-0.36125606915248154,1.0532354971396565,0.57,DDPG
2737,-1.1150930233650072,0.7717314297650901,0.49,DDPG
2738,-0.6467872846276643,0.971423912798828,0.55,DDPG
2739,-0.09968938390883546,1.0667844982527492,0.6,DDPG
2740,-0.8554873465423246,0.9792246944418602,0.51,DDPG
2741,-0.4221133039903106,1.136475860087488,0.59,DDPG
2742,-0.36071617809977463,1.0101776971968612,0.57,DDPG
2743,-0.23755474174659127,0.9875499896853374,0.65,DDPG
2744,-0.15508954195341457,1.0064841470468155,0.57,DDPG
2745,-0.709769941323811,0.9538059378729358,0.48,DDPG
2746,-0.022623791163895825,1.0690927919440734,0.67,DDPG
2747,0.05466196649958121,1.177908885803369,0.56,DDPG
2748,-0.03164591760335582,1.0194449667035803,0.63,DDPG
2749,-0.4301468791489325,1.0849336767871085,0.56,DDPG
2750,-0.4399366723690211,0.8602152468707881,0.59,DDPG
2751,-0.3263082964773561,1.055693596417226,0.62,DDPG
2752,-0.675906200139336,0.865133624342159,0.5,DDPG
2753,-0.5903143432843918,1.0074093303355347,0.54,DDPG
2754,-0.34076541999794,0.9052805342900362,0.56,DDPG
2755,-0.40796713827409997,0.921388779861536,0.57,DDPG
2756,-0.5348488547694475,0.8750183332485222,0.47,DDPG
2757,-0.18140145796828766,1.0142772116246264,0.6,DDPG
2758,-0.5292820249942056,0.9988036019655361,0.6,DDPG
2759,-0.2557355567705891,1.0692894322341275,0.59,DDPG
2760,-0.07104475888387514,1.0584271751103334,0.61,DDPG
2761,-0.8181362930280752,0.8840604898858382,0.44,DDPG
2762,-0.23807994860907258,1.063565575712615,0.58,DDPG
2763,-0.32664582850419577,1.0197015235840707,0.52,DDPG
2764,-0.20585331160076553,0.9309103127832538,0.61,DDPG
2765,-0.3345579424996524,1.0419272647934368,0.62,DDPG
2766,-0.29023905250283444,0.9993411592379852,0.61,DDPG
2767,-0.10644139324466607,0.9849029437264397,0.58,DDPG
2768,-0.3456197845263164,0.9359437273041373,0.65,DDPG
2769,0.029819661993444036,1.087228718273394,0.68,DDPG
2770,-0.3128602495082083,0.9845238206907727,0.58,DDPG
2771,-0.41922210960957673,0.9801219971354602,0.57,DDPG
2772,-0.7464268517722615,0.9720093292690527,0.5,DDPG
2773,-0.26201344041253777,1.0961574346406409,0.65,DDPG
2774,-0.6488727553454515,0.8608296602555322,0.58,DDPG
2775,-0.036484181028051905,1.1884315431414523,0.52,DDPG
2776,-0.4705724695810495,1.1188780125467332,0.57,DDPG
2777,-0.06577356954641937,1.016116311664572,0.63,DDPG
2778,-0.14022156803815108,1.1066847999143228,0.6,DDPG
2779,-0.31944718605817457,0.9574167878098828,0.52,DDPG
2780,-0.398273835703956,1.1108951520124437,0.56,DDPG
2781,-0.3015498825181129,1.0335750338911485,0.55,DDPG
2782,-0.060820092405483354,1.0836052058704906,0.64,DDPG
2783,-0.46733484687416516,1.018861087021286,0.61,DDPG
2784,-0.25033482083457054,1.0952335344116741,0.48,DDPG
2785,-0.5343612800734843,1.0227245021483884,0.55,DDPG
2786,-0.728621134444118,0.9466820159829379,0.5,DDPG
2787,0.3306697098401695,1.221581882672099,0.67,DDPG
2788,-0.24165695103129334,1.0943835315925907,0.52,DDPG
2789,-0.9287586342949821,0.8646435628219783,0.51,DDPG
2790,-0.3379578304089625,0.9081407136432308,0.58,DDPG
2791,-0.7939029838483218,0.9032414520209733,0.55,DDPG
2792,-0.5049394313800658,0.9956602802577713,0.49,DDPG
2793,-0.34769937742290613,1.0351032720578381,0.61,DDPG
2794,-0.0020704233781521308,1.1230723294613372,0.57,DDPG
2795,-0.16924830693568432,1.073721435701748,0.57,DDPG
2796,-0.5531959662151867,0.9320102198329551,0.57,DDPG
2797,-0.5125209569045391,1.0219856356247137,0.59,DDPG
2798,-0.28480960236708724,1.0283440717062708,0.59,DDPG
2799,-0.5350963525012021,0.9966394762376133,0.51,DDPG
2800,0.3208318766245779,1.139993880026348,0.67,DDPG
2801,0.2898181527601538,1.2606575543142085,0.67,DDPG
2802,-0.25511628977341533,1.0134844393560436,0.64,DDPG
2803,0.10015596804637403,1.1631538439412017,0.57,DDPG
2804,-0.26464592718206065,1.0321485567400734,0.6,DDPG
2805,-0.04035703792163961,1.0975542842616122,0.61,DDPG
2806,-0.5916318222169678,0.8735389139752077,0.52,DDPG
2807,-0.33089863470859354,0.8943600565696228,0.54,DDPG
2808,-0.0541893392858171,1.1432190232613983,0.59,DDPG
2809,-0.2005873056785908,1.0953812200784374,0.59,DDPG
2810,-0.4682490440093297,0.8913075403572056,0.55,DDPG
2811,-0.5763661319736108,0.9548647240275631,0.63,DDPG
2812,-0.6446756293944996,0.9150216057715209,0.57,DDPG
2813,-0.15129766178315074,1.1266953886247961,0.61,DDPG
2814,-0.5738384440028967,0.989224583972081,0.49,DDPG
2815,-0.27614378616769647,1.1011609196713592,0.55,DDPG
2816,-0.597447356724778,1.0184517922804137,0.58,DDPG
2817,-0.15735796203611033,1.0672083795778116,0.59,DDPG
2818,-0.2711930051302315,1.098056028175676,0.61,DDPG
2819,-0.5113170413203934,1.0157444679590746,0.53,DDPG
2820,-1.0103797260886254,0.7624808057544794,0.54,DDPG
2821,-0.8522498552627588,0.8751302636373189,0.51,DDPG
2822,-0.3729392231794757,1.033436871006956,0.54,DDPG
2823,-0.02113684747646124,1.1582435238670232,0.6,DDPG
2824,-0.30102266738028516,0.9976523663718317,0.58,DDPG
2825,-0.5039279212213817,0.8957736882916159,0.54,DDPG
2826,-0.3571438311523815,1.0663569937710904,0.61,DDPG
2827,-0.15115376900047664,0.9671025107339336,0.6,DDPG
2828,-0.5122861503267172,0.9767946593608454,0.52,DDPG
2829,-0.48513441000705393,0.9275643869133279,0.55,DDPG
2830,-0.3919825593152717,0.952042446316938,0.52,DDPG
2831,-0.04836645181852891,1.1240317525271828,0.57,DDPG
2832,-0.6788831491907784,0.9321735788936729,0.56,DDPG
2833,-0.2819515881225378,0.9555012852516872,0.57,DDPG
2834,-0.1316001213119205,0.9661969370428785,0.66,DDPG
2835,-0.20417827364401184,1.19215826874819,0.6,DDPG
2836,-0.07250910092707763,1.2096378709682607,0.68,DDPG
2837,-0.1591485192759413,0.9142801734430462,0.65,DDPG
2838,-0.6604459314322699,1.0216258528321698,0.58,DDPG
2839,-0.3004291964253695,1.0868067909955528,0.5,DDPG
2840,-0.49927070092313713,1.0225769256325892,0.6,DDPG
2841,-0.3499987251295783,1.0220170573156826,0.53,DDPG
2842,-0.5450786036060015,0.9979254587590592,0.58,DDPG
2843,-0.4032238574672148,1.173235513322861,0.58,DDPG
2844,-1.0281910419087328,0.8810353009961321,0.43,DDPG
2845,-0.27744690985690645,1.1011246189771307,0.61,DDPG
2846,-0.5854321591713436,0.8880778312403258,0.57,DDPG
2847,-0.24652103469824027,1.062651476291128,0.63,DDPG
2848,-0.24121801914473687,1.1009326359883596,0.63,DDPG
2849,-0.5253255050029395,0.909552829734764,0.54,DDPG
2850,-0.5312157950706716,1.0086293296040962,0.51,DDPG
2851,-0.45868708906136063,1.0623839069917722,0.57,DDPG
2852,-0.14335411194623351,1.057858010633142,0.59,DDPG
2853,-0.6822275748123928,0.8707116155713469,0.55,DDPG
2854,0.08076792296439983,1.1300720751579185,0.65,DDPG
2855,0.002361588803681377,1.0224977838989,0.67,DDPG
2856,-0.1908193396171528,0.9801725580366495,0.64,DDPG
2857,-0.3193321101228919,1.0674478245244603,0.58,DDPG
2858,-0.4458581670295969,1.0260427620674195,0.58,DDPG
2859,0.3269309798066233,1.191359189604182,0.64,DDPG
2860,-0.6306061377991928,1.0803740477408068,0.54,DDPG
2861,-0.36897284294233507,1.1228404248429908,0.56,DDPG
2862,-0.9521816776830776,0.9178643675303629,0.52,DDPG
2863,-0.27278029809160925,0.9973211053652135,0.56,DDPG
2864,-0.506138908080154,0.9325536377068409,0.57,DDPG
2865,-0.5817091323014043,0.9990187379703238,0.59,DDPG
2866,-0.15380480176593525,1.1059155612131368,0.54,DDPG
2867,-0.47090050407679007,0.9282216714156816,0.55,DDPG
2868,-0.11299177120400464,1.0507116955385518,0.61,DDPG
2869,-0.3401127333279808,1.0095039964427968,0.58,DDPG
2870,-0.07349297951865763,0.9597586297038752,0.69,DDPG
2871,-0.3291911595066898,1.0290531961021256,0.58,DDPG
2872,-0.5156260989824386,0.992826281908313,0.62,DDPG
2873,-0.22420439749995477,1.0301224686194832,0.62,DDPG
2874,-0.8262367571988741,1.0878112871363264,0.48,DDPG
2875,-0.5930930894866195,1.0430915170777053,0.54,DDPG
2876,-0.6714657102277655,0.9692782077846105,0.53,DDPG
2877,-0.22163821849872803,1.0499507156133594,0.65,DDPG
2878,-0.3473892463934135,1.0224075393119998,0.57,DDPG
2879,-0.12592714880632225,1.0597697845291274,0.64,DDPG
2880,-0.2710393955761939,0.9342320576641896,0.53,DDPG
2881,-0.10897803020071224,1.171047865990559,0.65,DDPG
2882,-0.18143198988158893,1.277966676158877,0.65,DDPG
2883,-0.44701290376033315,0.8204301581984745,0.57,DDPG
2884,-0.33979903463232775,1.0716477710371795,0.62,DDPG
2885,-0.04935162393037224,0.9934645223739382,0.62,DDPG
2886,-0.5738261241504133,0.9644227904768771,0.57,DDPG
2887,-0.3145232480119734,1.0123661436686697,0.59,DDPG
2888,-0.34994330302219967,0.9760636978500737,0.52,DDPG
2889,-0.08958739064440473,0.8479748976619007,0.6,DDPG
2890,-0.6107649239716424,0.9680910046388154,0.53,DDPG
2891,-0.09530896960412194,1.0656010549250892,0.62,DDPG
2892,-0.17106587569478487,1.0448463144014206,0.61,DDPG
2893,-0.18216672189528332,1.0830333407511783,0.61,DDPG
2894,0.06612071745621544,1.117715368485938,0.69,DDPG
2895,-0.03226505084925431,1.189212369679799,0.56,DDPG
2896,-0.4262423220264313,0.9310005354845824,0.49,DDPG
2897,-0.8098157995807476,0.8333505115891748,0.48,DDPG
2898,-0.5320267247710891,1.045315919474745,0.48,DDPG
2899,-0.1988548520412806,1.051789313051405,0.61,DDPG
2900,-0.46408424196464493,0.9187618761001305,0.52,DDPG
2901,-0.13953672870421796,1.0937939482892998,0.59,DDPG
2902,-0.1979366516959325,1.0728849203513908,0.58,DDPG
2903,-0.16431355999486053,1.269606550439587,0.59,DDPG
2904,-0.02187608209603531,1.0959619053211613,0.57,DDPG
2905,-0.47430652911979876,0.8913910200945963,0.59,DDPG
2906,-0.10189966294553213,1.074844868412746,0.61,DDPG
2907,-0.4012653319269819,1.0310768198043372,0.51,DDPG
2908,-0.5004211705002818,1.0068159999443942,0.6,DDPG
2909,-0.24008096553601646,1.0974188830393334,0.57,DDPG
2910,-0.019100565494717933,1.1536153068246082,0.61,DDPG
2911,-0.4127548883941822,1.0941022561086349,0.53,DDPG
2912,-0.6542988662527239,0.8527723794908896,0.6,DDPG
2913,-0.16197990620264954,1.1527843688045234,0.62,DDPG
2914,0.09712864073515139,1.1228105583932113,0.59,DDPG
2915,-0.564060131782194,0.9353882230559879,0.52,DDPG
2916,-0.25399769204361017,1.044762801010056,0.59,DDPG
2917,0.028087323703694152,1.1204450193055435,0.57,DDPG
2918,-0.3139328876271098,1.0506342781884341,0.61,DDPG
2919,-0.5876137046543,0.9063045827426319,0.61,DDPG
2920,0.0661467882027373,1.221167808779371,0.7,DDPG
2921,-0.09073101299741244,1.1220304486892059,0.64,DDPG
2922,-0.3337666378095584,0.9219444864813028,0.61,DDPG
2923,-0.28177558066298675,1.0909895759661712,0.6,DDPG
2924,-0.7624393388915677,0.8801611666216661,0.5,DDPG
2925,-0.11853035029619825,1.0630254444518366,0.66,DDPG
2926,-0.6026110403568381,0.9675635366082638,0.53,DDPG
2927,-0.3279291185348681,1.105094998320505,0.52,DDPG
2928,-0.4854742449776891,0.9968128672666552,0.5,DDPG
2929,-0.15880946364645487,1.157244272596978,0.58,DDPG
2930,-0.3362382416741317,1.0585816816991231,0.59,DDPG
2931,-0.026507837486098005,1.1476147424021959,0.65,DDPG
2932,-0.25496512511192315,1.0929055508093373,0.56,DDPG
2933,-0.6120503895551034,1.077985750653543,0.54,DDPG
2934,-0.5442974703458078,0.9208031591852905,0.5,DDPG
2935,-0.06501087800537589,1.2655977042891258,0.65,DDPG
2936,0.15566417184348633,1.1797421231984722,0.59,DDPG
2937,0.06878385525394354,1.206511953199192,0.6,DDPG
2938,-0.23825290494151916,1.1492074635009484,0.62,DDPG
2939,-0.24364072847281112,1.0089076210957615,0.59,DDPG
2940,-0.38149315176349324,1.0372960220270098,0.53,DDPG
2941,0.027029212663388997,1.1063556362484674,0.6,DDPG
2942,-0.013438013912340192,1.020396400306851,0.65,DDPG
2943,-0.1594446859627011,1.232972832409305,0.66,DDPG
2944,0.06220712788364529,1.1603941485067473,0.59,DDPG
2945,-0.8671721030139876,0.7416227195445318,0.52,DDPG
2946,-0.4910741915366286,0.9044232599086857,0.6,DDPG
2947,-0.14402672908878272,1.1691887672285435,0.66,DDPG
2948,-0.4786706534270476,1.1097480239345607,0.51,DDPG
2949,-0.04814014726369422,1.1346025776734736,0.56,DDPG
2950,-0.5174038774180274,1.1615536163988216,0.56,DDPG
2951,-0.7203281859646151,0.8411895262784086,0.52,DDPG
2952,-0.1546130268975963,1.0716144509133942,0.6,DDPG
2953,-0.16130607534683697,0.9772420400940187,0.57,DDPG
2954,-0.3535404744922467,1.0557068401038634,0.6,DDPG
2955,0.11878723273316304,1.1765724937740163,0.61,DDPG
2956,0.06700929358451597,1.0963159846882855,0.65,DDPG
2957,-0.1951314915013882,0.969369911883721,0.63,DDPG
2958,0.18411755135304728,1.2620179370574238,0.59,DDPG
2959,-0.029903355400847483,1.0942207212681547,0.6,DDPG
2960,0.07702124585195858,1.1875400151666877,0.63,DDPG
2961,0.039264267957417755,1.042911136131289,0.57,DDPG
2962,-0.7478975164545995,0.9056118799329197,0.52,DDPG
2963,-0.6436517477385583,0.9324422453176727,0.5,DDPG
2964,-0.21032350365710364,1.0989228768643808,0.62,DDPG
2965,-0.2673270130618624,1.0399179461997923,0.61,DDPG
2966,0.05011034680984139,1.401912209022481,0.54,DDPG
2967,-0.6219245244436027,0.9819638508172942,0.53,DDPG
2968,-0.05314019288645455,1.1384128812392422,0.66,DDPG
2969,0.08829592566214856,1.2694117101414302,0.56,DDPG
2970,-0.5294988521394278,1.1500283595842828,0.55,DDPG
2971,-0.2818412284683167,1.1988763963620466,0.58,DDPG
2972,-0.3049542327136431,0.9376288593959274,0.55,DDPG
2973,0.08754956238593482,1.189258504103674,0.66,DDPG
2974,-0.7208051257208679,0.8737767545194132,0.55,DDPG
2975,0.15035389459278434,1.0655994669088062,0.61,DDPG
2976,0.21848012941357137,1.2365675346748557,0.62,DDPG
2977,-0.26681983913073387,0.9856315564289411,0.55,DDPG
2978,-0.44694914946574754,0.8889575063274602,0.53,DDPG
2979,0.11580208837684067,1.3256311412057125,0.58,DDPG
2980,-0.22785184114675136,1.1048531627721485,0.55,DDPG
2981,-0.8496986629329072,0.8500108838594865,0.53,DDPG
2982,-0.5104328887597699,0.9426952637232431,0.62,DDPG
2983,-0.40991449187893936,0.9951868270920889,0.6,DDPG
2984,-0.37130805498449293,0.9754504593358527,0.59,DDPG
2985,-0.6161618695404185,0.7759188303446439,0.6,DDPG
2986,-0.4931143108935067,0.9527163675123965,0.53,DDPG
2987,-0.7087410069395044,0.7533560343689792,0.51,DDPG
2988,-0.14575643520991657,1.0646930404329165,0.64,DDPG
2989,-0.44157864677427155,0.9116126917015686,0.59,DDPG
2990,-0.48054845747248687,1.0083522286268407,0.56,DDPG
2991,-0.5519546236210032,0.8534740244912988,0.57,DDPG
2992,-0.7062630309948417,0.9928736167099129,0.6,DDPG
2993,-0.5697767375684452,0.9483776095084783,0.56,DDPG
2994,0.19607526047767976,1.2624488326749637,0.63,DDPG
2995,-0.7120405571129479,0.8585554286001424,0.57,DDPG
2996,-0.21285095389777037,1.0670529862970264,0.59,DDPG
2997,-0.07556435030205953,1.1288872289684695,0.68,DDPG
2998,-0.7115129463314173,0.904042244904376,0.58,DDPG
2999,-0.4499772370914652,1.0069542391090456,0.57,DDPG
3000,-0.48385299112405283,0.9284979843786005,0.56,DDPG
1,-3.9320030317392964,0.8908301655748965,0.14,TD3
2,-4.690648667242584,0.9119360730266507,0.08,TD3
3,-3.9690952417034664,0.7670380629672637,0.06,TD3
4,-4.446161112428323,0.9632837772414753,0.08,TD3
5,-4.158967928212558,0.8007991198118019,0.11,TD3
6,-3.8392450272198513,0.9026206459264345,0.08,TD3
7,-2.9200817460445614,1.017241819155748,0.1,TD3
8,-4.580282607156852,0.8178489688476652,0.06,TD3
9,-3.7005854188135014,0.8624221041365252,0.12,TD3
10,-4.692795153837801,0.7224668742252525,0.08,TD3
11,-3.648605314544265,1.1184300081056717,0.23,TD3
12,-3.5411254644948142,0.9863803840576831,0.01,TD3
13,-4.1788215507278315,0.875150572054058,0.0,TD3
14,-4.0132962689377045,1.0087679128449452,0.0,TD3
15,-3.9723845693213673,0.9342777436348415,0.0,TD3
16,-3.824483890110663,1.086846509531151,0.0,TD3
17,-3.9231847553290837,0.9967170161247709,0.0,TD3
18,-2.8967769278410156,0.835053768589751,0.07,TD3
19,-1.4926493264709817,0.9635774742544004,0.3,TD3
20,-2.2195918001495305,0.8843708900899325,0.31,TD3
21,-1.9871173115744016,0.7052673651686896,0.31,TD3
22,-2.0102835405039428,0.9095937435361887,0.27,TD3
23,-2.200400813109908,0.75294160480955,0.29,TD3
24,-1.8853645565378299,0.875222755993062,0.3,TD3
25,-2.075017599439106,0.9064585443274672,0.2,TD3
26,-2.182364763658062,1.0226703456930286,0.24,TD3
27,-3.1234053634756553,0.7790324168955248,0.32,TD3
28,-2.8260455746771687,0.6840722732606929,0.27,TD3
29,-1.828969745732013,0.9939788772909782,0.33,TD3
30,-2.4172496659327702,0.8668370802431078,0.23,TD3
31,-2.00598271934145,0.8575475645419766,0.28,TD3
32,-1.923946274598248,0.8253720953438137,0.3,TD3
33,-2.160504852192934,1.0534562324019328,0.39,TD3
34,-2.3416756560524368,0.7691195467952836,0.25,TD3
35,-1.341490253467113,0.9477267426250373,0.42,TD3
36,-1.7636652965430115,1.0653505031175243,0.33,TD3
37,-2.9681369926433003,0.767615936868056,0.26,TD3
38,-2.5577858483188054,0.8258505829715149,0.26,TD3
39,-1.7627459831211871,0.8420408976686689,0.32,TD3
40,-2.4933684728266186,0.8392955934462937,0.26,TD3
41,-2.713223143707887,0.9418144679724395,0.29,TD3
42,-2.5687952980566355,0.8653767191516137,0.29,TD3
43,-2.0340378059236737,0.9228012491684732,0.3,TD3
44,-2.575966680487515,0.7966107435524304,0.21,TD3
45,-2.6031749915177023,0.7920834100473944,0.38,TD3
46,-2.014628810255984,0.8959563975903819,0.34,TD3
47,-3.0601435823409493,0.7876618801309198,0.34,TD3
48,-2.5900568924887915,0.6293664347753412,0.26,TD3
49,-3.024700444047673,0.8236739440180035,0.31,TD3
50,-2.5215336949244986,0.8304709899469768,0.27,TD3
51,-2.092794424140574,0.920013275199839,0.23,TD3
52,-2.428912244322344,0.739867182326732,0.26,TD3
53,-2.1278884301055454,0.6943327437453165,0.27,TD3
54,-3.3991547226005125,0.708498482267877,0.26,TD3
55,-2.3501320791809266,0.9567992889375385,0.32,TD3
56,-2.0541511465240365,0.9568737636621318,0.38,TD3
57,-2.447917052637077,0.9426151425524618,0.29,TD3
58,-1.8731239792137233,0.7274262422414977,0.33,TD3
59,-1.7382844302267995,0.8497758640102778,0.3,TD3
60,-2.211844549326101,0.9280387736886514,0.26,TD3
61,-2.9121131457357166,0.7787480362567096,0.26,TD3
62,-2.5717409926328956,0.7037188164350934,0.24,TD3
63,-2.30244632087886,0.6881425463847836,0.37,TD3
64,-2.162707686939636,0.7348857888264021,0.23,TD3
65,-2.769121438568709,0.5816043700904777,0.29,TD3
66,-2.085722236855383,0.8526480212740252,0.3,TD3
67,-1.9629814876953995,0.8260609576250156,0.35,TD3
68,-2.0939609411919466,0.8515330352073406,0.3,TD3
69,-2.282230685663663,1.0292243017003653,0.33,TD3
70,-1.9132671082981252,0.9024088066177278,0.33,TD3
71,-1.9024930792628771,0.7737894926342824,0.29,TD3
72,-2.446253723152731,0.6910292868405518,0.29,TD3
73,-2.7904863474514645,0.6186219721219663,0.29,TD3
74,-2.4491340765148553,0.6743502419063256,0.32,TD3
75,-2.205665467388248,0.6897329531003838,0.37,TD3
76,-2.896775555062785,0.8346548103076123,0.28,TD3
77,-2.350098406835234,0.8862642352647565,0.35,TD3
78,-1.4097289266009545,1.0090843177865487,0.4,TD3
79,-2.3196179918738937,0.9348543360759995,0.38,TD3
80,-1.5355527717664637,0.9606196046456908,0.41,TD3
81,-1.8263283081820645,0.8389165190013201,0.32,TD3
82,-2.551973946105352,0.6042071010664662,0.35,TD3
83,-2.3152644779826717,0.81774610087033,0.34,TD3
84,-2.341451837564585,0.8007030866033028,0.24,TD3
85,-1.8004257024833275,0.8490671668299796,0.38,TD3
86,-1.7865056521424523,0.8739043655922123,0.35,TD3
87,-2.501695181000736,0.8308014468626012,0.34,TD3
88,-2.4630210592112816,0.7730163746993385,0.34,TD3
89,-2.0512722014940294,0.8449272712587839,0.31,TD3
90,-2.604571823456207,0.8842842454190276,0.29,TD3
91,-2.387577234819153,0.7728233840843006,0.27,TD3
92,-2.765160841555682,0.7309897352658459,0.28,TD3
93,-2.0521656602090164,0.8402093648945974,0.31,TD3
94,-1.8835861290603089,0.6849673372865931,0.37,TD3
95,-2.1412593321336995,0.8030118562710176,0.38,TD3
96,-2.193775047931545,0.6778660392524897,0.28,TD3
97,-2.340301898812763,0.8212492260215146,0.3,TD3
98,-2.0321026205978647,0.811040812019873,0.36,TD3
99,-1.7319386968780048,0.7090309037507049,0.35,TD3
100,-2.113123991221694,0.786708972136268,0.3,TD3
101,-2.3745932959157865,0.709536738365282,0.25,TD3
102,-2.7604487234864505,0.904233255310574,0.35,TD3
103,-2.2183563102251584,0.6180034004008076,0.35,TD3
104,-2.4327396020837377,0.8450562213954647,0.34,TD3
105,-1.9447096580582917,0.708038236466267,0.34,TD3
106,-2.707448567732243,0.7374758922738702,0.25,TD3
107,-2.327481437260651,0.5617632652188533,0.29,TD3
108,-2.336126594460262,0.8345103745915421,0.33,TD3
109,-2.2149182502174103,0.6493592489885041,0.32,TD3
110,-2.2018057123006662,0.7862812296944756,0.28,TD3
111,-2.8346756090301146,0.6133970634849478,0.29,TD3
112,-2.431157507116441,0.6172942300185752,0.32,TD3
113,-2.2697833013181627,0.7750408838111623,0.25,TD3
114,-1.1667458597130846,1.0302083415070777,0.37,TD3
115,-3.436394208649524,0.7544254701217292,0.23,TD3
116,-2.1566113079692983,0.8064750268524449,0.3,TD3
117,-2.3154665792574907,0.8557542169843759,0.32,TD3
118,-2.6343108807052813,0.9468326207796153,0.34,TD3
119,-2.0170759158589107,0.9320176566340392,0.38,TD3
120,-1.8481733686163186,0.8050153714576196,0.38,TD3
121,-2.011659259493353,0.7148469080350042,0.31,TD3
122,-1.8180353758760373,1.0405484586239726,0.34,TD3
123,-2.1756530771953595,0.9136181177737321,0.22,TD3
124,-2.33151778446365,0.6505798579780522,0.28,TD3
125,-2.422362362252534,0.7961146901744158,0.33,TD3
126,-2.3529254723032493,0.8292626343764933,0.29,TD3
127,-1.958708506930947,0.9012943487216936,0.36,TD3
128,-2.412468359076388,0.7091432633230628,0.33,TD3
129,-1.8723371422099155,0.7567741089079205,0.32,TD3
130,-2.917734310971773,0.8274307322254366,0.32,TD3
131,-1.8770330951737222,0.7788071971170716,0.33,TD3
132,-1.8188221205367296,0.8939717384358136,0.26,TD3
133,-1.9270122342865923,0.8704415052006524,0.35,TD3
134,-2.6515832227876235,0.6918367581451974,0.36,TD3
135,-1.7054960333672977,0.886573221627561,0.33,TD3
136,-1.6193644187596035,0.9392112415952404,0.31,TD3
137,-1.5776053642983805,0.864067009252064,0.43,TD3
138,-1.9890558915651813,0.8184007019310121,0.3,TD3
139,-2.1592676249369034,0.9434009558637032,0.31,TD3
140,-2.447594553452328,0.688892698814405,0.25,TD3
141,-3.297832119232819,0.961156259521085,0.23,TD3
142,-2.4559409654020268,0.6333042147996014,0.28,TD3
143,-2.5497454424721204,0.7483538199677591,0.29,TD3
144,-2.1437511448468314,0.6972353962122437,0.34,TD3
145,-1.7355492627349218,0.8859051388141956,0.31,TD3
146,-2.227890900751967,0.8109754406669778,0.26,TD3
147,-2.033451422275638,0.8735981779866371,0.32,TD3
148,-2.157732138651794,0.8665640901873307,0.28,TD3
149,-2.0123293833179017,0.8274710053869634,0.38,TD3
150,-2.2017203570819195,0.8314231131433506,0.3,TD3
151,-2.5967973284118506,0.7131530290346605,0.33,TD3
152,-2.28647898582599,0.825397113127559,0.3,TD3
153,-2.2308618994073806,0.7706397123964237,0.3,TD3
154,-2.3089434001174935,0.7068001623972888,0.3,TD3
155,-1.6576884027636296,0.9032186713709733,0.38,TD3
156,-2.1436469404861556,0.840438714075216,0.36,TD3
157,-1.999545253149564,0.8484631976223518,0.39,TD3
158,-2.6869923268594107,0.8111524267711185,0.24,TD3
159,-2.4580802080477984,0.8047645549792418,0.37,TD3
160,-1.9726044701886707,0.8970990750565581,0.33,TD3
161,-1.7985120752320387,0.8159455184259704,0.35,TD3
162,-2.5227951833843885,0.9069266398487242,0.3,TD3
163,-1.7867634304322002,0.9085297986728671,0.41,TD3
164,-3.411550059247844,0.4844493782878027,0.23,TD3
165,-2.5115130348512418,0.7964732615962761,0.28,TD3
166,-1.6969798970561616,0.886923818735525,0.33,TD3
167,-2.1243131630983125,0.8810348917687114,0.29,TD3
168,-2.648666796225437,0.6436491622226527,0.26,TD3
169,-2.1681867760943407,0.8466075540559878,0.34,TD3
170,-2.3290045192929134,0.7136775782465646,0.35,TD3
171,-2.2767562443851688,0.6118374053328381,0.38,TD3
172,-1.7082149253662453,1.0758625705304194,0.35,TD3
173,-2.0121484032068824,0.7362249559250345,0.37,TD3
174,-2.3846103167949737,0.8438686875300402,0.3,TD3
175,-2.381090519469559,0.7238849082249112,0.29,TD3
176,-2.173914638025074,0.8767709312356174,0.32,TD3
177,-1.975593639991813,0.9666601960679153,0.36,TD3
178,-1.9114968762636784,0.8073300439122838,0.27,TD3
179,-1.8481676811406202,0.9101031284198714,0.33,TD3
180,-1.7903007850943036,0.8630805296815097,0.35,TD3
181,-2.42216011195884,0.7251770261672539,0.28,TD3
182,-2.810663528904145,0.8310133925301182,0.34,TD3
183,-2.33588264510055,0.6835665729121979,0.3,TD3
184,-2.0810500050412473,0.8035086922196659,0.31,TD3
185,-2.6173628050064055,0.6381422591512778,0.33,TD3
186,-2.5467056980480636,0.7017444080344356,0.36,TD3
187,-1.929021845791288,0.8665444342349367,0.39,TD3
188,-3.1223609400633596,0.8576336766095086,0.25,TD3
189,-2.8243860663827354,0.764234437482773,0.23,TD3
190,-2.077408321479357,0.628056201207066,0.32,TD3
191,-2.8537186594962405,0.5694300675479489,0.27,TD3
192,-2.349762341818171,0.6795053336366048,0.31,TD3
193,-2.2491102263629044,0.7238314717127646,0.31,TD3
194,-1.9618888233380076,0.8569922500990872,0.3,TD3
195,-2.117638859086843,0.8425447679164164,0.28,TD3
196,-1.8973108834151358,0.7692336523089489,0.27,TD3
197,-2.0507926864307398,0.8190651786637574,0.37,TD3
198,-1.48259083941438,0.8670183931896706,0.38,TD3
199,-2.5063827428176184,0.6969879098563826,0.25,TD3
200,-2.2001992192495234,0.8149074160484118,0.36,TD3
201,-2.1747160215990626,0.7790108728131051,0.26,TD3
202,-1.4581139578605005,0.9299299013543646,0.34,TD3
203,-2.2834295095280144,0.8604832344944338,0.32,TD3
204,-2.9289821014121666,0.7209565203752553,0.35,TD3
205,-1.83052624109972,1.0752139053777459,0.32,TD3
206,-3.295629503061654,0.7569975122181135,0.27,TD3
207,-1.6056017015581672,0.8384693251787694,0.39,TD3
208,-1.8238212514034364,0.9003626995652363,0.33,TD3
209,-3.233259934997937,0.7585052523062952,0.3,TD3
210,-2.60254307098065,0.6539150367792419,0.23,TD3
211,-1.6485053054803556,0.892039816656701,0.36,TD3
212,-1.3152540714467602,0.960043889029089,0.41,TD3
213,-1.8205384636943622,0.8198792964802013,0.28,TD3
214,-2.0298706106543682,0.7751162098796275,0.29,TD3
215,-1.7495791132995524,0.928947990544126,0.31,TD3
216,-1.8431497377440158,0.9166997856638325,0.36,TD3
217,-1.7718091050040037,0.9041043107767942,0.33,TD3
218,-2.1717511973875334,0.6497309882406177,0.32,TD3
219,-2.6336379660527856,0.7477084284147603,0.27,TD3
220,-2.1358351402855567,0.7288451229634506,0.29,TD3
221,-2.183291017730832,0.8026801270353195,0.37,TD3
222,-2.4993587288668526,0.6390714302666789,0.26,TD3
223,-2.1992743656349187,0.6849375985585057,0.31,TD3
224,-1.9367638540033725,0.9451047529211221,0.31,TD3
225,-3.657643712733571,0.8917664576823541,0.33,TD3
226,-1.7172537722517862,0.9427566767576372,0.34,TD3
227,-1.9741332353734475,0.8199210800251268,0.3,TD3
228,-2.1274667300113963,0.622260958126476,0.39,TD3
229,-1.9043736521594645,0.7900462470956271,0.31,TD3
230,-2.3052465194918845,0.7824964281999324,0.32,TD3
231,-1.851529960278765,0.8554079387979384,0.34,TD3
232,-2.1863643390662255,0.7043680721399387,0.3,TD3
233,-1.9708661144991033,0.8604717136399657,0.35,TD3
234,-1.3713386270230086,1.1552238211913766,0.45,TD3
235,-2.4877977129647966,0.7836097366078887,0.28,TD3
236,-2.444281193515509,0.7890764156155332,0.29,TD3
237,-1.6411591029780817,0.8701017322130208,0.33,TD3
238,-1.9282851797651939,0.8304116416389362,0.31,TD3
239,-1.9548763056361238,0.8078648227931354,0.29,TD3
240,-2.249435699900967,0.9044166841566628,0.36,TD3
241,-2.2513862638998177,0.8954480953544041,0.32,TD3
242,-2.4344442799437678,0.6925729825269561,0.29,TD3
243,-2.0938381205805157,0.876489521748992,0.35,TD3
244,-2.0285876358171495,0.847898376154689,0.24,TD3
245,-1.6996257167600235,1.0252146054404787,0.38,TD3
246,-1.6072463040889426,0.8140210760314739,0.4,TD3
247,-1.8929716133653738,0.9796945467696095,0.37,TD3
248,-1.9365641007626788,0.7701060122169764,0.32,TD3
249,-1.5890447420088856,0.9195112549014876,0.4,TD3
250,-2.00773041598696,0.8481853916323203,0.32,TD3
251,-2.1089643099551263,0.9004535904191158,0.29,TD3
252,-2.420012833148531,0.877524870558696,0.27,TD3
253,-2.197433226324479,0.7469956449972431,0.3,TD3
254,-3.0038533151841746,0.5991022720419167,0.17,TD3
255,-2.1511792791954454,0.8434390973796425,0.32,TD3
256,-1.7522493309428353,0.8738248521187013,0.38,TD3
257,-1.8236927361511621,0.8008549777399516,0.32,TD3
258,-2.2505649487575097,0.6540240515944666,0.34,TD3
259,-1.7208617005533862,0.762019439480065,0.34,TD3
260,-2.1008725359471536,0.8659831776920724,0.38,TD3
261,-2.0969884669817542,0.8177335949320433,0.27,TD3
262,-1.4059014134471752,0.9622050132730017,0.34,TD3
263,-2.5744266488837644,0.7312062708334871,0.29,TD3
264,-1.7611835021675777,0.9839732024217459,0.35,TD3
265,-1.8568568187799301,0.9749249534532658,0.35,TD3
266,-1.726262565740473,0.8474625023690752,0.36,TD3
267,-1.844961450439814,0.8565602443946934,0.4,TD3
268,-2.4312210088473036,0.7811001726856791,0.29,TD3
269,-2.0374497564082628,0.9989826134731602,0.32,TD3
270,-2.5088440020316027,0.5588504384614126,0.28,TD3
271,-2.5516554128636577,0.6141384448389288,0.28,TD3
272,-2.0066018649795265,0.7421849607465545,0.34,TD3
273,-2.460153034838911,0.8061416808276455,0.29,TD3
274,-3.528789966316265,0.9483362405195658,0.27,TD3
275,-2.5525074893968154,0.5769155947563317,0.31,TD3
276,-1.8263080415213226,0.8169966949565848,0.36,TD3
277,-2.278129178225407,0.8904649372631193,0.42,TD3
278,-1.9584856828094905,0.739277870741127,0.33,TD3
279,-1.9817955242214549,0.6491859278451207,0.37,TD3
280,-2.049006641631174,0.7669464282394657,0.35,TD3
281,-2.3337299119003645,0.8127213991034222,0.32,TD3
282,-2.38326333645671,0.7734328517811817,0.3,TD3
283,-3.3213399646096287,0.8789899936616525,0.29,TD3
284,-1.8099266661925046,0.9151507322381104,0.39,TD3
285,-1.6549732132461414,0.8950802190559207,0.37,TD3
286,-2.429312257189616,0.7675121490406696,0.31,TD3
287,-2.5710281168748903,0.7925439977590584,0.29,TD3
288,-2.7582053916730085,0.8550781146255981,0.32,TD3
289,-2.1407636080992702,0.8451685046036284,0.31,TD3
290,-2.4458316372910573,0.7076240174449535,0.26,TD3
291,-2.6349341430717015,0.7166156347273244,0.29,TD3
292,-2.0305806285143584,0.8233556357372914,0.27,TD3
293,-2.5486010323479356,0.6968108196575412,0.33,TD3
294,-2.0707072640790045,0.7611152242413699,0.3,TD3
295,-1.7442195770642506,0.7695446948634865,0.34,TD3
296,-1.40331692491492,0.9682294458894048,0.41,TD3
297,-3.381177947591705,0.7433017096481968,0.26,TD3
298,-2.3522194060362454,0.7048644832863209,0.26,TD3
299,-1.7347677212970707,0.6936737639827096,0.32,TD3
300,-2.0637889485805077,0.8230332668426932,0.34,TD3
301,-2.395916462888952,0.7978117721042208,0.33,TD3
302,-2.2360283348418384,0.6377632568583906,0.35,TD3
303,-2.166520862113298,0.7211004929528368,0.32,TD3
304,-2.0976397104874884,0.7939929544552184,0.25,TD3
305,-1.613745847641387,0.87083036160395,0.41,TD3
306,-1.9963972168953086,0.926368095864131,0.33,TD3
307,-2.3764088190871284,0.9904889956751433,0.35,TD3
308,-2.383229217299735,0.6089733213844294,0.34,TD3
309,-1.1859988523573393,1.1566726663919211,0.46,TD3
310,-1.342601844777725,0.9485563607537115,0.34,TD3
311,-2.148718488197913,0.7922061697253926,0.31,TD3
312,-2.1245869286771715,0.7478958224063496,0.29,TD3
313,-1.8456440962539458,0.8471150474192242,0.39,TD3
314,-2.789777947828459,0.9560214818565315,0.35,TD3
315,-1.9796518700457795,0.8095418643401215,0.36,TD3
316,-1.7593743750585096,0.7588810085846279,0.32,TD3
317,-1.4821504288502887,0.9714368263522968,0.37,TD3
318,-2.8422834977309184,0.5926279917715452,0.3,TD3
319,-1.2980477619927995,0.9610219536585437,0.41,TD3
320,-2.6507891805437542,0.6948714745515956,0.27,TD3
321,-2.1969168298629294,0.7873451201319874,0.27,TD3
322,-2.121366399664678,0.7594401603444756,0.31,TD3
323,-2.210740773549381,0.7921488174954496,0.25,TD3
324,-1.9688651773921086,0.8571545572884017,0.35,TD3
325,-1.3117901750873886,0.9064987746238987,0.37,TD3
326,-1.6588070610014765,0.738323369731665,0.4,TD3
327,-2.6781439027212026,0.8862018004628928,0.4,TD3
328,-2.111489891614894,0.7847428357747741,0.31,TD3
329,-1.5015944950327151,0.8905194586414206,0.34,TD3
330,-2.0688634550115843,0.6634766377416974,0.33,TD3
331,-1.4223827824861044,0.9333052008171222,0.41,TD3
332,-2.0464536314590607,0.7276484412232275,0.36,TD3
333,-1.4472061094550128,0.873108233833299,0.39,TD3
334,-2.353676609839857,0.8278968494734579,0.27,TD3
335,-2.3865877664325623,0.730699427027142,0.31,TD3
336,-1.915261537886185,0.7369829687143377,0.35,TD3
337,-2.1717965432276722,0.6862044791482537,0.32,TD3
338,-1.962083391503526,0.8301227271620186,0.29,TD3
339,-2.007043800789676,0.8868242123827379,0.36,TD3
340,-1.6755087641369533,0.7730605143178986,0.37,TD3
341,-2.257207893960505,0.9485470645904956,0.4,TD3
342,-1.44629398526134,0.8498652994823338,0.38,TD3
343,-1.4182476492706302,0.8585397596421568,0.38,TD3
344,-1.475806876926026,0.8381543957210315,0.37,TD3
345,-1.749207485986245,0.8619820761653588,0.33,TD3
346,-1.6548210840774311,0.795933100175195,0.35,TD3
347,-3.0889008120917594,0.7217451373751763,0.29,TD3
348,-2.2370418857828596,0.618140419439332,0.31,TD3
349,-1.9364663483065347,0.8471711993078087,0.33,TD3
350,-2.209157011320135,0.7338323144130459,0.36,TD3
351,-1.894380009548243,0.7280855387724928,0.36,TD3
352,-1.8414095044582353,0.7664031051035571,0.36,TD3
353,-1.6664036386583714,0.9210667316374892,0.37,TD3
354,-2.4571014189847515,0.7996014700116925,0.34,TD3
355,-2.458801557138416,0.691115772965736,0.26,TD3
356,-2.0311291178793205,0.7753770777113317,0.27,TD3
357,-1.9195971164135799,0.6919539040658713,0.32,TD3
358,-1.9166173909060789,0.9453539550492509,0.34,TD3
359,-1.725162064669852,0.8460957715364777,0.33,TD3
360,-2.486568968702308,0.6719498261605971,0.25,TD3
361,-1.661795469666715,0.8717797532258744,0.4,TD3
362,-2.792741229939482,0.6152032609599081,0.25,TD3
363,-2.4652087959000477,0.9237449969358598,0.32,TD3
364,-2.2128180772898833,0.8360448060293274,0.33,TD3
365,-1.3773726328396314,0.8922563179964608,0.39,TD3
366,-1.830758570778787,0.7695360393253183,0.32,TD3
367,-2.118205753285884,0.7565356873322311,0.32,TD3
368,-2.2193537010164097,0.6346295320193606,0.27,TD3
369,-2.167550905248475,0.6931559098255053,0.26,TD3
370,-1.797222298773629,0.8004170333748992,0.32,TD3
371,-1.7443394968719657,0.8640558490058148,0.34,TD3
372,-2.4867522976688528,0.6551412671142862,0.28,TD3
373,-2.185258921107882,0.826402378855305,0.29,TD3
374,-2.0655293446420178,0.750239364200424,0.33,TD3
375,-1.819920305233296,0.8655706347155298,0.27,TD3
376,-2.130666859766023,0.7072064795068735,0.32,TD3
377,-2.0606650036256053,0.8863949408257465,0.36,TD3
378,-2.673801500126014,0.7310587747668987,0.38,TD3
379,-1.826675184244891,0.8711967664204312,0.34,TD3
380,-2.08011290241042,0.8987441715967784,0.34,TD3
381,-2.092492984957513,0.8006578085711703,0.37,TD3
382,-2.0044716585900026,0.8189229115430937,0.35,TD3
383,-1.824631907519019,0.900931242004245,0.32,TD3
384,-1.9585151826935459,0.8674651320684714,0.35,TD3
385,-1.7063001874553652,0.9213038294101287,0.38,TD3
386,-2.0635459657146162,0.739846597117861,0.39,TD3
387,-2.25531389421645,0.8909394985399934,0.3,TD3
388,-1.6365967346544403,1.069494036789768,0.39,TD3
389,-1.9329397441581646,0.7593317733357025,0.36,TD3
390,-2.4199470658833118,0.8449252109936326,0.31,TD3
391,-2.0617273971264236,0.7495774289814241,0.31,TD3
392,-2.0548305315731112,0.7719960085120594,0.35,TD3
393,-2.5739056070485473,0.8278561847558032,0.25,TD3
394,-1.5791673697388624,0.8970140695341571,0.29,TD3
395,-1.9468159982711064,0.8401172024566601,0.32,TD3
396,-2.427831386002226,0.7089649293731233,0.26,TD3
397,-1.673515710632805,0.9159393680517733,0.34,TD3
398,-1.7817266619386283,0.811548583450107,0.38,TD3
399,-2.1868500885348303,0.7664434916787468,0.33,TD3
400,-1.911521266280682,0.8936408351084266,0.3,TD3
401,-2.3222833763407364,0.659407440154482,0.33,TD3
402,-2.433725383737734,0.6256558762521611,0.34,TD3
403,-2.8024692020885027,0.8007990478535234,0.28,TD3
404,-1.6360524138882766,0.8992069819564812,0.41,TD3
405,-2.216672218398083,0.7292545139217474,0.3,TD3
406,-2.109694312766588,0.7816811855393341,0.29,TD3
407,-2.3961371172450576,0.6602204022062341,0.31,TD3
408,-2.023575981886587,0.7761711587420923,0.33,TD3
409,-1.9756862122462353,0.7930923389319032,0.3,TD3
410,-1.8768194637427464,0.7633738802474143,0.36,TD3
411,-2.101479777728852,0.8674403777424966,0.31,TD3
412,-2.4824545931774695,0.7957428236973465,0.33,TD3
413,-2.2640394198731526,0.8299011993781711,0.36,TD3
414,-2.206713788334739,0.7739252589990275,0.38,TD3
415,-2.3658390270128855,0.8203481646975129,0.34,TD3
416,-2.2506243704358124,0.876549428846435,0.31,TD3
417,-1.6117399168726216,1.066485774047628,0.41,TD3
418,-1.8785747229455754,0.7987334505959057,0.33,TD3
419,-1.5774349544001995,0.9488968672340539,0.32,TD3
420,-1.4781293341179056,0.9288637559437936,0.41,TD3
421,-1.8570442375924265,0.7938022242275133,0.3,TD3
422,-2.6349206536302514,0.7494748399372427,0.24,TD3
423,-0.9476546827107167,1.1837562309500782,0.37,TD3
424,-1.3103355276984525,0.9477706847706898,0.35,TD3
425,-1.7545369375259536,0.9172914541456296,0.33,TD3
426,-1.6626324185879073,0.8609057307558656,0.46,TD3
427,-1.1728281821494695,0.8637383410381629,0.43,TD3
428,-2.4493162927009693,0.7909011659015949,0.28,TD3
429,-2.117500992784153,0.7814771007992085,0.34,TD3
430,-2.6675611030070816,0.6944831400950572,0.31,TD3
431,-2.0477733098011996,0.7980289767624977,0.38,TD3
432,-1.1814881934141708,0.8597727467351529,0.43,TD3
433,-2.483551033182628,0.7613709301699838,0.35,TD3
434,-1.9018188335044153,0.8536908065303512,0.38,TD3
435,-2.003906898017896,0.7350697686409378,0.37,TD3
436,-2.5613530258481205,0.8213016558114957,0.37,TD3
437,-1.7157970085760015,0.8541524977372036,0.36,TD3
438,-1.2969764396016523,0.9937547813629256,0.4,TD3
439,-1.903885327442735,0.8980884332279463,0.34,TD3
440,-1.9536307070164636,0.8464376048867291,0.37,TD3
441,-1.625454466232688,0.8442160890237629,0.41,TD3
442,-1.5694060676298305,0.8050919716871712,0.37,TD3
443,-1.5944817782259446,0.8579598729121963,0.33,TD3
444,-1.6834689605174191,0.7567726160468999,0.34,TD3
445,-2.4092769749952954,0.8238173066814811,0.27,TD3
446,-1.3098032950925298,0.9116203051018094,0.39,TD3
447,-1.9174636820907467,0.768720438514583,0.32,TD3
448,-1.980963208935909,0.7500342755966475,0.38,TD3
449,-1.814936882994731,0.7455976171900913,0.33,TD3
450,-2.0432825951967377,0.7357551728169005,0.36,TD3
451,-1.3949932330632873,0.9429759162431266,0.32,TD3
452,-2.174371814095518,0.6631784453048746,0.4,TD3
453,-2.0996258302786477,0.7430634878071725,0.3,TD3
454,-1.6456332733873709,0.8463554844901495,0.37,TD3
455,-1.9713079891558076,0.7144022428451464,0.35,TD3
456,-2.637585767641491,0.8306988687855335,0.38,TD3
457,-1.9845547076384225,0.7234693091115859,0.35,TD3
458,-1.809306385892317,0.7599754571983367,0.34,TD3
459,-1.6588866495384176,0.8343014215621044,0.35,TD3
460,-1.5096963958288785,1.005497004529031,0.33,TD3
461,-1.1474804023185172,1.0840844084309218,0.45,TD3
462,-1.5904975807822317,0.8697941755748763,0.32,TD3
463,-1.6429844150644974,0.8461461664276411,0.41,TD3
464,-1.9238027670987128,0.723253015774902,0.36,TD3
465,-1.9858811702525492,0.7824522611889101,0.37,TD3
466,-1.7279966253751977,0.7437355146613513,0.35,TD3
467,-1.8551628606932404,0.7906131524321073,0.32,TD3
468,-1.8681587010428675,0.6881900391533665,0.38,TD3
469,-2.2077312143231413,0.8728816012122961,0.33,TD3
470,-2.1297909900484466,0.7920136024821861,0.35,TD3
471,-2.198379121407263,0.8283270048732948,0.26,TD3
472,-2.3613198516186005,0.7070443470481463,0.33,TD3
473,-1.7391207964642164,0.7469792403877823,0.34,TD3
474,-1.6643910590956972,0.769763958019727,0.31,TD3
475,-1.7688829075990236,0.9268218977806149,0.37,TD3
476,-1.5951558717275232,0.928710995370148,0.38,TD3
477,-2.6381794526817686,0.6569963918006375,0.3,TD3
478,-1.590262550541765,0.8380792030627618,0.33,TD3
479,-1.608106820537419,0.8845809983301498,0.36,TD3
480,-2.180756024367198,0.6235304795605378,0.28,TD3
481,-2.127336952933648,0.7019703611336887,0.33,TD3
482,-1.5636306072340214,0.7168308467626003,0.42,TD3
483,-2.030552556938677,0.7136510809734823,0.37,TD3
484,-2.312589352501156,0.9014497274907122,0.38,TD3
485,-1.7377625450358483,0.8273964454523117,0.36,TD3
486,-1.7226623128397127,0.8355915077501956,0.37,TD3
487,-1.866871181875977,0.7724241345247943,0.36,TD3
488,-2.1491619688632286,0.8338454953975415,0.3,TD3
489,-2.3302714229829644,0.7260584948650591,0.27,TD3
490,-2.070035927670749,0.7546556063005596,0.28,TD3
491,-2.4308641842666248,0.8793728162200826,0.32,TD3
492,-1.7808481962938236,0.8707733142739963,0.33,TD3
493,-2.3619470720660694,0.7294975521034687,0.33,TD3
494,-1.6329888760505813,0.8198018629160149,0.41,TD3
495,-2.1126495758983816,0.7576771834972215,0.36,TD3
496,-1.3270297638937827,0.8583753616966286,0.36,TD3
497,-1.90465124669408,0.7754052941652217,0.38,TD3
498,-2.1906765522911242,0.7241504320805509,0.27,TD3
499,-1.476487734608302,0.9552035511414941,0.36,TD3
500,-2.186314518826986,0.8596347263271565,0.39,TD3
501,-1.8366268837782678,0.6949838200206664,0.39,TD3
502,-1.9946012280533967,0.7339557625737265,0.3,TD3
503,-1.9011829417652093,0.8839507862329529,0.33,TD3
504,-2.1361750754532127,0.7334133928702338,0.29,TD3
505,-1.506279312916269,1.0267298590656981,0.31,TD3
506,-1.813369494287807,0.6736419517146285,0.41,TD3
507,-1.8758345650325017,0.8612618742347348,0.39,TD3
508,-1.660520789978786,1.0292354960297236,0.34,TD3
509,-1.7189384412539062,0.8540009170488861,0.32,TD3
510,-1.7061145748149218,0.7527700560207028,0.26,TD3
511,-1.6745541689147359,0.7271325413206371,0.34,TD3
512,-1.9435926623948083,0.6642515087738355,0.38,TD3
513,-1.8235660494316952,0.682363059394297,0.38,TD3
514,-2.201749624716291,0.9706621096549193,0.31,TD3
515,-2.016269574549861,0.9381198207147494,0.32,TD3
516,-1.616876990436074,0.8490051395921145,0.35,TD3
517,-1.7458397220271147,0.800837433706742,0.33,TD3
518,-2.62353642038525,0.7492849204709481,0.32,TD3
519,-1.6278198728877715,0.8320009694175381,0.39,TD3
520,-1.9053564224477229,0.8564617539967714,0.34,TD3
521,-1.5812729638046932,0.7840704390883887,0.42,TD3
522,-1.4212051529269303,1.0759246740659223,0.44,TD3
523,-1.8370895176786903,0.7731633408133003,0.38,TD3
524,-2.046966082595791,0.7930974807250384,0.3,TD3
525,-1.8878302798294753,0.8226485390553512,0.3,TD3
526,-1.5097504583087746,0.9381993544218986,0.38,TD3
527,-1.9367147126798654,0.7798264035896498,0.3,TD3
528,-1.9255757927836799,0.7899305878346978,0.39,TD3
529,-1.8714612653915856,0.8415311736605071,0.41,TD3
530,-1.8910236519686527,0.8125281673587311,0.35,TD3
531,-2.0159621837876256,0.7313208279628806,0.31,TD3
532,-1.2340443052131271,0.9666107871562183,0.41,TD3
533,-1.9642656824806495,0.658612037519087,0.37,TD3
534,-2.2213229982393754,0.8712843534971371,0.34,TD3
535,-2.0965757356428862,0.7029000616025846,0.31,TD3
536,-2.567910123939212,0.7098291370294874,0.36,TD3
537,-1.5895250401662306,0.7431726133388858,0.41,TD3
538,-2.2674082269804563,0.8100114536157867,0.31,TD3
539,-1.8517747620994922,0.780007800903581,0.35,TD3
540,-1.9387618229353194,0.8149407651029729,0.33,TD3
541,-2.0036057664823326,0.7672597775854674,0.3,TD3
542,-1.3468265528169325,0.9438720518797667,0.4,TD3
543,-1.767114065406588,0.8940517332943783,0.38,TD3
544,-2.0835355435964913,0.8475226293628633,0.35,TD3
545,-1.9239579668852418,0.7810363440786287,0.33,TD3
546,-1.8002384596366932,0.9051032999951254,0.34,TD3
547,-1.4902283837275716,1.0167378187830511,0.39,TD3
548,-2.0321659661186993,0.8452088019635464,0.34,TD3
549,-1.5532683842808952,0.9483406345483965,0.34,TD3
550,-2.129115269416892,0.8561604503901127,0.36,TD3
551,-1.811834956256902,0.9459395625532662,0.28,TD3
552,-1.7784583675991963,0.7926436275093149,0.38,TD3
553,-1.3938483773232235,0.8701779498941947,0.36,TD3
554,-1.8156709245087044,0.6929997481650919,0.38,TD3
555,-1.5810431000820935,0.8935503046257334,0.38,TD3
556,-2.095607945955912,0.6337008152657727,0.34,TD3
557,-1.1837957368307115,1.1877557603890896,0.38,TD3
558,-1.891078389878256,0.7942625835024516,0.35,TD3
559,-2.4569509489690886,0.6815827126075807,0.31,TD3
560,-2.6340232290229557,0.6134438856327915,0.22,TD3
561,-1.3823922717348767,0.8154725671828729,0.4,TD3
562,-1.628598171771971,0.7710914803942999,0.37,TD3
563,-1.5422709620186261,0.8572613460201761,0.35,TD3
564,-2.9172638673161826,0.7338074207958323,0.28,TD3
565,-2.315895002963562,0.8653472783660007,0.45,TD3
566,-1.8394722508814343,0.7143747966909655,0.28,TD3
567,-1.7575650513129488,0.8499276482658281,0.39,TD3
568,-2.630927435489759,0.7387580391545987,0.44,TD3
569,-1.1505947715053824,0.8826690481226581,0.38,TD3
570,-2.3436616651637383,0.8006043519279002,0.36,TD3
571,-1.091059171136034,0.8987355088844545,0.4,TD3
572,-1.2372049947902917,0.9648288288317284,0.42,TD3
573,-1.9676161765218962,0.8160031067466583,0.36,TD3
574,-1.6331436461477893,0.8550078868679379,0.28,TD3
575,-2.3952261667705885,0.748133783904044,0.32,TD3
576,-1.478191797632735,0.7686983053923313,0.38,TD3
577,-1.5882656442460885,0.8753212750582953,0.36,TD3
578,-1.8541987457512057,0.7653646849036534,0.3,TD3
579,-2.147821553364816,0.746174593611239,0.32,TD3
580,-2.0529865550021267,0.7365200027282778,0.34,TD3
581,-2.522325288379247,0.839124099059608,0.31,TD3
582,-1.735009972858726,0.6940671119931916,0.28,TD3
583,-1.6405700144767454,0.9720117767318034,0.36,TD3
584,-1.4955225279929756,0.8766704279191968,0.43,TD3
585,-1.5072961065823849,0.8523160778640577,0.36,TD3
586,-1.9964612636540935,0.8412130144369101,0.38,TD3
587,-1.3174946504263223,0.9237842880057319,0.4,TD3
588,-2.1668161898410494,0.7023621015002708,0.33,TD3
589,-2.0669357243650124,0.6191027641480977,0.35,TD3
590,-2.094838316090734,0.7272493241370752,0.37,TD3
591,-2.047943105497086,0.8211857551079409,0.33,TD3
592,-2.151378013781595,0.7937999866172811,0.27,TD3
593,-1.8256507340982744,0.8354843079850753,0.34,TD3
594,-1.7957674803312402,0.9044466394309731,0.35,TD3
595,-1.599667123244775,0.7728292434729799,0.37,TD3
596,-1.5528007307362406,0.9470544401969535,0.39,TD3
597,-2.157961478362286,0.8164548357443239,0.34,TD3
598,-1.2220180964719791,0.8285729894114684,0.42,TD3
599,-1.6025817628970302,0.8435766415308882,0.41,TD3
600,-1.8790474074758083,0.8676281634181384,0.39,TD3
601,-1.5121930154894578,0.7795052115185187,0.32,TD3
602,-1.9596513768250725,0.943313843912824,0.41,TD3
603,-1.5728453245965477,0.8005809164801293,0.31,TD3
604,-1.34157808005777,1.111286659947751,0.34,TD3
605,-1.6167841175127458,0.7905307465607646,0.37,TD3
606,-1.6358585719655607,0.7951162641041967,0.38,TD3
607,-2.289778340139264,0.7669976522498513,0.28,TD3
608,-1.9121245009590455,0.820494165569457,0.39,TD3
609,-1.1138940799048962,0.9161035564940824,0.38,TD3
610,-2.1706361086392936,0.861459513145819,0.34,TD3
611,-1.4993184461801063,0.8840435806804505,0.3,TD3
612,-2.145222046873105,0.7213694894081064,0.39,TD3
613,-2.9257076695001767,0.8039149222260715,0.33,TD3
614,-1.3534248130996258,0.8924115793931127,0.42,TD3
615,-1.7436950632345896,0.868238956346962,0.42,TD3
616,-2.2038860158301983,0.8774189180249428,0.37,TD3
617,-1.62321276190699,0.8674091370651853,0.35,TD3
618,-2.2878816500039374,0.6958076281822726,0.29,TD3
619,-2.364882244628772,0.7362475399810051,0.32,TD3
620,-1.8693024883155187,0.7197480312104148,0.35,TD3
621,-2.2731878068545046,0.8832433342016728,0.3,TD3
622,-1.540518012627336,0.7802458069665055,0.45,TD3
623,-1.857086576247502,0.7862959920777377,0.34,TD3
624,-1.5299810991210783,0.9599904844025196,0.39,TD3
625,-1.9241031831142785,0.7829698643935273,0.28,TD3
626,-2.1163057433004684,0.93856280650871,0.34,TD3
627,-1.5181109709871377,0.9378069973371689,0.45,TD3
628,-1.6607695060989365,0.8328905794210677,0.28,TD3
629,-1.1154286876056918,0.9603954566575424,0.46,TD3
630,-2.1920369066661056,0.901592920748337,0.39,TD3
631,-1.507748286667582,0.7526484231605274,0.46,TD3
632,-2.388356126987948,0.6558867491958433,0.36,TD3
633,-2.434573254882163,0.7770279309055234,0.31,TD3
634,-1.7915802591326084,0.7292020506110365,0.33,TD3
635,-2.138940384497484,0.8472500204448573,0.31,TD3
636,-1.706468036676196,0.8774012986209894,0.35,TD3
637,-2.169378251402083,0.8195273326672192,0.36,TD3
638,-2.1853178968081646,0.7224350469626599,0.32,TD3
639,-1.6886663724671842,0.7573577369024292,0.39,TD3
640,-2.133928687177624,0.7577989841304118,0.4,TD3
641,-1.7477103895949773,0.6744402615474304,0.38,TD3
642,-2.424094340451654,0.5271280689637724,0.33,TD3
643,-1.6625215571125662,0.7591995986336257,0.4,TD3
644,-1.629079282044509,0.7346428324315722,0.39,TD3
645,-2.034232605904035,0.7742914390258849,0.38,TD3
646,-1.838499515814781,0.7649211052951592,0.35,TD3
647,-1.7297569066854566,0.8063359275631069,0.34,TD3
648,-2.2488379485214494,0.7537403875765568,0.24,TD3
649,-1.5286297321899827,0.7723690055501856,0.44,TD3
650,-2.311849325640028,0.8338211676768595,0.35,TD3
651,-1.6125916075069957,0.9682396700100101,0.4,TD3
652,-1.6890779583307096,0.8885281228803379,0.43,TD3
653,-1.3215603399665634,0.8770118636494451,0.39,TD3
654,-1.6135757995966784,0.8610592209415777,0.38,TD3
655,-1.824729551235135,0.7212047075285988,0.34,TD3
656,-2.301145239450383,0.6881984906631263,0.36,TD3
657,-2.271992129484528,0.8231141854106441,0.32,TD3
658,-2.1129731905748352,0.7965934906009114,0.29,TD3
659,-1.949612417056023,0.8320504905109,0.36,TD3
660,-2.119686244288735,0.7576991403426747,0.32,TD3
661,-1.1017677419645482,0.9364521710623994,0.42,TD3
662,-1.558012763896099,1.0282245134037076,0.38,TD3
663,-1.6330457980500006,0.7667021900890899,0.4,TD3
664,-2.4549434513883623,0.7974691813351695,0.33,TD3
665,-1.897768158776617,0.6465547436625616,0.39,TD3
666,-1.8715874831244719,0.7602108963476478,0.31,TD3
667,-2.113074808919254,0.6342816791208976,0.38,TD3
668,-1.823264481916561,0.8472842111274299,0.34,TD3
669,-1.8883414309494824,0.710709018705586,0.35,TD3
670,-1.2505135934729952,0.8596168895893108,0.47,TD3
671,-1.433206828158176,0.8822937930134874,0.36,TD3
672,-1.9015179135738034,0.6495154356573429,0.38,TD3
673,-1.581725313514516,0.8788679736944597,0.29,TD3
674,-1.596179490809417,0.7994732206201666,0.34,TD3
675,-1.8026529630655415,0.7775931172883602,0.29,TD3
676,-1.7407925035711147,0.946901499526757,0.37,TD3
677,-1.6915344465638125,0.9410417415639096,0.33,TD3
678,-2.251946282336238,0.7207016607051632,0.34,TD3
679,-2.3632517011117455,0.8255231210952404,0.38,TD3
680,-2.19508001135969,0.7395469735543081,0.33,TD3
681,-1.9174036191543948,0.7959524186235053,0.33,TD3
682,-2.3978933427784237,0.7632495102030602,0.32,TD3
683,-1.9410015169217854,0.8997352719391374,0.31,TD3
684,-1.548823405765872,0.8487644236533405,0.35,TD3
685,-1.6383082010695436,0.9852061159899363,0.38,TD3
686,-1.8106642534905324,0.9473161451675053,0.32,TD3
687,-1.8018686669086523,0.686828156007191,0.41,TD3
688,-1.6101048468417576,0.7109028859709282,0.32,TD3
689,-1.647380648310201,0.6853964139597102,0.38,TD3
690,-2.0978526291726665,0.6879429149987818,0.31,TD3
691,-2.9893901197419943,0.7546274506871105,0.3,TD3
692,-1.8215193224506876,0.8523434932493963,0.39,TD3
693,-1.5092821816509407,0.9219846935379463,0.39,TD3
694,-1.602431254460299,0.7712559630395284,0.4,TD3
695,-2.313894642070346,0.7891434292119983,0.4,TD3
696,-1.5728204971073831,0.7386887832937937,0.43,TD3
697,-1.8586128990177206,0.785577899291078,0.35,TD3
698,-1.5500792324046977,0.8869429072614479,0.44,TD3
699,-1.730987240705539,0.8919084089874626,0.38,TD3
700,-1.7547442450127397,0.8312526874986594,0.42,TD3
701,-1.8241261930341517,0.8387896523052857,0.33,TD3
702,-1.257928752834533,0.7490848186643818,0.44,TD3
703,-1.4729671395489985,0.7798424506307673,0.36,TD3
704,-1.6928557280506646,0.8523229484872578,0.32,TD3
705,-2.146362517346193,0.854498564268163,0.31,TD3
706,-2.0364446082812497,0.6398288946787413,0.33,TD3
707,-1.6299932462953455,0.787745446017097,0.32,TD3
708,-1.8876803901901849,0.729619611404554,0.36,TD3
709,-2.0110291463520364,0.6420759874434063,0.3,TD3
710,-1.5325554731740885,0.7639609297275893,0.41,TD3
711,-2.174328631197745,0.635555212449292,0.39,TD3
712,-1.7048557944399498,0.8286364753864323,0.34,TD3
713,-1.022444402164444,0.9568924594955245,0.44,TD3
714,-1.5900463818631152,0.8959988999850305,0.4,TD3
715,-1.3618890731409203,0.8275982144408052,0.41,TD3
716,-1.707207822731352,0.8083026414996705,0.39,TD3
717,-1.6625415863622792,0.860760142319552,0.32,TD3
718,-2.319676850767725,0.7767615425886166,0.41,TD3
719,-1.5707250455442403,0.733613991101263,0.37,TD3
720,-2.3795918028275627,0.6167710421293925,0.31,TD3
721,-2.8476003317313943,0.8996295316009935,0.34,TD3
722,-1.9388877368112403,0.6161647077163979,0.31,TD3
723,-1.7380877816412785,0.7628076758383009,0.41,TD3
724,-1.8102556384689368,0.7371937230743794,0.38,TD3
725,-1.7225365974672664,0.782175170526137,0.39,TD3
726,-1.5830853460663548,0.8933271214767232,0.45,TD3
727,-0.9882130459340018,0.9800970324270429,0.45,TD3
728,-1.785500917035425,0.8614095240516361,0.34,TD3
729,-1.2881897220864926,0.9307447173428893,0.35,TD3
730,-1.9103321986527098,0.7643061550812026,0.4,TD3
731,-1.7556471427137597,0.8829509951527765,0.37,TD3
732,-1.8429772747976485,0.8329201614327622,0.39,TD3
733,-2.390633203809714,0.6769897519210832,0.3,TD3
734,-2.5817855026501837,0.6547844374079734,0.32,TD3
735,-1.5639675952622654,0.864062852414989,0.37,TD3
736,-1.9563459738872657,0.6827881129331435,0.32,TD3
737,-1.9916289129169984,0.7131275933937664,0.42,TD3
738,-1.5789805782002693,0.9170839984652456,0.36,TD3
739,-1.6284823232291419,0.8035749089787966,0.32,TD3
740,-1.07389922900594,0.9095710314789872,0.43,TD3
741,-1.9098374684865516,0.8247201396122655,0.27,TD3
742,-1.745393676412236,0.8967674716486305,0.29,TD3
743,-1.669725318783695,0.818539636950191,0.33,TD3
744,-1.7147014576552921,0.7502604035258122,0.42,TD3
745,-1.3092135767270991,0.9050417127255578,0.4,TD3
746,-1.954063729417072,0.8928691877455717,0.26,TD3
747,-1.413332389685011,0.847628704832205,0.33,TD3
748,-1.5047592604059554,0.8958421795003605,0.46,TD3
749,-2.260069309506502,0.6594898836125093,0.3,TD3
750,-1.6100958261454246,0.8063830423096231,0.34,TD3
751,-2.1908959333945113,0.7344571897862988,0.33,TD3
752,-1.5312249582525732,0.8397618716808867,0.44,TD3
753,-1.7136731035901147,0.7229619551732985,0.43,TD3
754,-1.701576154722151,0.9209851992684349,0.4,TD3
755,-1.379693932355064,0.903539870972165,0.43,TD3
756,-0.9576080376747992,1.043142312929631,0.51,TD3
757,-1.4143439637395476,0.800059593410069,0.41,TD3
758,-2.639121097549252,0.7391286698019439,0.32,TD3
759,-1.6962634156801757,0.76858447621598,0.38,TD3
760,-1.532094022746626,0.9915887871169141,0.34,TD3
761,-1.6979876732180623,0.7623032855250669,0.37,TD3
762,-1.6396677659587722,0.875607203977162,0.38,TD3
763,-1.5004951356474587,0.8082208949549883,0.36,TD3
764,-2.0854955465843243,0.8230301781718677,0.43,TD3
765,-1.9665286945960048,0.6933621570953872,0.31,TD3
766,-1.5724939799053883,0.8125982408410848,0.37,TD3
767,-1.8011492684480188,0.8274030478070807,0.38,TD3
768,-2.7686817081377573,0.8784053797506113,0.4,TD3
769,-1.4849852978710372,0.9154782467067925,0.39,TD3
770,-1.5628768784776346,0.7811005868732802,0.35,TD3
771,-0.916596701174508,0.8331648109078081,0.42,TD3
772,-2.2486104986196036,0.8441281249935736,0.34,TD3
773,-1.7168056414737478,0.8475125221954539,0.32,TD3
774,-2.196681234599044,0.6475385717710854,0.28,TD3
775,-1.4295916142124412,0.8674398575544677,0.4,TD3
776,-1.8528411942005334,0.6242777671297111,0.32,TD3
777,-2.0619970290989507,0.8515651976720341,0.37,TD3
778,-1.8577417429588134,0.9486673049182707,0.39,TD3
779,-2.0460397254288596,0.7589284836618265,0.36,TD3
780,-1.8547480352185515,0.8056073841428311,0.4,TD3
781,-1.485247337702277,0.9738422321295934,0.4,TD3
782,-1.7078822153127422,0.9319964460511574,0.37,TD3
783,-1.1017584978352444,0.8973565916828657,0.4,TD3
784,-1.769039586526374,0.8286166004335475,0.38,TD3
785,-2.1028855936497397,0.7639512430103383,0.32,TD3
786,-1.6496414924757845,0.8823302818327757,0.33,TD3
787,-1.4441868308800978,0.8079855804446943,0.38,TD3
788,-1.9355178693583883,0.7296324344593854,0.35,TD3
789,-1.3135633137498908,0.9272200941166159,0.44,TD3
790,-1.6211182235926227,0.8893653553365116,0.37,TD3
791,-1.618743942509643,0.8284742442714743,0.4,TD3
792,-1.7098383407915463,0.8578297162454688,0.36,TD3
793,-1.0735946765305266,0.8973421917852452,0.39,TD3
794,-1.9729512405828005,0.7514102581174517,0.35,TD3
795,-1.2047457797935566,0.9175270020960036,0.44,TD3
796,-1.6333302161266638,0.7437791097426572,0.36,TD3
797,-1.2335509328578624,0.8519355614099681,0.46,TD3
798,-2.123063377434472,0.7840255222542027,0.32,TD3
799,-1.7854682973725773,0.7692389096725347,0.33,TD3
800,-1.5002441333223289,0.8365228152017999,0.42,TD3
801,-1.6086829680486527,0.8152792723524378,0.34,TD3
802,-2.4441540817861114,0.6432903397157977,0.3,TD3
803,-1.7566723941008777,0.750897175620629,0.38,TD3
804,-1.79245060195512,0.7326696162079729,0.4,TD3
805,-1.5592514176396717,0.7980857949241169,0.36,TD3
806,-1.0665264297018413,0.8879456296762612,0.39,TD3
807,-1.655512962934372,0.9525615750308012,0.34,TD3
808,-1.793992272381944,0.7137373611807044,0.3,TD3
809,-1.343349230252736,0.9251442909981742,0.39,TD3
810,-1.8000290858106904,0.7774684909038424,0.31,TD3
811,-1.9068856036896318,0.8691212936166727,0.32,TD3
812,-1.9139027847365455,0.728765556436332,0.46,TD3
813,-1.3228332380600352,0.8585935657668542,0.47,TD3
814,-0.8779796360166897,1.0191374707274654,0.45,TD3
815,-1.363952033494609,0.8623205043740093,0.39,TD3
816,-1.8275459301897905,0.7376025190498943,0.41,TD3
817,-1.258851788224015,0.954250922009641,0.38,TD3
818,-2.343084550444259,0.7156392738029241,0.35,TD3
819,-1.4499976570099358,0.8608476598010237,0.36,TD3
820,-2.3189357842015443,0.7121571177866342,0.33,TD3
821,-1.7234298957285394,0.7923690490844669,0.31,TD3
822,-1.3679378255747279,0.8658337177675306,0.38,TD3
823,-1.876788043750524,0.9949665775877734,0.41,TD3
824,-2.0549878623636233,0.7561343144256655,0.33,TD3
825,-1.6972358741855222,0.7862469611918013,0.38,TD3
826,-1.957640730824729,0.9839052886157639,0.4,TD3
827,-1.0019743951862312,1.048313016264249,0.48,TD3
828,-2.2483350952473637,0.7245174190726363,0.27,TD3
829,-1.56269533899827,0.8722843739219883,0.37,TD3
830,-2.0441656565661166,0.7782960326944949,0.37,TD3
831,-1.6657850447035156,0.9453751365533598,0.42,TD3
832,-1.7143140175354767,0.8514786647784338,0.35,TD3
833,-1.2201499594108638,0.868051149878073,0.51,TD3
834,-1.2990786274152273,1.0017219493931686,0.42,TD3
835,-1.2913566223431274,0.9170771815364561,0.42,TD3
836,-1.5207656207991662,0.8793372468690105,0.39,TD3
837,-1.6932611189237745,0.8269402366890448,0.35,TD3
838,-1.6095739311929567,0.6751635734584375,0.49,TD3
839,-1.932068936025599,0.8434466870144207,0.36,TD3
840,-1.7721497212487418,0.7490455215066736,0.41,TD3
841,-2.0800025844166843,0.8904360242261937,0.36,TD3
842,-1.4960194314234299,0.9306764517799969,0.36,TD3
843,-1.0422903706229976,0.8648197180514678,0.37,TD3
844,-1.6422748959651268,0.6748498941996895,0.39,TD3
845,-2.1501593407820945,0.7244443378040158,0.33,TD3
846,-1.562295253870963,0.8635427868529052,0.38,TD3
847,-1.6306400487866872,0.8558550415346338,0.32,TD3
848,-1.554914161225222,0.898309030388661,0.32,TD3
849,-1.31923605753567,1.0056920409780954,0.41,TD3
850,-1.6850197192886682,0.826601429229403,0.39,TD3
851,-1.230342720337817,0.8826132951024935,0.41,TD3
852,-1.703182197166747,0.9479288982252888,0.35,TD3
853,-1.577789213813648,0.6858651808273071,0.38,TD3
854,-1.7070430910223857,0.6593982106704266,0.42,TD3
855,-1.8676384973672677,0.8520938096681593,0.39,TD3
856,-1.2449249305955608,0.935336079604078,0.4,TD3
857,-1.2001864163575222,0.8860998701970125,0.44,TD3
858,-1.809419517954045,0.8245817447814103,0.39,TD3
859,-1.958762719210994,0.7115511397360528,0.4,TD3
860,-1.7108147540731704,0.7603087042842198,0.36,TD3
861,-1.75488621516644,0.6590164582554131,0.38,TD3
862,-1.6186314662286514,0.9249418609094403,0.38,TD3
863,-1.4612309691921794,0.9372566657956337,0.34,TD3
864,-1.2156616700643106,0.953104754637899,0.44,TD3
865,-1.9553825115586574,0.842852039433719,0.27,TD3
866,-1.3068201157681836,0.7676369429089,0.43,TD3
867,-1.8150548848034918,0.8275939888171762,0.41,TD3
868,-1.5584116169033353,0.8123124627699599,0.45,TD3
869,-1.4549032282712793,0.8509574501207863,0.41,TD3
870,-1.7010634298346339,0.7121264725441919,0.36,TD3
871,-1.6351649947511415,0.785539049378975,0.38,TD3
872,-1.9734737934380824,0.8549499384398115,0.32,TD3
873,-1.7495259250593782,0.886399803404835,0.41,TD3
874,-1.8624239641859497,0.7726139685586201,0.34,TD3
875,-1.813687584958584,0.7235484423870152,0.39,TD3
876,-1.1903339491238873,0.9829095859777933,0.51,TD3
877,-1.7916102024345764,0.7832613326802575,0.37,TD3
878,-1.360659827470438,0.7822017032026157,0.38,TD3
879,-1.3294415987098984,0.9093365761855121,0.33,TD3
880,-1.820409341997965,0.6712456067721692,0.38,TD3
881,-1.031048019717553,0.8276592883129453,0.39,TD3
882,-2.0730961946050415,0.7905307514624608,0.41,TD3
883,-1.8115375413487078,0.7327006848558335,0.4,TD3
884,-1.4467692897211055,0.8660494169338044,0.43,TD3
885,-1.9630240706384148,0.7555661476373102,0.39,TD3
886,-1.636685933103712,0.8331813746484527,0.42,TD3
887,-1.4840268089160773,0.7567886512658759,0.33,TD3
888,-1.9661563165551446,0.6233291050277902,0.36,TD3
889,-1.6510236712514137,0.7427785141517671,0.35,TD3
890,-1.5382146362605014,0.8709227259282468,0.34,TD3
891,-1.549028669886818,0.9295754855526626,0.38,TD3
892,-1.5067381152174217,0.7814785376278438,0.38,TD3
893,-1.8849278000171916,0.8613568214280873,0.35,TD3
894,-1.6618018016235883,0.894779278053312,0.35,TD3
895,-1.7870386895629142,0.732456578158741,0.4,TD3
896,-1.7254686815856397,0.7602969199085667,0.4,TD3
897,-1.3927733093439851,0.854035883840438,0.43,TD3
898,-1.2445415096025159,1.0298875332677502,0.29,TD3
899,-1.7713565610131843,0.8581176036168143,0.37,TD3
900,-1.801182045114083,0.7549163851287568,0.3,TD3
901,-1.8174872002918163,0.685628844746642,0.38,TD3
902,-1.7124425025508798,0.7838974453861156,0.4,TD3
903,-1.4121752812188644,0.8032430862253794,0.41,TD3
904,-1.7092921651734108,0.7673395802684796,0.42,TD3
905,-1.4348534069412722,0.9367589159983437,0.37,TD3
906,-1.5945146610065322,0.8991714898017231,0.36,TD3
907,-1.7114146067433051,0.6496519763005517,0.37,TD3
908,-1.7481866651212201,0.8518624305631765,0.41,TD3
909,-1.7745553432876284,0.8013457438747644,0.29,TD3
910,-2.0083313780663032,0.8967389791951415,0.37,TD3
911,-1.5963458815386666,0.6778086508811927,0.35,TD3
912,-1.3312702486337447,0.984846451074345,0.4,TD3
913,-1.5260566545801393,0.9187742222618597,0.45,TD3
914,-1.5701052325474207,0.7212947020469528,0.34,TD3
915,-1.9799528594245164,0.5566130472721191,0.37,TD3
916,-2.079617986661434,0.6944342469658565,0.36,TD3
917,-1.1055879971666973,0.8897163782273908,0.43,TD3
918,-1.5235376378990555,0.7978123264345878,0.47,TD3
919,-2.492308488730413,0.6796989483285174,0.32,TD3
920,-1.1050069786310714,1.1110269477537988,0.45,TD3
921,-1.7391065576699816,0.8889782740093274,0.42,TD3
922,-1.6163380917427894,0.8170719991328309,0.43,TD3
923,-1.6591936262081277,0.8597068179606987,0.42,TD3
924,-1.75096900781172,0.821542552774869,0.37,TD3
925,-1.0647060937320234,0.9004168687669798,0.37,TD3
926,-1.8307400309714006,0.7907150031027338,0.36,TD3
927,-0.9708733259942923,1.0504894186393572,0.45,TD3
928,-1.561201125550784,0.785528921939537,0.35,TD3
929,-1.8636071741157687,0.7261610817627073,0.34,TD3
930,-1.0462581613676967,0.9157555332140456,0.4,TD3
931,-1.626282696217071,0.7791150811682607,0.37,TD3
932,-0.7185141478852313,1.0699404659597034,0.48,TD3
933,-1.7025454461251,0.6896901491962981,0.35,TD3
934,-1.6883597339877554,0.7813151391770173,0.39,TD3
935,-1.8116133841662787,0.6709282377042807,0.42,TD3
936,-1.824805840249602,0.7802485169432951,0.31,TD3
937,-1.561450020819949,0.7358250427948839,0.44,TD3
938,-1.2543157581456852,0.8151510109868549,0.44,TD3
939,-2.3541112783186082,0.7204220353650753,0.35,TD3
940,-1.3312884272713075,0.8938057960240253,0.5,TD3
941,-1.513874435922839,0.9321154354829579,0.44,TD3
942,-2.1784521990345267,0.7981793942560687,0.41,TD3
943,-1.0734909264420873,1.0108233804309583,0.44,TD3
944,-1.097567555140643,0.8511937287127318,0.47,TD3
945,-1.4830831791603,0.896572109454429,0.39,TD3
946,-0.9291288973862507,1.0479000117252888,0.44,TD3
947,-1.9450409384570617,0.7434361450682486,0.38,TD3
948,-1.9775541068631681,0.7432112238745787,0.36,TD3
949,-1.1220203070676709,0.975754016922878,0.41,TD3
950,-2.1486792090088787,0.6621658014878986,0.31,TD3
951,-1.5041318747910262,0.7647175817206631,0.4,TD3
952,-1.571529688799834,0.8148459225179431,0.42,TD3
953,-1.7213107787116126,0.8436546642386561,0.39,TD3
954,-1.2078175156954274,0.8613328333637784,0.39,TD3
955,-2.14412401997504,0.7494713405548137,0.35,TD3
956,-1.575619564336699,0.8449020463323133,0.31,TD3
957,-1.7179741471685694,0.6482471932044267,0.36,TD3
958,-1.0738998729590223,0.8641067261278417,0.39,TD3
959,-1.0575933248891014,0.91328877309046,0.45,TD3
960,-1.21899393471865,0.7791545727546233,0.42,TD3
961,-1.5280021831080992,0.8683325530879665,0.44,TD3
962,-1.7877609639400194,0.6599767929034726,0.38,TD3
963,-1.5430308432686233,0.8735829310079981,0.35,TD3
964,-1.4428965159144225,0.8229839408529659,0.39,TD3
965,-2.1866833980351625,0.7858138613538455,0.39,TD3
966,-1.181911971377608,0.8758709997483207,0.49,TD3
967,-1.2363819223942354,1.0407058453821016,0.45,TD3
968,-1.6686096793243315,0.8132243153337481,0.4,TD3
969,-1.452861265688564,0.8291780552531621,0.44,TD3
970,-1.2817953691167725,0.9358874136297402,0.44,TD3
971,-1.5244771520315743,0.8110743443026166,0.39,TD3
972,-2.0233356939000915,0.9234980299117672,0.4,TD3
973,-1.696314442526449,0.8023532443719006,0.34,TD3
974,-1.3866139601650702,0.8308597044491988,0.45,TD3
975,-1.739724245716853,0.8432636822874302,0.37,TD3
976,-1.8882483596986122,0.651253025977822,0.41,TD3
977,-1.5627403713181036,0.7770038460399615,0.36,TD3
978,-1.2267828689015539,0.9156172062590425,0.44,TD3
979,-1.5885048878364625,0.8830711201245854,0.43,TD3
980,-1.767656071737436,0.8194041320294541,0.42,TD3
981,-0.994858263831787,1.0281533405906211,0.45,TD3
982,-1.3806997143464799,0.8623530291723407,0.43,TD3
983,-1.7427844367804692,0.908329611005758,0.39,TD3
984,-1.5542678353755819,0.7833255552139765,0.41,TD3
985,-1.5092410967174865,0.8341985523493246,0.42,TD3
986,-1.239480126183671,0.8159023263726006,0.43,TD3
987,-1.5085788713637618,0.8219512847174266,0.41,TD3
988,-2.1166933957111134,0.7297051436334037,0.39,TD3
989,-1.1284713444146208,0.8050705175965414,0.48,TD3
990,-1.4329654251294652,0.9189953977686123,0.38,TD3
991,-1.5837477248635963,0.835859577460104,0.38,TD3
992,-1.6600071524595603,0.8787809220591205,0.43,TD3
993,-1.6294112032900734,0.7872284902819168,0.46,TD3
994,-1.6848346647695107,0.7642747457694071,0.45,TD3
995,-2.2580507951219926,0.7491301534063587,0.28,TD3
996,-1.540768256109584,0.823671009053302,0.43,TD3
997,-1.403215604249536,0.7985068058434314,0.38,TD3
998,-1.7762664419564542,0.7548181756384438,0.38,TD3
999,-1.1803375307914123,0.9048342257488124,0.43,TD3
1000,-1.896428616503303,0.665231646208237,0.35,TD3
1001,-0.8116915760761352,0.8679945137224346,0.49,TD3
1002,-1.9146205162460002,0.6149851060403655,0.35,TD3
1003,-1.5237552595520376,0.859150387947586,0.44,TD3
1004,-0.994255214031008,1.0439592791884014,0.48,TD3
1005,-1.1962963648505325,0.981808636065974,0.4,TD3
1006,-1.1440661094197266,0.9041355648466061,0.48,TD3
1007,-1.7705840610537433,0.5875083162455255,0.34,TD3
1008,-1.2403296510583335,0.9303424427598981,0.43,TD3
1009,-1.6280823241942586,0.9307607661868673,0.32,TD3
1010,-1.496680660210547,0.7515629017121648,0.38,TD3
1011,-1.5071059495068087,0.897832268416036,0.39,TD3
1012,-1.0756730591855528,0.809138944563183,0.44,TD3
1013,-1.2557098130103397,0.8832012481621913,0.44,TD3
1014,-1.983777687153227,0.6032494535294797,0.4,TD3
1015,-1.7544579880158944,0.834611424897142,0.35,TD3
1016,-2.2732194240619124,0.7250218254517317,0.33,TD3
1017,-0.9900412439805746,0.878531204050578,0.45,TD3
1018,-1.490524275783339,0.8693362669982023,0.43,TD3
1019,-1.5774056118602657,0.6627207892242213,0.38,TD3
1020,-1.7128199343411075,0.6761825462271583,0.31,TD3
1021,-1.3145284996828301,1.0066446041756967,0.39,TD3
1022,-2.167244712524314,0.7934207385565191,0.44,TD3
1023,-1.0190790855410592,0.8433451006607414,0.41,TD3
1024,-1.129773289444746,0.9968208940676724,0.45,TD3
1025,-0.928793826615525,1.0712856811652944,0.46,TD3
1026,-1.4534069961315235,0.7314717380529094,0.43,TD3
1027,-1.5171011442306235,0.7559331068755364,0.4,TD3
1028,-0.9161295291188155,1.0217800244976964,0.46,TD3
1029,-1.6314778695890235,0.7515748539239084,0.38,TD3
1030,-1.6386272762028387,0.8533463127644271,0.41,TD3
1031,-1.66181888558303,0.8143378745533871,0.37,TD3
1032,-1.362633684923192,0.9429223644024626,0.45,TD3
1033,-1.040529838663143,0.9594460513905642,0.36,TD3
1034,-0.9571337988142045,0.8746429376911639,0.55,TD3
1035,-1.8266600146382874,0.8271365174663206,0.36,TD3
1036,-1.1061523295224385,1.0076527044374821,0.42,TD3
1037,-1.5112443283027497,0.7967270272863642,0.43,TD3
1038,-1.376337294866898,1.0261668723188508,0.45,TD3
1039,-1.8641360653755936,0.8633938274869061,0.36,TD3
1040,-1.5684755354185125,0.7919018754306945,0.31,TD3
1041,-1.3102408134580947,0.811470922048094,0.4,TD3
1042,-1.4324033613960439,0.8535334661717484,0.39,TD3
1043,-1.3316454730018756,0.8753920009022038,0.41,TD3
1044,-1.4520996866651226,0.8626872639582878,0.39,TD3
1045,-1.5084288325507453,0.7740323139958925,0.41,TD3
1046,-1.4067196775671673,0.8966768505967841,0.44,TD3
1047,-1.419922429441888,0.8762595839414692,0.36,TD3
1048,-1.3577818270800515,1.0518219296647102,0.38,TD3
1049,-1.7676459446479138,0.7809534452940049,0.36,TD3
1050,-1.777994697755497,0.7761828370408118,0.41,TD3
1051,-1.450839666519896,0.8014081205705348,0.4,TD3
1052,-1.2399565129554369,0.9875205679286871,0.47,TD3
1053,-1.9175468568484306,0.6862986743099019,0.33,TD3
1054,-1.3240646451584646,0.7760702830383411,0.43,TD3
1055,-1.1834411591358058,0.944414209493009,0.42,TD3
1056,-1.4331048771673582,0.7965237786439182,0.51,TD3
1057,-2.041275343620639,0.7485332053981455,0.34,TD3
1058,-1.0694977078829124,0.9034063613059179,0.48,TD3
1059,-1.4205791751452526,0.8948813128315811,0.39,TD3
1060,-1.1632251095320214,0.8739291956773476,0.41,TD3
1061,-1.1984345154705474,0.8922674768439621,0.49,TD3
1062,-0.9823253956494408,0.994483313030534,0.44,TD3
1063,-1.3297415952016918,0.7999214576332377,0.44,TD3
1064,-1.710898119643562,0.7294630522975409,0.3,TD3
1065,-1.400542597213866,0.917838151720279,0.37,TD3
1066,-1.853638664726503,0.8059980835506606,0.4,TD3
1067,-1.0819875915217072,0.9100979037499178,0.49,TD3
1068,-1.603900098303491,0.7470161377044973,0.39,TD3
1069,-1.3464095101709503,0.8625156669451906,0.39,TD3
1070,-1.5203365607198567,0.8107493009014342,0.43,TD3
1071,-1.4145007138268784,0.9348118740024556,0.42,TD3
1072,-1.2606508751086867,0.8077879322242667,0.42,TD3
1073,-1.0575906323076172,0.8776606861311937,0.47,TD3
1074,-2.043935961364417,0.7278259532535704,0.3,TD3
1075,-1.3785464320527794,0.7921817215264801,0.48,TD3
1076,-1.589128433986092,0.6698305961135401,0.42,TD3
1077,-1.6465666868017896,0.7211831052328544,0.36,TD3
1078,-1.3651570993447482,0.839922397100512,0.41,TD3
1079,-1.2578443263289225,0.8889723589826046,0.42,TD3
1080,-1.1465165653609717,0.756050073097759,0.5,TD3
1081,-1.4999995869583356,0.7010480052869761,0.47,TD3
1082,-1.3474596616907268,0.7877201166591539,0.41,TD3
1083,-1.6124879301143733,0.8777459253104223,0.43,TD3
1084,-1.654352677113407,0.7720491425014302,0.45,TD3
1085,-1.7111818588435121,0.7590504361896738,0.32,TD3
1086,-1.8054239822695834,0.8580357946357228,0.38,TD3
1087,-1.3978575047492665,0.7320608147540334,0.42,TD3
1088,-1.9387215884859685,0.8005460679145849,0.37,TD3
1089,-1.7813917324557644,0.8287834374417234,0.4,TD3
1090,-1.5192485662848674,0.757686774735073,0.41,TD3
1091,-0.9926483739310794,0.735961701911089,0.47,TD3
1092,-1.1966638935417053,0.8971578953082028,0.47,TD3
1093,-1.832923537761917,0.5962298031092594,0.38,TD3
1094,-1.3732103373882334,0.8610880059878404,0.45,TD3
1095,-1.5417205021247498,0.7619989382017667,0.44,TD3
1096,-1.6928552741815566,0.8851795463036359,0.35,TD3
1097,-1.3373531237776712,0.8842516056206297,0.46,TD3
1098,-1.1774078208886225,0.7678046156585026,0.5,TD3
1099,-1.5394603305058967,0.784420677315277,0.4,TD3
1100,-1.5409875043690888,0.7749553015935402,0.4,TD3
1101,-1.5378615493226278,0.9177247031901795,0.36,TD3
1102,-1.2955235296612133,0.8926451672780877,0.49,TD3
1103,-1.2372561301660374,1.0265248336550845,0.43,TD3
1104,-1.4343915884012635,0.9009147876328377,0.43,TD3
1105,-1.175498762665118,0.8295016354142447,0.44,TD3
1106,-1.862253521287644,0.992837903416576,0.35,TD3
1107,-1.4619508552327571,0.7984190084444828,0.38,TD3
1108,-1.5407653838699948,0.7515831393522632,0.32,TD3
1109,-1.4947903669132194,0.8574537085732075,0.39,TD3
1110,-1.2946709155353733,0.6723730714995285,0.4,TD3
1111,-0.5470703473614491,1.097651104160865,0.53,TD3
1112,-1.2826418453524917,0.8220776920728771,0.38,TD3
1113,-1.3849362436594828,0.9422903790408825,0.46,TD3
1114,-1.7479167303983862,0.7722804486450289,0.4,TD3
1115,-0.8517182619293577,1.0571859266660908,0.47,TD3
1116,-1.3834183686805122,0.9412386721358986,0.39,TD3
1117,-1.2458053807938159,0.8749668943444161,0.43,TD3
1118,-1.0593602382279403,1.0167452517252387,0.37,TD3
1119,-1.886832959433818,0.7744843828795824,0.36,TD3
1120,-1.2210685379919008,0.7738673172658896,0.39,TD3
1121,-1.6121947123577427,0.8294680784804622,0.42,TD3
1122,-1.5391359175448909,0.8154632911094855,0.39,TD3
1123,-1.650550166078426,0.7552317185056521,0.4,TD3
1124,-1.1665138675201372,1.0378288731541163,0.38,TD3
1125,-1.5069544223230391,0.5736732582419386,0.4,TD3
1126,-1.0132015159216161,0.8219099228632628,0.49,TD3
1127,-1.48655227057324,0.8661906891059077,0.4,TD3
1128,-1.6412333903358771,0.7251495159675909,0.38,TD3
1129,-0.7579584722904464,1.0996699785433959,0.4,TD3
1130,-2.1916003286402996,0.7237794792559171,0.32,TD3
1131,-1.0065364581426757,0.7728889110935805,0.41,TD3
1132,-1.0700458849786196,0.844499096983266,0.44,TD3
1133,-1.479437873090712,0.7292211739825012,0.34,TD3
1134,-1.1450424572319151,0.9091164871104724,0.38,TD3
1135,-1.3430972180267284,0.7514933489229062,0.37,TD3
1136,-1.6188662629881807,0.8912237622582286,0.37,TD3
1137,-0.7558679305592778,0.983021380101245,0.5,TD3
1138,-1.3414663877957897,0.7442592201069079,0.46,TD3
1139,-1.7040958122259824,0.7689846817418332,0.39,TD3
1140,-1.4019621005228096,0.7712911147142922,0.36,TD3
1141,-1.2663472171410164,0.8807640681209752,0.37,TD3
1142,-1.0907445931969701,0.7673116193074633,0.46,TD3
1143,-1.7299055145914344,0.775441295919063,0.4,TD3
1144,-1.923513105338649,0.552956756627422,0.33,TD3
1145,-1.757654317027923,0.6398548583289851,0.42,TD3
1146,-1.6940829269434021,0.7533567063104037,0.41,TD3
1147,-1.9632181240476028,0.6373818948268752,0.36,TD3
1148,-0.7041272058491707,1.1268153688140823,0.47,TD3
1149,-1.9472317801049033,0.7289577805557705,0.31,TD3
1150,-1.7899979080368684,0.7511287304414301,0.3,TD3
1151,-1.434228688450702,0.8872973257915128,0.44,TD3
1152,-1.4334290326458683,0.7537047879386342,0.46,TD3
1153,-0.976569097375672,0.8586906659669554,0.47,TD3
1154,-2.1169321277005873,0.7775786222271844,0.34,TD3
1155,-1.6713978018838658,0.8692476903711427,0.4,TD3
1156,-1.387178609754393,0.7093166723096566,0.41,TD3
1157,-1.6883372654799351,0.7603428680755665,0.35,TD3
1158,-1.5513596221730177,0.7194994420945138,0.38,TD3
1159,-1.702585684477447,0.5848777770406179,0.46,TD3
1160,-1.2169811807752027,0.9456434276819047,0.38,TD3
1161,-0.685531374976674,0.9439313142461191,0.49,TD3
1162,-1.2905671043176357,0.9745402122139126,0.43,TD3
1163,-1.4628693043309395,0.8185004114790427,0.41,TD3
1164,-1.3337774181612678,0.8720431520502497,0.36,TD3
1165,-1.7122879018985975,0.7500110369587091,0.45,TD3
1166,-1.2933589635206137,0.9560200170112396,0.42,TD3
1167,-1.9076830664203184,0.6380048120499899,0.36,TD3
1168,-0.9804850609328151,1.0265848207634045,0.47,TD3
1169,-0.9593771611362013,0.8634141699469557,0.46,TD3
1170,-1.3488766850183882,0.8802727007042893,0.38,TD3
1171,-1.1461164759728109,0.9478558567305676,0.45,TD3
1172,-1.3946511095217065,0.6488198147550733,0.42,TD3
1173,-1.3234347184544757,0.8698384615431755,0.4,TD3
1174,-1.4764755092914845,0.8031816605249095,0.41,TD3
1175,-1.4332661721184023,0.8371287710319727,0.32,TD3
1176,-1.531782338456745,0.8227483028749458,0.45,TD3
1177,-1.490236936364736,0.736098087489379,0.4,TD3
1178,-1.5996401845668091,0.7769486890896914,0.39,TD3
1179,-1.2230901003004984,0.8555625881611431,0.4,TD3
1180,-0.8674279401040524,0.962793463765754,0.46,TD3
1181,-1.4965445702690032,0.8179358284954591,0.43,TD3
1182,-1.3270012644935687,0.6418154919530886,0.34,TD3
1183,-1.3928586996292394,0.8056757633827728,0.41,TD3
1184,-1.9929612259522747,0.6492624429004878,0.31,TD3
1185,-1.1516693546965187,1.0248013335225081,0.41,TD3
1186,-1.1898221692651314,0.7671086372808893,0.49,TD3
1187,-1.0907698888933184,0.990176796758567,0.42,TD3
1188,-1.427526289048449,0.7525158204076624,0.5,TD3
1189,-1.6207981840187642,0.8228036458473469,0.47,TD3
1190,-1.0217215848408703,0.975789874688516,0.49,TD3
1191,-1.898568590362362,0.7367987147777404,0.35,TD3
1192,-1.2141126596253706,0.7532683946051203,0.44,TD3
1193,-1.2536943028779017,0.8935835547159379,0.36,TD3
1194,-0.6677155663644443,0.9539128959922384,0.5,TD3
1195,-1.6285679498190135,0.8938669590415594,0.36,TD3
1196,-1.4656508119571907,0.7190604779466174,0.39,TD3
1197,-1.3030251542972664,0.9054347036718304,0.46,TD3
1198,-1.1553315623727132,1.0094175331762276,0.43,TD3
1199,-1.0376578997326187,0.7512634881213188,0.41,TD3
1200,-1.291124097838558,0.6772823713695246,0.37,TD3
1201,-1.3335711627444347,0.8218470855095148,0.37,TD3
1202,-1.7456986945695863,0.7913187415543583,0.38,TD3
1203,-1.0305558957094554,1.0077113464908078,0.46,TD3
1204,-1.36472137721796,0.7309277568935877,0.45,TD3
1205,-1.0771808355893888,0.9290183247792243,0.49,TD3
1206,-1.1495714677072761,0.8863175862348992,0.44,TD3
1207,-1.3163548282750281,0.7781153017435112,0.41,TD3
1208,-1.719222373749283,0.6721890011834191,0.42,TD3
1209,-0.6564265823549227,0.8482208553205368,0.5,TD3
1210,-1.5565151722210913,0.9061720164057667,0.45,TD3
1211,-0.8095875492413301,1.0337501629829247,0.5,TD3
1212,-0.9091014748164261,0.9846408611760934,0.42,TD3
1213,-1.4843058953461687,0.7378289800935263,0.39,TD3
1214,-0.9753793516265427,0.8688990380116997,0.52,TD3
1215,-1.3907473219599944,1.0874902347243853,0.45,TD3
1216,-1.1812195412095021,0.870671255494089,0.46,TD3
1217,-0.44293251076165907,0.9709653832889004,0.55,TD3
1218,-1.5118787796861353,0.8560950255506548,0.38,TD3
1219,-0.8620185562442831,0.8886059976934338,0.44,TD3
1220,-1.557619380932037,0.7537312721015068,0.43,TD3
1221,-1.5877296772800111,0.7526071158523989,0.44,TD3
1222,-1.8372292141028825,0.7436988356756682,0.41,TD3
1223,-1.5537385202718696,0.7335043034026941,0.47,TD3
1224,-1.8424271648496404,0.7007733071030974,0.35,TD3
1225,-1.0584120814892577,0.8327679964396286,0.46,TD3
1226,-1.4208525616660668,0.6519581761152277,0.38,TD3
1227,-0.9406404898958036,0.8637029732261639,0.42,TD3
1228,-1.8858278519621612,0.6848978943861525,0.41,TD3
1229,-1.2983863502843611,0.8587560803702621,0.41,TD3
1230,-2.0670932000245945,0.7765334088763907,0.4,TD3
1231,-1.3786965587749498,0.9337935960571662,0.44,TD3
1232,-0.6979932387262004,1.0566674528291922,0.48,TD3
1233,-1.36550151503559,0.7870887351483316,0.42,TD3
1234,-1.0706061066955146,1.0928298940015788,0.47,TD3
1235,-1.9064910335090743,0.6186106177606906,0.33,TD3
1236,-0.9957992265130505,0.7691751159349544,0.49,TD3
1237,-1.1974598996569008,0.6488035505813353,0.47,TD3
1238,-0.8882749354834254,1.0070997774843662,0.42,TD3
1239,-1.2066617824853874,0.8342958226141661,0.46,TD3
1240,-1.0960859865816852,0.8746873546837418,0.42,TD3
1241,-1.5960469133783959,0.7419695660370212,0.42,TD3
1242,-1.074624920089926,0.8711667869128163,0.55,TD3
1243,-1.4455311917024227,0.642686945926507,0.44,TD3
1244,-1.3490338909684443,0.9020847818479067,0.45,TD3
1245,-1.855113441084515,0.7454997655184684,0.41,TD3
1246,-0.9991623285716927,0.9463958736840294,0.5,TD3
1247,-0.9950465974470903,0.906955076868317,0.45,TD3
1248,-2.4261664444729876,0.7235807465576143,0.38,TD3
1249,-1.1919821856945405,0.7969621606653909,0.48,TD3
1250,-1.0218125385751857,0.9526211064817661,0.42,TD3
1251,-1.4299804883994827,0.8556325317660299,0.4,TD3
1252,-1.4246753780188264,0.9491971243045354,0.39,TD3
1253,-1.5681947103446083,0.8393438425840525,0.4,TD3
1254,-1.4314401630973828,0.8067083034664212,0.39,TD3
1255,-1.3767768565319776,0.7861217200117623,0.36,TD3
1256,-1.5064595836860417,0.789451465773983,0.41,TD3
1257,-1.564173561519475,0.815761748818102,0.45,TD3
1258,-1.487003546861256,0.6577575555768403,0.38,TD3
1259,-1.0903707610789009,1.0366897565248154,0.38,TD3
1260,-1.229068448004699,0.8734413467605003,0.42,TD3
1261,-0.8024587787970106,0.9351883542790006,0.46,TD3
1262,-1.0597539304979744,0.868988829840112,0.47,TD3
1263,-1.002307811787058,0.973417451517465,0.46,TD3
1264,-1.5326576203934978,0.742640556169558,0.36,TD3
1265,-0.7681621532504349,0.8993456581228426,0.45,TD3
1266,-1.2367648804625595,0.8263750297040637,0.37,TD3
1267,-1.2924904841134077,0.7904406668005173,0.45,TD3
1268,-1.1204763132234792,0.8426357302236979,0.46,TD3
1269,-1.1968475224093273,0.9859341952129855,0.44,TD3
1270,-1.413673551616109,0.7878790554856355,0.44,TD3
1271,-1.4450587311106,0.850626939342009,0.48,TD3
1272,-1.0348196476372946,0.9708631661592736,0.49,TD3
1273,-1.8135052695055376,0.8906579539527507,0.35,TD3
1274,-1.1903740115747816,0.7705570031593304,0.45,TD3
1275,-1.7169980207165367,0.7706768189522265,0.43,TD3
1276,-1.3061027007753239,0.8803338193167999,0.46,TD3
1277,-1.9805908306842719,0.7766427449215831,0.33,TD3
1278,-0.9189672860351105,0.76770482023788,0.49,TD3
1279,-1.8135808931543513,0.6201087933327151,0.4,TD3
1280,-1.5441405753805018,0.7838939737666919,0.36,TD3
1281,-0.8801147750527117,1.019288715531246,0.54,TD3
1282,-1.1685180332999507,0.9127471600244158,0.43,TD3
1283,-1.4007578287843452,0.764066569328438,0.39,TD3
1284,-1.2330591670643631,0.9281833851904985,0.45,TD3
1285,-1.0084264763163349,0.8685204816115137,0.51,TD3
1286,-0.9437980960304277,0.8535553051515977,0.41,TD3
1287,-1.0734235311398899,0.8275774498677876,0.34,TD3
1288,-1.4254376280788876,0.7900614799582465,0.47,TD3
1289,-1.2104551324419548,0.7948429880979355,0.49,TD3
1290,-0.789542952488522,1.0222569597709552,0.47,TD3
1291,-0.9209614653955458,0.7884831214039256,0.52,TD3
1292,-1.0475230197520238,0.7611036253675824,0.47,TD3
1293,-0.8651827156682009,0.7898727753223538,0.46,TD3
1294,-1.4322373853320942,0.7982674967922577,0.36,TD3
1295,-1.3651144082453905,1.0490474059609074,0.38,TD3
1296,-1.0026569939074752,0.9145234954738699,0.47,TD3
1297,-1.1418783599702522,0.9742517636576808,0.42,TD3
1298,-1.5047223417932276,0.7899408871539747,0.32,TD3
1299,-1.1115084754389493,0.9569037694153512,0.44,TD3
1300,-2.0621769170554414,0.6131976633785138,0.37,TD3
1301,-1.7153724079260018,0.6787004243478392,0.41,TD3
1302,-1.5107304097930978,0.72534629795065,0.44,TD3
1303,-1.6678801675408395,0.6821266750495218,0.41,TD3
1304,-1.8951934188990647,0.6613146583049505,0.31,TD3
1305,-1.0075802613373488,0.9267525166858303,0.45,TD3
1306,-1.153213609968169,0.836642224547991,0.45,TD3
1307,-1.1296455180833622,0.7760547159474188,0.42,TD3
1308,-1.5707963553188522,0.7778775946268042,0.39,TD3
1309,-1.1415164310541366,0.8746732906862452,0.43,TD3
1310,-0.3650736995385789,1.0023768814814478,0.6,TD3
1311,-1.320618327384757,0.8731258965385982,0.4,TD3
1312,-1.0745637154301468,0.8593478375658502,0.52,TD3
1313,-1.6651651405663663,0.746840424690443,0.39,TD3
1314,-1.3370633107791314,0.7412205275935563,0.44,TD3
1315,-1.2848329419285032,0.9047410024764144,0.43,TD3
1316,-0.9412323331049218,1.0004496375175977,0.48,TD3
1317,-1.8264302930270941,0.8221554442621976,0.41,TD3
1318,-1.542900009021469,0.7988910130908417,0.35,TD3
1319,-1.228501207845559,0.7237826244761049,0.4,TD3
1320,-1.2343130792449328,0.8209883014607406,0.48,TD3
1321,-1.4386825292212064,0.7962492902042545,0.4,TD3
1322,-1.3768931851906794,0.7481474607378363,0.47,TD3
1323,-0.9553653478502645,1.0568163534610686,0.42,TD3
1324,-1.3425849960130352,0.8081034419810195,0.46,TD3
1325,-1.2064262576958917,0.7699881571717674,0.43,TD3
1326,-1.1827317848378236,0.8359883068351148,0.47,TD3
1327,-1.4996508232614467,0.8070269698306134,0.32,TD3
1328,-1.3963351615764878,0.8148923539642464,0.43,TD3
1329,-1.5335465478933639,0.8668755784560837,0.42,TD3
1330,-1.3673986102966904,0.9022721315692366,0.36,TD3
1331,-1.127245446671834,0.7737571721425839,0.44,TD3
1332,-1.0995575809203937,1.0075982191019626,0.44,TD3
1333,-0.9238163912550701,0.8682090501723053,0.45,TD3
1334,-0.9520245520662389,0.8326856808249513,0.41,TD3
1335,-1.3642277547443569,0.9737943717084534,0.46,TD3
1336,-1.5592282348861506,0.7530479919360593,0.4,TD3
1337,-0.8036668453081057,1.0075772738437048,0.5,TD3
1338,-1.063673254055218,0.6773121407799176,0.48,TD3
1339,-1.591763929830386,0.6406869270495978,0.33,TD3
1340,-1.6556302493681299,0.7355982774434975,0.45,TD3
1341,-1.2196086401673396,0.8521250533621436,0.44,TD3
1342,-0.9354198798233669,0.8715852536244186,0.53,TD3
1343,-1.6168541955544955,0.8128376399490485,0.39,TD3
1344,-1.1316690112916594,0.9477111643615749,0.51,TD3
1345,-1.3433130149934187,0.7609101011065539,0.43,TD3
1346,-1.3993904723535155,0.8117307855448612,0.49,TD3
1347,-1.8606316610553697,0.7949286150699,0.4,TD3
1348,-1.7194812241586828,0.7017001462478535,0.42,TD3
1349,-0.8798117546159898,0.955653721899481,0.47,TD3
1350,-0.885867140740255,0.9391037110454691,0.5,TD3
1351,-1.3043031802305587,0.9023788622396934,0.43,TD3
1352,-1.7990353452902834,0.8297342588998735,0.4,TD3
1353,-0.6054448545290638,0.9221984271010498,0.57,TD3
1354,-1.2712241037100318,0.8957107038514676,0.36,TD3
1355,-1.0434633668987818,0.8626923399787698,0.49,TD3
1356,-1.1383594741219347,0.7569306709376893,0.55,TD3
1357,-1.371252919933119,0.8402760624947141,0.46,TD3
1358,-1.329958009466452,0.896275721924236,0.44,TD3
1359,-1.6922578797026353,0.7238040932297157,0.36,TD3
1360,-2.0600889406926814,0.7412622382882449,0.36,TD3
1361,-0.7924993898494254,0.918304915368539,0.48,TD3
1362,-1.5680236245967942,0.738529905735354,0.37,TD3
1363,-1.7219747226431688,0.6949420407904063,0.41,TD3
1364,-1.0772978297552211,1.0269841833196778,0.46,TD3
1365,-1.5368368928452634,0.8319523092386428,0.37,TD3
1366,-0.6775564722017853,0.9956592737381882,0.56,TD3
1367,-1.3330931161419444,0.8839172282296407,0.39,TD3
1368,-1.335545058746802,0.9890637114256821,0.34,TD3
1369,-1.9583988834678996,0.776766210093824,0.39,TD3
1370,-1.0864354744178897,0.7927741307844793,0.41,TD3
1371,-1.0943770814306482,0.9060507211230086,0.47,TD3
1372,-1.1457235014164437,0.7668036390259423,0.39,TD3
1373,-0.9526331895619957,0.9438060153679533,0.47,TD3
1374,-0.9306719418113829,0.9112756994330158,0.41,TD3
1375,-0.7482152972358199,1.0291453608473524,0.43,TD3
1376,-1.4901441827915958,0.7984560883145054,0.42,TD3
1377,-1.5339486921096637,0.6268233400061646,0.43,TD3
1378,-1.5980831410462404,0.6969175053911207,0.33,TD3
1379,-1.4713272951981882,0.8564533557339302,0.38,TD3
1380,-1.0730651162053753,0.8775058046626608,0.4,TD3
1381,-1.2418296844239234,0.8365911075367366,0.41,TD3
1382,-1.2055704427097247,0.8396272131007815,0.49,TD3
1383,-1.6314867497729595,0.8208837246794127,0.38,TD3
1384,-1.2353516529204993,0.8377634425407247,0.38,TD3
1385,-1.2502329542511335,0.8584633328338479,0.46,TD3
1386,-0.8117943187577239,1.0033854649422238,0.45,TD3
1387,-1.1838240378742046,0.930011430925991,0.43,TD3
1388,-1.096940503950586,0.7593506007943129,0.44,TD3
1389,-0.9530756240930665,0.9529954654814723,0.55,TD3
1390,-1.4279478420589962,0.7494460539092843,0.43,TD3
1391,-1.2353950709282855,0.7090592816312986,0.48,TD3
1392,-0.7718049118877063,0.9749890900611058,0.46,TD3
1393,-1.3406858478921393,0.8640791768586079,0.41,TD3
1394,-1.648632776723515,0.724004162852456,0.41,TD3
1395,-1.2701479286361406,0.804103405307478,0.49,TD3
1396,-1.0260739712030793,0.8579618210678632,0.36,TD3
1397,-0.4132771314396285,0.9296489834467997,0.58,TD3
1398,-1.5269761262057064,0.7937445163703377,0.49,TD3
1399,-0.9756253117515815,0.8490269216986102,0.48,TD3
1400,-1.44728758856384,0.8414289540278846,0.42,TD3
1401,-1.6100678292892419,0.6006167297080208,0.4,TD3
1402,-1.6836503378243635,0.6875649814538572,0.36,TD3
1403,-1.493749082215565,0.8084133827230384,0.34,TD3
1404,-1.199073346361852,0.8057789032807172,0.5,TD3
1405,-1.1655922471027234,0.7827105544972632,0.5,TD3
1406,-1.2743953165960935,0.8950862100984578,0.41,TD3
1407,-1.2449705769107888,0.8471522239651056,0.4,TD3
1408,-1.3484420322330348,0.8942480796018757,0.43,TD3
1409,-1.3167599640680876,0.7412538848548945,0.39,TD3
1410,-1.3457654507143315,0.7167376148928364,0.45,TD3
1411,-1.4416139729869222,0.7792800557558784,0.4,TD3
1412,-1.2049092814203086,0.8509188637161678,0.4,TD3
1413,-1.4188029925464096,0.9160044304400239,0.41,TD3
1414,-0.9529842351564166,0.871257245809534,0.45,TD3
1415,-1.4604684012267461,0.8054135561881752,0.44,TD3
1416,-1.4952792290457497,0.7893517885093578,0.46,TD3
1417,-1.7792747636351203,0.7009559920151501,0.35,TD3
1418,-0.6383894531491675,0.9566680778351594,0.56,TD3
1419,-0.9751074719458083,0.9338722022366638,0.5,TD3
1420,-1.1399906406526923,0.7585277022528394,0.49,TD3
1421,-0.6890259212942577,0.8554500333394928,0.53,TD3
1422,-1.318779851986993,0.8013177179289533,0.44,TD3
1423,-1.2272690671723552,0.8077727834389665,0.45,TD3
1424,-1.643975237399182,0.7955229091102314,0.47,TD3
1425,-1.1058512694616447,0.7765612301759954,0.47,TD3
1426,-0.8485696619938391,0.9080227861741735,0.5,TD3
1427,-1.6103114508557204,0.6784742469876242,0.43,TD3
1428,-1.1068458350738295,0.7883325893878097,0.49,TD3
1429,-1.1558015449586165,0.8791219787516742,0.45,TD3
1430,-0.9256650921430775,0.9169588246832647,0.56,TD3
1431,-1.17288424430126,0.8689661867689683,0.36,TD3
1432,-1.3895741797359475,0.6997112904027614,0.41,TD3
1433,-1.3304111525534181,0.9901549543247871,0.41,TD3
1434,-1.1306471767875705,0.8809081777541695,0.47,TD3
1435,-0.7377031915245954,0.8411806447324582,0.45,TD3
1436,-1.321426089253956,0.8111330619831527,0.48,TD3
1437,-1.177225678304829,0.9430914997201423,0.46,TD3
1438,-1.614274610555087,0.7963976398807223,0.38,TD3
1439,-1.1143764561851321,0.8051780033795082,0.51,TD3
1440,-1.2571858305176453,0.7830736839167219,0.47,TD3
1441,-0.6690349580856625,0.9097576732970535,0.51,TD3
1442,-0.5966365210905782,0.8714968802865027,0.46,TD3
1443,-0.9908447174628752,0.9297423529780816,0.49,TD3
1444,-1.157766574693314,0.8313887150215379,0.47,TD3
1445,-1.570838855005301,0.6661942184208469,0.38,TD3
1446,-1.8926973887611611,0.6170216485039112,0.34,TD3
1447,-1.4705647828703017,0.8116787754269634,0.4,TD3
1448,-1.3110701595064382,0.7314375867950769,0.44,TD3
1449,-0.7290256080178779,0.9873598598344039,0.47,TD3
1450,-1.1447132784011458,0.8587116458510988,0.45,TD3
1451,-1.084042870908282,0.935048431547326,0.41,TD3
1452,-1.2159860561170506,0.7511781267501231,0.45,TD3
1453,-1.678333947083186,0.7536838424620396,0.33,TD3
1454,-0.9178657396432396,0.9157402643741638,0.48,TD3
1455,-1.1537227262782037,0.9101487640544579,0.42,TD3
1456,-0.6318521507924025,0.8149707286405387,0.45,TD3
1457,-1.3915854553466824,0.7400611386485738,0.48,TD3
1458,-0.6474474633149419,0.9696060705680145,0.53,TD3
1459,-1.2321856257600263,1.0190968194875547,0.41,TD3
1460,-0.9205075451682154,0.9668083076900956,0.47,TD3
1461,-1.1954034216292775,0.8951491260476945,0.45,TD3
1462,-0.6872304957251413,0.8607379716829954,0.47,TD3
1463,-1.2394050992252321,0.7533884147663841,0.48,TD3
1464,-0.9466189959324945,0.907819421183993,0.5,TD3
1465,-0.8574662610026931,0.934961866445901,0.5,TD3
1466,-1.4534210060188755,0.7204456286744858,0.42,TD3
1467,-0.8859873975418521,1.0644602393893268,0.42,TD3
1468,-1.1224144835573784,0.8644417416598009,0.46,TD3
1469,-1.3519832902475637,0.7975421064913626,0.42,TD3
1470,-1.5780797050420694,0.7629312577256657,0.45,TD3
1471,-1.8546593363406123,0.7043140845180935,0.37,TD3
1472,-1.4941222094637434,0.7831031021391907,0.39,TD3
1473,-1.0421182734188068,0.8675814385562091,0.46,TD3
1474,-1.5315954992250547,0.7444083871530295,0.41,TD3
1475,-1.2530370171627911,0.9571822090085559,0.45,TD3
1476,-0.988429503224642,0.8992548336818489,0.43,TD3
1477,-1.448727716484604,0.846076030000977,0.39,TD3
1478,-1.1206284358758296,0.77632300712906,0.47,TD3
1479,-0.9784516786822419,0.8619073021808109,0.47,TD3
1480,-1.4737876860301042,0.7468317012615819,0.48,TD3
1481,-1.3917662214429924,0.8395211504045165,0.34,TD3
1482,-1.0394386310975188,0.896636807530815,0.45,TD3
1483,-1.1269528827889828,0.7550062135649653,0.55,TD3
1484,-1.2639408536916403,0.8539282393494554,0.53,TD3
1485,-1.0283387433744144,0.8533946636320074,0.43,TD3
1486,-0.9061702470072813,0.8421932883355272,0.54,TD3
1487,-1.2278707403899245,0.8577156366759902,0.47,TD3
1488,-1.2844196283827813,0.6839823214900213,0.4,TD3
1489,-1.0743361048184379,0.8550621019548339,0.43,TD3
1490,-1.4452627385894588,0.7069857008452501,0.46,TD3
1491,-1.1384186987414195,0.9580972933336899,0.43,TD3
1492,-1.1860521831536852,0.8500640732480652,0.46,TD3
1493,-0.9631120898629824,0.7348067954433405,0.48,TD3
1494,-1.1258355663830775,1.0293334677719204,0.44,TD3
1495,-1.1487470129634751,0.9241472121318935,0.47,TD3
1496,-1.039674835477452,0.8799990916872588,0.47,TD3
1497,-0.8585994188866709,0.8869011378514421,0.54,TD3
1498,-1.2309299354593726,0.8884031026647828,0.45,TD3
1499,-1.5986567640253992,0.7992727197113015,0.42,TD3
1500,-1.0832248662658785,0.7473562615520157,0.42,TD3
1501,-1.519874023401899,0.6513067143113761,0.37,TD3
1502,-1.6905211392311128,0.6661837072460106,0.39,TD3
1503,-1.5149651638377286,0.7607212831233564,0.37,TD3
1504,-1.9048992806032612,0.8105498077097433,0.37,TD3
1505,-1.2950576872734723,0.841702087837771,0.45,TD3
1506,-0.9278816771882556,0.9836016466915478,0.51,TD3
1507,-0.9187642865477373,0.8143438175654114,0.47,TD3
1508,-1.542922324320678,0.6742250118174578,0.47,TD3
1509,-1.0931230563760033,0.8139738250860329,0.48,TD3
1510,-0.6640989285582051,1.018161200234002,0.48,TD3
1511,-1.1290379725285709,0.8287468730108779,0.46,TD3
1512,-1.0873770450069542,0.8420918178572748,0.42,TD3
1513,-0.6649650544690767,0.9201569839919397,0.5,TD3
1514,-1.0168880001626908,1.0089191378873468,0.41,TD3
1515,-1.067720404493004,0.8211053685044315,0.45,TD3
1516,-1.0575719291722898,0.8742023030382206,0.41,TD3
1517,-1.5669831265302607,0.8994889594513623,0.39,TD3
1518,-1.3097925270544015,0.7588315693930753,0.46,TD3
1519,-1.2324232811918387,0.8655955785176884,0.46,TD3
1520,-1.6116200245513121,0.6567210262733839,0.42,TD3
1521,-1.1866853483974358,0.8479855068137351,0.5,TD3
1522,-1.0956849259949726,0.9584403496509531,0.47,TD3
1523,-1.6172383530557903,0.7900909525330658,0.42,TD3
1524,-0.7753530302516388,0.831622524453037,0.52,TD3
1525,-0.9690585654992943,0.8792345586954481,0.47,TD3
1526,-1.218730730867751,0.8736423531372443,0.44,TD3
1527,-1.2542127933301166,0.8898880336800726,0.46,TD3
1528,-1.2603208331862428,0.8002205949677651,0.38,TD3
1529,-1.143339483461796,0.7577368684036618,0.47,TD3
1530,-0.8573385839362948,0.9548907769232323,0.5,TD3
1531,-0.8817271299959389,0.9073052745421935,0.46,TD3
1532,-1.114761963814318,0.9041505415961691,0.53,TD3
1533,-1.3085410059975648,0.7698052404101569,0.41,TD3
1534,-0.607750674496165,0.8784206125471786,0.52,TD3
1535,-1.2754460532685732,0.7147093620917211,0.44,TD3
1536,-0.9991306192525414,0.84577131518421,0.47,TD3
1537,-0.7347322482054273,0.949266963581929,0.55,TD3
1538,-0.9199162004587038,0.8870429723575985,0.42,TD3
1539,-1.1291787450201354,0.9040433991812736,0.45,TD3
1540,-1.1935135315927528,0.863643782711363,0.42,TD3
1541,-1.5502808218754498,0.670550504179901,0.41,TD3
1542,-1.161065388030781,0.8918591838687745,0.49,TD3
1543,-1.049085222177187,0.87506303413903,0.52,TD3
1544,-0.8211962725727051,0.8867445926597566,0.48,TD3
1545,-1.0820739334066407,0.7756913913158867,0.46,TD3
1546,-0.9140544965228706,0.9019641102764375,0.53,TD3
1547,-0.4926982524343113,0.9631347309584184,0.58,TD3
1548,-1.0657741352399426,0.8190110095789275,0.47,TD3
1549,-1.2364316895184309,0.7900087669246904,0.4,TD3
1550,-1.741739702784225,0.6316802678139771,0.39,TD3
1551,-0.7267636028268066,1.085518766070834,0.51,TD3
1552,-1.66229997023345,0.7606404394186879,0.38,TD3
1553,-0.9581257802701774,0.9033477051215364,0.42,TD3
1554,-0.5902686872205021,1.0098675860689899,0.44,TD3
1555,-1.2290061761897564,0.9422987505175336,0.37,TD3
1556,-1.3759788196944789,0.886312079201144,0.5,TD3
1557,-0.9936548805108297,0.812751238965829,0.44,TD3
1558,-0.7107433329913442,0.8447389413427174,0.52,TD3
1559,-1.09227057062442,0.8494117739991878,0.46,TD3
1560,-1.5562808817313225,0.8122232755101686,0.49,TD3
1561,-0.7116661954499152,1.006732573141369,0.48,TD3
1562,-1.1846055278462675,0.8057128075512753,0.54,TD3
1563,-1.1809123130269408,0.7995681404427637,0.48,TD3
1564,-0.813464458401876,0.8566705630264433,0.5,TD3
1565,-1.1585643034958502,0.8871989862567473,0.48,TD3
1566,-1.1253718400430928,0.7084939900194475,0.5,TD3
1567,-0.8241314763028261,0.796140215660576,0.49,TD3
1568,-0.9044072663168421,0.8928107161903615,0.45,TD3
1569,-1.3055552926726954,0.9118939898649647,0.36,TD3
1570,-1.0816730547014222,0.9661193058206031,0.45,TD3
1571,-0.9530981849767984,0.8815127649631436,0.56,TD3
1572,-1.0496650604924225,0.8586678043984244,0.49,TD3
1573,-0.9943161722836612,0.9965428333674194,0.45,TD3
1574,-1.165953596830933,0.9241852593794221,0.45,TD3
1575,-0.5205660452578826,0.9347760701616376,0.55,TD3
1576,-1.127862080684976,0.8316654928459936,0.45,TD3
1577,-1.577716563159873,0.6652565178550127,0.32,TD3
1578,-1.3995894081443583,0.6725558715173487,0.43,TD3
1579,-1.3511519693298766,0.8447438566244903,0.45,TD3
1580,-1.0106760331332854,0.9425436723016289,0.48,TD3
1581,-0.8384542643678526,0.9497851206134581,0.53,TD3
1582,-0.7666027180592154,0.963115811183984,0.48,TD3
1583,-0.6190459428571456,0.8695622307905089,0.49,TD3
1584,-0.42687423578349887,1.0364471462588645,0.53,TD3
1585,-1.2902520171480765,0.7246915002295914,0.47,TD3
1586,-1.0292893136336243,0.8206908943099036,0.45,TD3
1587,-0.6110229927269516,0.9525114493229978,0.47,TD3
1588,-1.0146646517319964,0.8745305117543741,0.45,TD3
1589,-1.0276954537811729,0.7466806110699266,0.46,TD3
1590,-1.2179693128989626,0.7998690285129726,0.42,TD3
1591,-1.31557808723661,0.8345029161280759,0.46,TD3
1592,-1.5800008947927648,0.6545961042160003,0.37,TD3
1593,-0.9256861632472833,0.752603861679225,0.51,TD3
1594,-1.0256259727592452,0.9043352863800106,0.43,TD3
1595,-1.3158763386773082,0.8303459226298346,0.37,TD3
1596,-0.7521062882805178,0.9009286221256577,0.45,TD3
1597,-1.218538005098945,0.7222627262321363,0.52,TD3
1598,-0.8007608489823546,0.77820276040621,0.5,TD3
1599,-1.1259251689390464,0.7388340581403164,0.48,TD3
1600,-1.130476888676215,0.8412398833177974,0.51,TD3
1601,-0.5505529748919397,0.941300731990637,0.52,TD3
1602,-0.9710022611957551,0.7455118012185352,0.45,TD3
1603,-1.3116641966106275,0.6643589877637313,0.47,TD3
1604,-1.0225304056843125,0.8830072328627447,0.44,TD3
1605,-1.3386472953748674,0.9227221008785103,0.44,TD3
1606,-1.27985896992888,0.8185075220776845,0.36,TD3
1607,-1.0774726775459955,0.853961251368743,0.44,TD3
1608,-0.9187826400302406,0.8658716319376768,0.56,TD3
1609,-0.9017368140845728,0.8416127475379517,0.44,TD3
1610,-1.2081980081586003,0.9173395062142591,0.47,TD3
1611,-1.1445257546092875,0.9256961865336442,0.45,TD3
1612,-0.7094264831770053,0.9064953510822327,0.53,TD3
1613,-1.214296208397702,0.8546894919405357,0.5,TD3
1614,-1.2426554850322447,0.8178176931943593,0.45,TD3
1615,-1.2374069572288597,0.7818292722902846,0.42,TD3
1616,-0.8812207688968704,0.9405695589550815,0.47,TD3
1617,-1.2147911967928238,0.839296790634441,0.42,TD3
1618,-0.9102842578162381,0.8102115237135176,0.46,TD3
1619,-0.99185213749467,0.7917165515605201,0.5,TD3
1620,-1.0877722918251533,0.8197380738066863,0.5,TD3
1621,-0.9515594779260174,0.8684691318211522,0.46,TD3
1622,-0.8818269417613314,1.0574225982696144,0.5,TD3
1623,-0.6915195000244758,0.9919809070106796,0.53,TD3
1624,-1.190223931243925,0.8778078587546777,0.43,TD3
1625,-0.696027221496363,0.8242276864239132,0.59,TD3
1626,-0.8103085872705253,0.9265742532467935,0.44,TD3
1627,-0.9409605051998132,0.9264677658964381,0.48,TD3
1628,-1.140968422169945,0.8087264720795467,0.47,TD3
1629,-1.2572895260796644,0.7786281449501908,0.43,TD3
1630,-1.3826269452054234,0.772063671186207,0.42,TD3
1631,-1.5226119295769722,0.7969171877041421,0.37,TD3
1632,-1.0801413333898031,0.8921418422628843,0.41,TD3
1633,-0.9545912998304706,0.8814808604126267,0.49,TD3
1634,-1.6822516801939285,0.8612067586115498,0.43,TD3
1635,-1.2414252834842185,0.7272400980867065,0.51,TD3
1636,-0.8596653061769627,0.8514787618268226,0.46,TD3
1637,-1.028344163306302,0.7966231421825961,0.4,TD3
1638,-1.0468241371100495,0.8181648561380495,0.49,TD3
1639,-0.8124579067768845,0.9947491167586782,0.45,TD3
1640,-1.189250870238561,0.7850633465467125,0.48,TD3
1641,-1.0213903555809538,0.9470057734609557,0.46,TD3
1642,-1.1744283016550066,0.9411444381227786,0.41,TD3
1643,-1.1341506218123703,0.9502586181619506,0.43,TD3
1644,-1.3504687358480885,0.813554243283146,0.47,TD3
1645,-0.8033308933232339,0.957446249375187,0.44,TD3
1646,-0.5347159099063167,1.1463200933140465,0.48,TD3
1647,-1.2464482071610445,0.7591733188559708,0.46,TD3
1648,-1.099275776085112,1.0755968773497724,0.39,TD3
1649,-0.9488736915594841,0.8024051785571548,0.5,TD3
1650,-1.4589620741883382,0.734862726913306,0.44,TD3
1651,-1.063656232190554,0.9256326677911713,0.45,TD3
1652,-0.46523820823101336,1.0414564068129644,0.57,TD3
1653,-1.26795225299384,0.7351982154020601,0.49,TD3
1654,-1.6082050079899741,0.6444515359348258,0.41,TD3
1655,-0.39177848210750876,0.9711029737003564,0.59,TD3
1656,-0.7800146331887642,0.8930284514282644,0.44,TD3
1657,-0.6332049789650737,0.9451041235050949,0.5,TD3
1658,-0.963364398672784,0.9931331312018878,0.51,TD3
1659,-0.9187891486693834,0.9375360830932435,0.5,TD3
1660,-0.7391668797107078,0.8922885242944747,0.47,TD3
1661,-1.105316766923149,0.8207491174032236,0.46,TD3
1662,-1.025043001022908,0.8171666984400536,0.47,TD3
1663,-1.1903886512327897,0.7706040277798533,0.43,TD3
1664,-0.8250304988409388,0.9305754618347148,0.5,TD3
1665,-0.5650092937070178,1.0076230448174723,0.5,TD3
1666,-0.5005651336550362,0.9040944993810598,0.6,TD3
1667,-1.1909427727654356,0.7131906755085055,0.55,TD3
1668,-1.0308624428292807,0.6624576994655932,0.5,TD3
1669,-1.2843106112778342,0.8775951750207538,0.49,TD3
1670,-1.3143788037035489,0.662871145398073,0.45,TD3
1671,-1.2579678402708723,0.8181440736177936,0.47,TD3
1672,-0.9242494125579068,0.7746531204341147,0.46,TD3
1673,-1.076081008403999,0.9192606127991653,0.48,TD3
1674,-0.7146142539025907,0.9437290402197849,0.5,TD3
1675,-1.1171349142648261,0.6989156501428052,0.49,TD3
1676,-0.9388784537470282,0.9212079178660556,0.48,TD3
1677,-1.1205212724462041,0.7744871769118593,0.47,TD3
1678,-0.9432179822850343,0.9584538269007022,0.51,TD3
1679,-1.2533169905538823,0.8103642571907277,0.5,TD3
1680,-0.8124939919940353,0.8459252567478198,0.53,TD3
1681,-1.1644255944276403,0.8100316069555221,0.42,TD3
1682,-1.379460990792411,0.8522018384282322,0.42,TD3
1683,-1.0003849137097347,0.8841162947937543,0.5,TD3
1684,-1.2619975167889779,0.7671824401676501,0.45,TD3
1685,-1.0279106736949217,0.779041419196968,0.43,TD3
1686,-1.0439837045961478,0.9520637081675022,0.42,TD3
1687,-1.2436395364441595,0.8199743480267776,0.43,TD3
1688,-1.138159487794275,0.8311892166699556,0.45,TD3
1689,-0.6956975115370604,0.9390509249408886,0.51,TD3
1690,-1.0332136352778216,0.8466710191124365,0.44,TD3
1691,-1.5542939790010655,0.6713431643109221,0.35,TD3
1692,-0.8663804459945607,0.9432077966974589,0.52,TD3
1693,-1.0009250723123677,0.8431747438765305,0.47,TD3
1694,-0.8753441704294872,0.8681380448779578,0.49,TD3
1695,-0.6964479966019212,0.9705834912900186,0.54,TD3
1696,-0.8862237192795708,0.9230911665768667,0.45,TD3
1697,-0.7788428936911624,1.0301623303710914,0.55,TD3
1698,-1.2535411043645106,0.8298032788606353,0.41,TD3
1699,-0.7346901885113034,0.8438259084570984,0.48,TD3
1700,-0.9479569258674276,0.8981386623247479,0.46,TD3
1701,-1.065677885338874,0.9094091542842542,0.41,TD3
1702,-1.428439032571967,0.7747245162979428,0.45,TD3
1703,-0.9099139190201149,1.0135268916747955,0.45,TD3
1704,-0.749046647369774,0.9689155660838463,0.49,TD3
1705,-0.904544450431102,0.9639760063622366,0.46,TD3
1706,-1.6425923148365,0.6684908679457527,0.39,TD3
1707,-1.4600694316382299,0.6974782855020055,0.44,TD3
1708,-0.6431092434340431,0.9352719608636,0.53,TD3
1709,-1.0374803115289972,0.765252026456654,0.43,TD3
1710,-1.2854741891038521,0.7436885068067095,0.43,TD3
1711,-0.8693113900601801,0.8992534863315731,0.56,TD3
1712,-0.7947808034399871,0.9850885342381943,0.49,TD3
1713,-1.494792299817484,0.826352793545703,0.37,TD3
1714,-0.804722621553705,0.9732680007627337,0.48,TD3
1715,-0.6236641760949739,0.8331109690877385,0.56,TD3
1716,-1.2094148476976105,0.7098551265072297,0.45,TD3
1717,-1.0056860713991242,0.8570652608282648,0.43,TD3
1718,-1.1517062322484526,0.6705372995175267,0.47,TD3
1719,-0.7057232354762298,0.9598199286839667,0.5,TD3
1720,-1.2470866196232955,0.6761966023786821,0.53,TD3
1721,-1.1811950167954235,0.8371199052741204,0.47,TD3
1722,-0.7744088356692216,0.9361474034654148,0.5,TD3
1723,-1.1321104419034493,0.8840985729691336,0.49,TD3
1724,-0.7355796733031292,0.8344546550757225,0.41,TD3
1725,-1.1046572924855678,0.8350248460969389,0.49,TD3
1726,-1.2563740204296006,0.853731015499343,0.48,TD3
1727,-1.0618026263940825,0.9485968814796738,0.54,TD3
1728,-0.38991400873607795,1.0970846749007017,0.56,TD3
1729,-1.3211085223457035,0.7306463316504609,0.45,TD3
1730,-1.4455287258899534,0.8425949854714488,0.42,TD3
1731,-1.1150901062512977,0.868226746414384,0.48,TD3
1732,-0.6422545794038208,0.9627770700693532,0.5,TD3
1733,-1.1107778070444054,0.8378642857436656,0.44,TD3
1734,-0.9262324316306675,0.9087375006878499,0.54,TD3
1735,-0.9230811833049266,0.9032577719330271,0.44,TD3
1736,-0.4673759688140122,1.1301796333954386,0.49,TD3
1737,-0.79490009742999,0.8557139016264688,0.45,TD3
1738,-1.1817781903409985,0.6671720197942012,0.46,TD3
1739,-1.6486843227454235,0.6636760558718388,0.44,TD3
1740,-0.38865457489929445,1.0529547167247992,0.55,TD3
1741,-1.490261361111832,0.7576895226089486,0.43,TD3
1742,-0.7100494321688232,0.9276743219593464,0.53,TD3
1743,-0.7325882744348262,0.8719439419163203,0.47,TD3
1744,-0.9748324427442371,0.7046795684640585,0.5,TD3
1745,-0.9931487023382598,0.8158948982420925,0.53,TD3
1746,-1.232686396592818,0.7115810702694296,0.49,TD3
1747,-1.05619707260039,0.6537245941166426,0.52,TD3
1748,-0.3375693370852401,0.942618911948894,0.54,TD3
1749,-1.0233945462023515,0.8956223449980381,0.53,TD3
1750,-0.6745397778536416,1.167537099870682,0.51,TD3
1751,-1.2435776955790998,0.7724224162373754,0.49,TD3
1752,-1.8534889729542723,0.5771939105465723,0.42,TD3
1753,-0.5667358315422715,1.0590833397361912,0.56,TD3
1754,-0.5129936687115412,0.9889045388088047,0.54,TD3
1755,-1.0789495366234767,0.8977291932932614,0.47,TD3
1756,-0.933216777055497,0.8297409266243235,0.49,TD3
1757,-0.8943698686850433,0.9694454952116933,0.48,TD3
1758,-0.7315628801596057,1.0392985069177743,0.53,TD3
1759,-1.0411538083071608,0.7770201211752499,0.49,TD3
1760,-0.8243463816698596,0.8773073210899325,0.54,TD3
1761,-0.8848373889888503,0.8358196636862238,0.59,TD3
1762,-1.0338161957382355,0.7116786296070433,0.56,TD3
1763,-0.8942359268209773,0.8137107066901583,0.49,TD3
1764,-0.7566897597617046,0.8398610968514277,0.47,TD3
1765,-1.2403158868608812,0.8396276626084742,0.47,TD3
1766,-0.9188573062606392,0.8466172295264016,0.48,TD3
1767,-0.7838409683139795,0.8565740595548631,0.55,TD3
1768,-0.8848034326777449,0.8538250661269804,0.59,TD3
1769,-0.948793932317114,0.8196850173716642,0.47,TD3
1770,-1.0992709621065107,0.8752359604398922,0.45,TD3
1771,-1.1435423654203332,0.8031608194896991,0.52,TD3
1772,-0.596804812882765,0.9989425034739903,0.48,TD3
1773,-1.2137064940344426,0.7461069555063198,0.43,TD3
1774,-0.6018773797668576,1.0574071141253334,0.55,TD3
1775,-0.8819007363240776,0.9582865546393486,0.51,TD3
1776,-0.48501118072148286,1.1477194829153219,0.5,TD3
1777,-0.5672591725295644,0.913735869499614,0.5,TD3
1778,-1.0213894228967453,0.8497054565150086,0.49,TD3
1779,-0.38202913471960875,1.0702275680718445,0.51,TD3
1780,-0.5317400333456269,1.0707007161081845,0.57,TD3
1781,-1.0739947253518998,0.9450912285785263,0.47,TD3
1782,-0.4418624573059377,1.1035715969244855,0.58,TD3
1783,-0.9741308570448698,0.8889469667000395,0.54,TD3
1784,-1.4064537095506902,0.7033014355039348,0.42,TD3
1785,-1.2021590973234684,0.8172914821499145,0.48,TD3
1786,-0.7134962962718374,1.0554734670265105,0.5,TD3
1787,-0.8106616631061451,0.8723053891075483,0.51,TD3
1788,-0.9188643042047456,0.8068200613688592,0.51,TD3
1789,-0.7821928889763257,0.8940501786141704,0.54,TD3
1790,-0.991495860281582,0.9190144073911495,0.5,TD3
1791,-0.649078983032109,0.8814988932076773,0.56,TD3
1792,-0.844623597030508,0.8059644922860439,0.52,TD3
1793,-0.7714514397924611,0.9642996047979162,0.55,TD3
1794,-0.7405813598826083,0.9272117562730793,0.52,TD3
1795,-0.7058296997930011,0.8923348746871683,0.47,TD3
1796,-1.014898930612904,0.7682427588102669,0.52,TD3
1797,-0.6333779122881693,0.8692964176816181,0.54,TD3
1798,-0.34534578552228223,1.0426833195313139,0.5,TD3
1799,-0.5645073371651972,0.897735867680929,0.61,TD3
1800,-0.922354434940486,0.9665135836339428,0.52,TD3
1801,-1.0581232214565293,0.853107183153839,0.41,TD3
1802,-0.6309692398035183,0.8041652347619883,0.6,TD3
1803,-0.6281340849080447,0.9840674324059278,0.56,TD3
1804,-1.1589520458542542,0.9311968894564004,0.44,TD3
1805,-0.4676007573083611,0.9374479253620769,0.52,TD3
1806,-0.9183461515222223,0.8730416170726837,0.43,TD3
1807,-0.9247009577622677,0.808152863426511,0.48,TD3
1808,-0.9014231159555373,0.8520263607185005,0.51,TD3
1809,-1.058601664758571,0.7551665280912501,0.44,TD3
1810,-0.6465438581743983,0.9873664870235065,0.51,TD3
1811,-0.8728509265388286,0.8982263360112728,0.47,TD3
1812,-1.0525667820644302,0.8750648965758678,0.5,TD3
1813,-0.8380439312791127,0.9567853759785226,0.53,TD3
1814,-1.0214392610074063,0.789444800287935,0.43,TD3
1815,-1.1797877129878482,0.8476317750966608,0.43,TD3
1816,-1.0095315444197097,0.6696557415405114,0.53,TD3
1817,-0.8580538656123247,0.9582891250545473,0.46,TD3
1818,-0.7188260117187888,0.8892392582185299,0.57,TD3
1819,-0.7178756872294489,0.8930765469378763,0.56,TD3
1820,-0.8964870640272207,0.8472292903379781,0.47,TD3
1821,-1.1242454898035175,0.8825154096169762,0.46,TD3
1822,-0.7287799379396241,0.9241242163837411,0.45,TD3
1823,-0.5113004612671852,1.080839007448529,0.53,TD3
1824,-0.888730355960773,0.9306219484437842,0.44,TD3
1825,-1.0122009549788358,0.7875477471345887,0.45,TD3
1826,-1.0249092602649947,0.8880323849726405,0.49,TD3
1827,-0.6336842456101531,0.8644489281297837,0.52,TD3
1828,-0.7708754542628963,0.8547011903001844,0.55,TD3
1829,-0.917400392840025,0.8727752609088156,0.52,TD3
1830,-1.3354312191819198,0.6730525563030639,0.43,TD3
1831,-0.542636546903261,1.069522810736711,0.56,TD3
1832,-1.1570350550062822,0.8561206602564685,0.51,TD3
1833,-0.9934712844355664,0.8804913525954366,0.47,TD3
1834,-1.389437984206034,0.7707541124947309,0.47,TD3
1835,-0.7240706943628045,0.8986479768683361,0.55,TD3
1836,-0.7706768189609232,0.8933332285462933,0.5,TD3
1837,-1.2033885248816778,0.8710610011070059,0.47,TD3
1838,-0.9943404905891452,0.7498340100152474,0.55,TD3
1839,-0.7638302829420262,0.8180232738029352,0.54,TD3
1840,-1.2655732171646166,0.9242096632334958,0.46,TD3
1841,-0.7162698550753018,0.9461944132238564,0.51,TD3
1842,-0.9315165973103394,0.958559266134882,0.44,TD3
1843,-0.8826418728792932,0.9477982419641389,0.51,TD3
1844,-0.9913352516707645,0.9656751991943056,0.45,TD3
1845,-0.6558408900198779,1.0879191297382176,0.52,TD3
1846,-0.7632499165956179,0.8149830698897118,0.52,TD3
1847,-0.7215153470287001,0.774692303489613,0.57,TD3
1848,-0.8061633598472592,0.9250128984244654,0.55,TD3
1849,-0.8072492019157725,0.900240747886926,0.43,TD3
1850,-1.1999993891423009,0.8661763153537396,0.46,TD3
1851,-1.261911601389125,0.722851875419168,0.54,TD3
1852,-0.7278597510475145,0.8960826528493462,0.54,TD3
1853,-0.22367645778739167,1.0438611919018816,0.58,TD3
1854,-0.8415473498113176,0.8334238506846458,0.45,TD3
1855,-0.8726521905513309,0.8422213079869542,0.57,TD3
1856,-0.7459447024398363,0.8303403221434025,0.49,TD3
1857,-0.9731261718760483,0.8454015450916432,0.5,TD3
1858,-0.8936092857355585,0.7113675194616208,0.54,TD3
1859,-0.720785647530269,0.8754680611403687,0.47,TD3
1860,-1.3818349475182812,0.8096138283265146,0.4,TD3
1861,-1.2056395168208098,0.7780952478976282,0.5,TD3
1862,-0.9721091951752091,0.8802449649477095,0.52,TD3
1863,-0.8925752556911647,0.8032890421970048,0.55,TD3
1864,-0.8951248825951204,0.7809805065916907,0.53,TD3
1865,-0.6119991444139385,0.8679275376667585,0.51,TD3
1866,-0.840510065702999,0.8270589894150793,0.5,TD3
1867,-0.5816017283310246,1.0139410457835702,0.44,TD3
1868,-0.9393417975402035,0.6652041581661436,0.59,TD3
1869,-1.2133542145898013,0.8076572781103688,0.43,TD3
1870,-1.2325284148795106,0.7788005014481947,0.44,TD3
1871,-0.6939051512400302,1.0103577266399555,0.51,TD3
1872,-0.6359052175778926,0.8747118628934675,0.52,TD3
1873,-0.7686447206758209,0.9508535896329358,0.52,TD3
1874,-0.7305177524722805,0.9095209244706173,0.5,TD3
1875,-0.4774967217669368,0.868687785613335,0.58,TD3
1876,-1.1200408377503563,0.6974297641483416,0.52,TD3
1877,-0.9483434356279143,0.8966474305504817,0.44,TD3
1878,-0.8735742533518741,0.9282839859765069,0.49,TD3
1879,-0.7305534183706638,0.8641480086158755,0.54,TD3
1880,-0.5629986872902074,0.9379163608555338,0.56,TD3
1881,-1.1655014149428955,0.7147966691640438,0.47,TD3
1882,-0.3695374992184199,0.9342215709664343,0.55,TD3
1883,-0.4548330867978204,0.9605957076851304,0.57,TD3
1884,-0.9443791567893771,0.8369774716365689,0.49,TD3
1885,-0.9531770307117077,0.8080903134847375,0.44,TD3
1886,-0.5637127916285164,0.8903089852887383,0.53,TD3
1887,-1.0331020020853716,0.822910250300709,0.57,TD3
1888,-0.8637899617278988,0.8112358201887439,0.52,TD3
1889,-1.441425624337836,0.7723516673347803,0.5,TD3
1890,-0.9193797629405774,0.7905049229242745,0.52,TD3
1891,-0.8924499784824487,0.8536499391676214,0.53,TD3
1892,-0.960609801243183,0.8948240301267376,0.53,TD3
1893,-0.8037967594021889,0.8962143804302629,0.56,TD3
1894,-0.6678213141943428,0.961539868715901,0.52,TD3
1895,-0.6728969875789637,0.926409564700539,0.56,TD3
1896,-1.078316507259143,0.6345353518934346,0.52,TD3
1897,-1.0212815523017167,0.7821742435252168,0.48,TD3
1898,-0.17227811649034291,1.0203878859845446,0.6,TD3
1899,-0.774202795944499,0.9747993402297019,0.48,TD3
1900,-0.7041299952994338,0.9223426411228799,0.49,TD3
1901,-1.0309307111470571,0.9275501506204669,0.48,TD3
1902,-0.7999559093379398,0.8115011779499014,0.52,TD3
1903,-1.102975676586666,0.894351903171131,0.51,TD3
1904,-0.7762316043310769,0.8745779630084484,0.57,TD3
1905,-0.6628848066949352,0.8522767044514913,0.55,TD3
1906,-0.5010120446088152,1.0172488298970677,0.52,TD3
1907,-0.7014809451852905,0.7955361094729305,0.58,TD3
1908,-0.32297657127051266,1.0159405826109842,0.66,TD3
1909,-0.5911913017852459,1.0165611319874799,0.58,TD3
1910,-0.7519737635018545,0.7975925785440523,0.49,TD3
1911,-0.6102179187186043,1.0094950937750975,0.53,TD3
1912,-0.8175247095534778,0.7460983708285276,0.56,TD3
1913,-0.7143245701332979,0.7971543249001474,0.55,TD3
1914,-0.9097195420616799,0.9372093846654315,0.5,TD3
1915,-1.5670800749922924,0.8302637899544838,0.4,TD3
1916,-0.48288222511454515,0.891858829366376,0.58,TD3
1917,-0.27011152015296597,0.8995535111136448,0.62,TD3
1918,-0.9488930500587119,0.7457056452863068,0.44,TD3
1919,-1.2154658661095912,0.8431969597817703,0.4,TD3
1920,-0.5594605696084608,0.9077799370360836,0.54,TD3
1921,-0.6656641936557568,0.9247903449833885,0.51,TD3
1922,-1.3068760554611814,0.8076059744620564,0.49,TD3
1923,-1.050824576159498,0.8323891299496977,0.48,TD3
1924,-1.2044197230657585,0.7710972863994175,0.43,TD3
1925,-1.5460203720606471,0.6802835206772453,0.46,TD3
1926,-1.1362671335165635,0.639776329559387,0.45,TD3
1927,-0.745429502715892,0.8440856544531777,0.6,TD3
1928,-0.8130273486238562,0.8200510201369327,0.5,TD3
1929,-1.1213430915094524,0.8688611732784066,0.43,TD3
1930,-1.1351150860781682,0.8313540824179947,0.5,TD3
1931,-0.8622913973585489,0.8779649613362543,0.58,TD3
1932,-1.2688360455361827,0.7409888777265432,0.42,TD3
1933,-0.8572783738438183,0.8896231829775013,0.54,TD3
1934,-0.7571156900082159,0.8095245477508712,0.49,TD3
1935,-0.824811245739696,0.7855426465128066,0.49,TD3
1936,-1.2281881923950833,0.8266541503313163,0.46,TD3
1937,-0.9139344015388708,0.7677339288755838,0.51,TD3
1938,-1.0030256708474377,0.7541358287676933,0.52,TD3
1939,-1.113396432631972,0.8128209459260566,0.48,TD3
1940,-0.6034290330313737,0.9187554185225065,0.57,TD3
1941,-0.6684017707322083,0.69785359642816,0.57,TD3
1942,-0.9219342983979224,0.8445461093898848,0.52,TD3
1943,-0.8547079063727675,0.8489337197986085,0.5,TD3
1944,-0.8366209186700057,0.866295528517007,0.59,TD3
1945,-0.5712479503878936,1.0021834169068915,0.48,TD3
1946,-0.4004937467397176,1.0818935298697034,0.58,TD3
1947,-1.0212244680910387,0.8330471836642771,0.48,TD3
1948,-0.693526162536791,0.8016076659214364,0.51,TD3
1949,-0.8709775052729678,0.8404963066373057,0.51,TD3
1950,-0.7907988764757333,0.9157545385493845,0.52,TD3
1951,-0.7419462096215744,0.9542823451570424,0.54,TD3
1952,-0.8674995257140933,0.8571871692660946,0.45,TD3
1953,-1.0499021813519476,0.8080760980424043,0.5,TD3
1954,-0.6881294998221797,0.9052438667693017,0.54,TD3
1955,-0.9634428669682991,0.7752467250237083,0.53,TD3
1956,-0.7103841698633238,1.0651167719832175,0.57,TD3
1957,-0.5608799301007419,1.0142937718951492,0.49,TD3
1958,-0.9032430522301002,0.9733330681855599,0.48,TD3
1959,-0.6887130000599225,0.8019466997453643,0.6,TD3
1960,-0.859201620619071,0.8165968912825492,0.49,TD3
1961,-0.2755196571743524,0.9449011009317361,0.57,TD3
1962,-0.532739392677874,0.8898157341632799,0.58,TD3
1963,-0.9806195761166794,0.7775523177135019,0.47,TD3
1964,-0.8097240678868016,0.827202756633756,0.58,TD3
1965,-0.6680353141438112,0.8757761681047724,0.64,TD3
1966,-0.6541974613454241,1.0591795724227566,0.47,TD3
1967,-0.48016492775773123,1.1183091471841862,0.48,TD3
1968,-0.715414069935344,0.9259931652291677,0.5,TD3
1969,-0.6627688374528664,1.026135722599711,0.48,TD3
1970,-0.12350993479119882,1.2290036643696383,0.58,TD3
1971,-1.2915424059962057,0.8215737006689922,0.4,TD3
1972,-0.7529245627612238,0.9813787488345816,0.55,TD3
1973,-1.0371308263413948,0.702238678271617,0.49,TD3
1974,-0.8406086166710053,0.8902944405394138,0.47,TD3
1975,-1.3249524563326012,0.8621321041940121,0.49,TD3
1976,-0.973685048176205,0.8587091309572733,0.49,TD3
1977,-0.5736302638512542,1.0138019375877376,0.55,TD3
1978,-0.4918006544271275,0.8411240545927414,0.66,TD3
1979,-1.1958616679735043,0.7462551000125187,0.55,TD3
1980,-1.0132025166483245,0.8108653165456237,0.47,TD3
1981,-1.0035756520345687,0.8544705831927657,0.53,TD3
1982,-0.5420633693569499,0.8683778899726796,0.61,TD3
1983,-0.7468393715081535,0.7519937835729789,0.57,TD3
1984,-0.7002851925471011,0.7809364718631803,0.57,TD3
1985,-0.7561359888864565,0.9071913192931786,0.59,TD3
1986,-0.535894826890453,0.8230857446227123,0.57,TD3
1987,-0.38293358313718195,0.8981166245819872,0.54,TD3
1988,-1.434410434357926,0.6602498752637297,0.43,TD3
1989,-0.4606185152592003,0.8943879216185926,0.55,TD3
1990,-0.23318692319337989,1.080674901493348,0.58,TD3
1991,-0.24160763794502266,0.9616494657145137,0.63,TD3
1992,-0.15726014218609471,1.018078616959549,0.62,TD3
1993,-0.8456324786231586,0.8904123353440109,0.57,TD3
1994,-1.029985474582634,0.7613840383168123,0.48,TD3
1995,-0.7968344859645441,0.9411618777379916,0.5,TD3
1996,-1.0516161714917995,0.8747124879744906,0.51,TD3
1997,-0.4408674006293042,0.9663827689583014,0.57,TD3
1998,-0.7157067124919061,0.8801621492199945,0.51,TD3
1999,-1.013274325411965,0.8098601429052067,0.5,TD3
2000,-1.186358294595019,0.9050229772523476,0.46,TD3
2001,-0.8256857389514594,0.8731702832155435,0.5,TD3
2002,-0.7359538134653163,0.8613526749234979,0.56,TD3
2003,-1.509830425790206,0.8314438777339057,0.46,TD3
2004,-1.2820113114521692,0.7555870451098181,0.43,TD3
2005,-0.4588205183115837,0.9443174431571922,0.58,TD3
2006,-0.6657970149114331,1.014269133110328,0.55,TD3
2007,-0.15162600682363497,0.943053457991748,0.65,TD3
2008,-0.6382301716408494,0.8407808916593532,0.56,TD3
2009,-0.7889136332180614,0.8125372638729645,0.55,TD3
2010,-1.0456622128954987,0.7456520747227674,0.46,TD3
2011,-1.0747491236604108,0.740675804396941,0.51,TD3
2012,-0.7041979172353936,0.7049402808254459,0.58,TD3
2013,-1.0521693501288822,0.879502901318164,0.44,TD3
2014,-0.5002573018187009,0.9914624773390338,0.56,TD3
2015,-0.6559178897305974,0.9876955597600728,0.55,TD3
2016,-0.428991649898206,1.0752164173967302,0.53,TD3
2017,-0.43026962969132077,0.9965896590201284,0.55,TD3
2018,-1.0730260444360669,0.8000859882461174,0.49,TD3
2019,-0.8199473877090394,0.8468021355302412,0.55,TD3
2020,-0.9599919168377028,0.7864330865189975,0.51,TD3
2021,-0.8371148737414987,0.8341293691621917,0.55,TD3
2022,-1.3833509175264955,0.769871019428902,0.42,TD3
2023,-0.5979999616291934,0.9031814118305177,0.62,TD3
2024,-0.8273133909815026,0.8271676096902205,0.47,TD3
2025,-0.5845416318345611,0.7282929680958483,0.59,TD3
2026,-1.2405254241606327,0.9604427244562476,0.36,TD3
2027,-0.9847676971833697,0.9455950268778506,0.51,TD3
2028,-0.6787496970873506,0.9450035330052989,0.56,TD3
2029,-1.2684439893004165,0.7919859084776969,0.47,TD3
2030,-0.8827314024255231,0.8808801923375639,0.5,TD3
2031,-0.3839851794046525,0.9155409867820228,0.63,TD3
2032,-0.9486921937451378,0.8030531298005062,0.52,TD3
2033,-0.7068248611987378,0.9343732300766425,0.59,TD3
2034,-1.4162305479139325,0.706290257364106,0.46,TD3
2035,-0.7054478432352828,0.866846750047835,0.53,TD3
2036,-0.5127667223036451,1.1376089904914943,0.56,TD3
2037,-0.7168657209697993,0.6691653933719606,0.55,TD3
2038,-0.6907292890735078,0.9124110153553276,0.54,TD3
2039,-0.875633919851487,0.8200296181828419,0.52,TD3
2040,-0.5791108365145963,1.0594476112495612,0.58,TD3
2041,-0.7608019310289975,0.8684007307038878,0.52,TD3
2042,-0.9721514517732868,0.9337415799520343,0.56,TD3
2043,-1.2081921301468035,0.6479449965638727,0.45,TD3
2044,-1.0814468137494477,0.7423624272217983,0.49,TD3
2045,-0.6676214193248289,0.9024557408004564,0.54,TD3
2046,-0.6195995849633805,0.8961381712503019,0.55,TD3
2047,-0.6807051089344955,0.9271902933389227,0.57,TD3
2048,-1.017197160499011,0.890860715488076,0.49,TD3
2049,-0.6861129370937775,0.8030586837738862,0.55,TD3
2050,-1.3479634429576628,0.7816925954197371,0.42,TD3
2051,-1.3722661634315585,0.7366147289640304,0.49,TD3
2052,-1.077537690906084,0.7399056200940076,0.49,TD3
2053,-0.6767397017172228,0.9178966423747487,0.61,TD3
2054,-0.7148714599204906,0.861084931257622,0.57,TD3
2055,-0.9853896155911364,0.809701321961231,0.54,TD3
2056,-0.8373256140759209,0.8091016527293786,0.51,TD3
2057,-0.8054531927024822,0.9881106685787426,0.49,TD3
2058,-0.6969468838993155,0.9255662950522476,0.51,TD3
2059,-0.5421486910981299,0.8836132153979905,0.55,TD3
2060,-0.35189669236222654,0.8509402676936679,0.64,TD3
2061,-0.6966480652818043,0.9459541314645896,0.55,TD3
2062,-0.6999111109821443,0.8637956508608704,0.54,TD3
2063,-0.8031038177804054,0.9535131603042564,0.51,TD3
2064,-0.616397573556852,0.8740666911759473,0.53,TD3
2065,-0.600802452491127,0.8532098371871548,0.57,TD3
2066,-1.2720810152186217,0.7039793320732641,0.48,TD3
2067,-0.45885946602547256,0.8845357518566306,0.59,TD3
2068,-0.9276738163040786,0.8208433970907558,0.52,TD3
2069,-1.0026206138307072,0.9990882781901048,0.47,TD3
2070,-0.79874090551148,0.9527284802794449,0.57,TD3
2071,-0.7284547932015559,0.8940258530166194,0.57,TD3
2072,-0.2559460207327675,1.0879170468884216,0.6,TD3
2073,-1.0930869138356722,0.7679767802810187,0.43,TD3
2074,-0.17727374736305646,0.8971911310245697,0.65,TD3
2075,-1.069151674192684,0.9003015219431312,0.5,TD3
2076,-0.3395191229215858,0.980635535028146,0.58,TD3
2077,-0.3950608210952085,0.9412969445462969,0.51,TD3
2078,-0.8102209320971713,0.8124717212136833,0.53,TD3
2079,-0.9878928429415983,0.8751046354673575,0.46,TD3
2080,-0.5406549370128966,0.902170072749605,0.59,TD3
2081,-0.8880275820158853,0.8844818700992463,0.52,TD3
2082,-0.07288378476989496,1.174087282935079,0.63,TD3
2083,-1.1232615754599449,0.7817488693123263,0.51,TD3
2084,-1.0718973289823006,0.6967735086075417,0.51,TD3
2085,-0.8656121758291115,0.7774379219772003,0.5,TD3
2086,-0.788997101634045,0.8983414563677702,0.54,TD3
2087,-0.5443886580677373,0.800426267839359,0.55,TD3
2088,-0.9669161653476624,0.845167664200432,0.6,TD3
2089,-0.8670863661449788,0.7533612451868299,0.52,TD3
2090,-1.0161763424530503,0.8499123970531761,0.52,TD3
2091,-0.9857550430761663,0.8394725743408905,0.52,TD3
2092,-1.3886502677550612,0.8199598975139444,0.49,TD3
2093,-1.0936859432821202,0.8972672831371912,0.45,TD3
2094,-0.18797087108443594,1.0315114416355897,0.62,TD3
2095,-0.6807549815077684,0.975885631383611,0.49,TD3
2096,-0.2570026586024371,1.0237002275127123,0.65,TD3
2097,-0.6250430187944256,0.8926805152076084,0.57,TD3
2098,-0.7073444891445798,0.8363690142538159,0.57,TD3
2099,-1.0930622742040272,0.7516618022359625,0.48,TD3
2100,-1.194305950759886,0.7107328276900513,0.5,TD3
2101,-0.6591621361127857,0.8417309276830278,0.55,TD3
2102,-0.7735560605743084,0.7846671089547725,0.6,TD3
2103,-0.8575861449424719,0.8747186076261684,0.55,TD3
2104,-0.7708650873709598,0.8894371670329639,0.45,TD3
2105,-0.7036636778147762,0.8469950686684369,0.52,TD3
2106,-0.9443450220939836,0.7575233268777503,0.5,TD3
2107,-0.9142695935472648,0.702661679747774,0.54,TD3
2108,-0.9107637122189652,0.7356288582849579,0.6,TD3
2109,-0.791172878490327,0.906645289748056,0.53,TD3
2110,-0.7319435553731478,0.8590839792282694,0.51,TD3
2111,-1.0549002883861665,0.8604801262720224,0.53,TD3
2112,-0.46798323209991116,0.9866814705789966,0.55,TD3
2113,-0.878298944383201,0.7329972237740171,0.53,TD3
2114,-1.2260587725979466,0.7465438983092958,0.47,TD3
2115,-0.3824455290162934,0.8930486613495446,0.57,TD3
2116,-0.7147479749479163,0.7727541621983686,0.56,TD3
2117,-0.8044757231415458,0.8122745867877711,0.5,TD3
2118,-0.6422056402245905,0.8964913203321896,0.64,TD3
2119,-1.2615687753958142,0.6682716762603605,0.49,TD3
2120,-0.4092317804367533,0.8524072448692572,0.59,TD3
2121,-0.6848743256595695,0.9223080197284097,0.48,TD3
2122,-0.3911608102547783,1.0441287823855048,0.59,TD3
2123,-0.677753322182376,0.9036037254575665,0.52,TD3
2124,-1.0373419589114394,0.6748907736574974,0.51,TD3
2125,-0.8388797665008164,0.8915651262042604,0.49,TD3
2126,-0.5110154850008966,1.014809657478069,0.52,TD3
2127,-0.4807759899214013,0.9172613621973601,0.57,TD3
2128,-0.47937741544994494,0.9000990033071719,0.59,TD3
2129,-0.8900246077235654,0.8515329209886059,0.53,TD3
2130,-0.7787228102582442,0.8672056596113529,0.44,TD3
2131,-0.9307267109380061,0.9077650201066448,0.45,TD3
2132,-0.6578913934709353,0.9456275127570914,0.55,TD3
2133,-1.4276880463354178,0.7978305239058245,0.43,TD3
2134,-1.2417137079646454,0.7688444406473468,0.46,TD3
2135,-1.0594541549495669,0.7871768211456163,0.57,TD3
2136,-0.7179561580043,0.7896762799891296,0.53,TD3
2137,-0.35349452129251874,1.052265384852758,0.53,TD3
2138,-0.7584055531366449,0.8816089366883246,0.55,TD3
2139,-0.9236177814406308,0.8794964066597815,0.5,TD3
2140,-0.8617480693435493,0.9677382266558822,0.49,TD3
2141,-0.4431607636191778,0.8267503955334672,0.58,TD3
2142,-0.6042630825778018,0.7753495263029184,0.58,TD3
2143,-0.6330394757216733,0.9056763646723777,0.56,TD3
2144,-0.3804655833871307,1.0117744760520815,0.54,TD3
2145,-1.068804672053502,0.8520818600817911,0.52,TD3
2146,-0.40337060602541863,0.9425168480971695,0.56,TD3
2147,-0.5928510075979461,0.8853220839478959,0.61,TD3
2148,-0.3546770159280798,0.9846926182408832,0.57,TD3
2149,-0.5218050638372396,0.9580074831376121,0.55,TD3
2150,-0.7722496946505524,0.7928530291224937,0.55,TD3
2151,-0.9925676860266663,0.8024652853444411,0.55,TD3
2152,-0.6000790198857792,1.0139200028818371,0.58,TD3
2153,-0.45226986355436744,0.9826298362925046,0.54,TD3
2154,-0.7897883442476011,0.99486552999573,0.56,TD3
2155,-0.4673281977643187,0.877161928339909,0.56,TD3
2156,-0.3716874744065949,1.1075182994105417,0.53,TD3
2157,-0.29029958665065225,0.9981303249417759,0.63,TD3
2158,-0.9682637271962623,1.013223219500986,0.59,TD3
2159,-1.1263262780137113,0.7221285620023542,0.5,TD3
2160,-1.0638647506884933,0.6710245859868393,0.54,TD3
2161,-0.8941828986150288,0.8287141918603603,0.55,TD3
2162,-0.9384475722341878,0.7416822751701453,0.59,TD3
2163,-0.5194931437559558,1.0444817692988613,0.56,TD3
2164,-0.7430636649020856,0.8413501991556843,0.61,TD3
2165,-0.7797932196257649,0.8331911880317396,0.54,TD3
2166,-0.7561608512825573,0.8288618998846823,0.56,TD3
2167,-0.9418464161313047,0.9407212856133735,0.56,TD3
2168,-0.24657576904474063,1.013719117674777,0.61,TD3
2169,-0.6491793413458804,0.867986761586315,0.59,TD3
2170,-0.5074793414769693,1.126459803948358,0.6,TD3
2171,-0.2871553656470716,0.8816072814101821,0.64,TD3
2172,-0.29207214649684976,0.8085085937178413,0.65,TD3
2173,-0.6816564577120603,0.8764606934994447,0.57,TD3
2174,-0.6050788389072356,1.0157131508526098,0.58,TD3
2175,-0.28530695612787893,0.9472593890404113,0.65,TD3
2176,-1.2452263786735853,0.8190040452113103,0.41,TD3
2177,-1.154137616180416,0.7852583368831216,0.49,TD3
2178,-0.6810087968956637,0.9167903227686673,0.56,TD3
2179,-0.5696896486532381,0.9574483865948029,0.54,TD3
2180,-0.7001800513456174,0.8142131622546768,0.55,TD3
2181,-0.5686101813182515,1.006742135952092,0.51,TD3
2182,-0.5260432743231505,0.8900574489461383,0.58,TD3
2183,-0.35826571534600743,0.8659444240311349,0.65,TD3
2184,-1.1951207518401068,0.691956258350188,0.45,TD3
2185,-1.2562128675854691,0.6887511910656506,0.47,TD3
2186,-0.6381132517721922,0.879696965538162,0.6,TD3
2187,-0.9335082066361163,0.7777938604868682,0.52,TD3
2188,-0.5911210848575972,0.9402998177645149,0.49,TD3
2189,-0.8902284285899974,0.822478216117416,0.54,TD3
2190,-1.1414461487446732,0.7660315689873428,0.52,TD3
2191,-1.559814135046648,0.6418605467094878,0.42,TD3
2192,-0.5537304040318172,0.8825258342175765,0.53,TD3
2193,-0.5325101995639705,1.0274414968036518,0.51,TD3
2194,-0.9254387933930077,0.8501801359836614,0.57,TD3
2195,-0.5788267902941542,0.8298313345280968,0.6,TD3
2196,-0.6141836666808749,0.9360384933738937,0.58,TD3
2197,-1.7651550851754243,0.5977064275431797,0.48,TD3
2198,-0.6430881927386942,0.8954477049953584,0.51,TD3
2199,-0.690294030454526,0.7882615577134311,0.62,TD3
2200,-0.5202996060184012,1.0009134730227294,0.59,TD3
2201,-0.6017155364800169,0.947467856962612,0.55,TD3
2202,-0.7256872886047385,1.0081226776247652,0.53,TD3
2203,-0.5097762373912503,0.8137690304697637,0.62,TD3
2204,-0.811458960642348,0.9135442077194716,0.56,TD3
2205,-0.9798060894914109,0.799621804395681,0.58,TD3
2206,-0.4692004777579865,1.1119797435242713,0.57,TD3
2207,-0.516910425513171,0.85589439152237,0.58,TD3
2208,-0.19130613805964253,1.0763947047894238,0.63,TD3
2209,-1.0688052122526357,0.7714582202890774,0.54,TD3
2210,-0.7086207136008129,0.8612490039469466,0.54,TD3
2211,-1.095424334927174,0.8656025367284548,0.52,TD3
2212,-0.328733639004551,0.9395827437866884,0.62,TD3
2213,-0.8985354240368779,0.8212149047665217,0.48,TD3
2214,-1.0415545320802577,0.6911208547864277,0.57,TD3
2215,-0.51758891842068,0.8546306211906572,0.6,TD3
2216,-0.32436923791167016,0.9464193628383052,0.6,TD3
2217,-0.7431503622610258,0.99662160108836,0.52,TD3
2218,-0.680022880467484,0.9480162021998488,0.54,TD3
2219,-0.815492271834554,0.9419184713208005,0.49,TD3
2220,-0.6402574613946199,0.8833002850235648,0.53,TD3
2221,-0.8131564141657313,0.8336499464864221,0.5,TD3
2222,-0.5563427319829197,0.9308336756877964,0.59,TD3
2223,-1.0267996089133937,0.7649890830995897,0.52,TD3
2224,-0.27314350603313653,0.9682637537735388,0.56,TD3
2225,-0.9786858231837772,0.8365699523564885,0.6,TD3
2226,-0.42217342478776504,0.9147787000444442,0.6,TD3
2227,-1.070929280653052,0.8705117623365851,0.52,TD3
2228,-0.7322625842022364,0.9876263588466857,0.54,TD3
2229,-0.9644204003685981,0.7857327775069259,0.54,TD3
2230,-0.9417378326390845,0.7646193671809759,0.5,TD3
2231,-0.1610520335676354,1.0023719904386876,0.63,TD3
2232,-0.7573456509366967,0.9173010889826044,0.53,TD3
2233,-0.714016651443818,0.9426556428167746,0.55,TD3
2234,-0.676370761958638,0.961791803318925,0.59,TD3
2235,-0.6339800544987747,0.9080842626244565,0.57,TD3
2236,-0.7656743170985871,0.7638546980972353,0.57,TD3
2237,-0.7889452407573831,0.9223363383092051,0.49,TD3
2238,-0.598981557405594,0.9456207262395515,0.61,TD3
2239,-0.6664069706500887,0.8502647249852612,0.59,TD3
2240,-0.5213527845448181,1.0395507761186118,0.6,TD3
2241,-0.3138855986333801,1.0614308665357337,0.56,TD3
2242,-0.7681040530417941,1.0318816468944862,0.51,TD3
2243,-0.6776089746241512,0.8817704134867682,0.57,TD3
2244,-1.0699935627570663,0.7107150614647074,0.49,TD3
2245,-0.7178347391893156,0.9057319541292348,0.57,TD3
2246,-0.8220169165558847,0.8473511836964329,0.52,TD3
2247,-0.38545156277122067,1.105449476401123,0.57,TD3
2248,-1.024451676821858,0.7699344202827284,0.48,TD3
2249,-0.690330661625135,0.852605527856012,0.53,TD3
2250,-0.8781341119267181,0.867390927163547,0.48,TD3
2251,-0.6302051364331476,0.8313125335434363,0.59,TD3
2252,-0.9463535746380103,0.7349427914741975,0.52,TD3
2253,-0.3236729339582394,1.0691640072161817,0.61,TD3
2254,-0.7300476287258927,0.7872002021264437,0.57,TD3
2255,-0.5476259100374444,0.9040958227760781,0.59,TD3
2256,-0.8271459449293999,0.8054305022057724,0.57,TD3
2257,-0.8968639089894889,0.7760882021518221,0.48,TD3
2258,-0.281635334503498,1.1067026470693686,0.64,TD3
2259,-0.6185041335149792,0.9265082139589852,0.52,TD3
2260,-0.8705514996668886,0.8831476138016918,0.56,TD3
2261,-0.6213683421377196,0.9110633255455415,0.56,TD3
2262,-1.0867782657768061,0.8550656221627827,0.49,TD3
2263,-0.4686587417325701,1.0784018213482431,0.55,TD3
2264,-0.34137886847902643,0.9660635195495986,0.65,TD3
2265,-0.7815606811600295,0.7679275660182214,0.53,TD3
2266,-0.27559616856690466,1.1406882654474881,0.58,TD3
2267,-0.6326264139094278,1.0189685430107094,0.49,TD3
2268,-0.8622286078188798,0.8207738368637868,0.53,TD3
2269,-1.1656575867869305,0.6159556511101063,0.53,TD3
2270,-0.7844015265136235,0.8815591206124764,0.55,TD3
2271,-1.1610836361912762,0.7422171005882632,0.54,TD3
2272,-0.47194113019713524,0.9548983575462932,0.49,TD3
2273,-0.7692369268537993,0.803108086381541,0.56,TD3
2274,-0.8739327098082699,0.8454857517009647,0.57,TD3
2275,-0.8186018817639064,0.7735667058941196,0.6,TD3
2276,-0.834128457645048,0.7982998001367159,0.55,TD3
2277,-0.49039185125334656,1.059981771759002,0.54,TD3
2278,-0.9741223230539268,0.658001891516783,0.56,TD3
2279,-0.8944794123154226,0.8871305555407966,0.55,TD3
2280,-1.021448717730377,0.7636855039397026,0.48,TD3
2281,-0.8958417565777148,0.8172677759656757,0.56,TD3
2282,-0.6359402107424514,0.8858786501164059,0.59,TD3
2283,-0.8143443527216262,0.8326725830783411,0.45,TD3
2284,-0.7102462268710635,0.9042733939721218,0.45,TD3
2285,-0.47686219663564167,0.970417716006097,0.55,TD3
2286,-0.5132814809123358,0.9671644166121169,0.56,TD3
2287,-0.5238872330306248,0.9896146978192003,0.5,TD3
2288,-1.0581108938672419,0.7909955956442566,0.46,TD3
2289,-0.18311106178557957,1.2146272560505764,0.57,TD3
2290,-0.4620468769470202,0.9749892827423756,0.65,TD3
2291,-0.05827932520272776,1.016291301669354,0.62,TD3
2292,-0.7011430447284722,0.8732862088170948,0.55,TD3
2293,-0.7877579652641176,0.9172607886269089,0.56,TD3
2294,-0.8342884801247914,0.8890319377190512,0.59,TD3
2295,-0.65506133939045,0.9195498991091776,0.52,TD3
2296,-0.7642412709860926,0.9727340292282622,0.56,TD3
2297,-0.5738928231619094,0.843255114879804,0.58,TD3
2298,-0.6170938430014399,0.996234182720201,0.54,TD3
2299,-0.590909194742423,1.000672258836764,0.56,TD3
2300,-0.5755763854313516,0.9738041254136275,0.56,TD3
2301,0.006468564730294308,1.157713197826567,0.68,TD3
2302,-0.7495744570422234,0.9751195396723119,0.55,TD3
2303,-1.1173113921135096,0.831642704161164,0.58,TD3
2304,-0.3683927766906497,1.0268867804625126,0.53,TD3
2305,-0.8960598325177491,0.7397741028072743,0.54,TD3
2306,-0.6771174523578981,0.8504736341867312,0.61,TD3
2307,-0.6819708773485088,1.0485366581741207,0.55,TD3
2308,-0.455747883101264,1.0226583674819394,0.65,TD3
2309,-0.5756163907787771,0.8333835876798966,0.61,TD3
2310,-0.9449422148532552,0.8006341963998073,0.56,TD3
2311,-1.0318041127934812,0.8121491206360401,0.49,TD3
2312,-0.7389987293944807,0.7750568560250685,0.61,TD3
2313,-0.5745078845671544,0.9093039344963705,0.52,TD3
2314,-0.3258277947973345,1.0231012549426481,0.59,TD3
2315,-0.3564463220540856,1.003250335396541,0.63,TD3
2316,-0.2370446545661413,1.045220064258953,0.58,TD3
2317,-0.5158959740525978,0.8486290634482458,0.67,TD3
2318,-0.9537956121129604,0.8746248507632883,0.5,TD3
2319,-0.5151694028829191,0.9504944142119982,0.59,TD3
2320,-0.4653600855966429,1.0554571206439882,0.59,TD3
2321,-0.6613461754292845,0.9744415027549463,0.53,TD3
2322,-0.6786818761541414,0.8884329079824319,0.66,TD3
2323,-0.9001663586724178,0.7183332852529193,0.57,TD3
2324,-0.5832192615445138,0.9876910120148438,0.55,TD3
2325,-0.3126216733877076,0.9806575324561723,0.63,TD3
2326,-0.30886756297215584,0.9297114566651602,0.57,TD3
2327,-0.8875130861824344,0.8730327448228441,0.49,TD3
2328,-0.14946125048486084,1.1197219534942073,0.63,TD3
2329,-0.9078676359537371,0.8336649541052554,0.58,TD3
2330,-1.0254542609797457,0.7805785951461661,0.54,TD3
2331,-0.5869378954326975,0.8197940115447011,0.59,TD3
2332,-0.8803444495287311,0.8067571786519713,0.56,TD3
2333,-0.9314969832790755,0.7495984708770124,0.47,TD3
2334,-0.04185440110597138,0.977677483892052,0.64,TD3
2335,-0.5106611272385453,0.9697618463564528,0.6,TD3
2336,-0.43565141772096916,0.9603516767834498,0.62,TD3
2337,-0.50494546253994,0.9175841789683808,0.57,TD3
2338,-0.6222299256377274,0.8695388856027942,0.53,TD3
2339,-0.9537179146047063,0.724147206517807,0.51,TD3
2340,-0.6364522423640329,0.7366981825792961,0.58,TD3
2341,-0.7507336239798436,0.9701637143160763,0.5,TD3
2342,-0.9912793492179612,0.7386286868610134,0.5,TD3
2343,-0.8774746635143145,0.8528366662932407,0.47,TD3
2344,-0.5591965062477855,1.0141639611115592,0.51,TD3
2345,-0.9725742945878713,0.8199093927897317,0.51,TD3
2346,-0.6326370659384323,0.8994084751269077,0.6,TD3
2347,-0.6670714386260245,0.9075745424354043,0.58,TD3
2348,-0.46776160278092893,0.8276451267047179,0.61,TD3
2349,-0.3725867752224885,1.1412441417756747,0.57,TD3
2350,-0.3215597659870714,0.8868989437169413,0.66,TD3
2351,-0.657499524021772,1.0279675985258747,0.56,TD3
2352,0.2580619959979312,1.3246468436265249,0.64,TD3
2353,0.05224414806708362,1.097764189840572,0.56,TD3
2354,-0.40784032542067605,0.9319948532075462,0.64,TD3
2355,-0.1798903821348226,0.8715371313306298,0.69,TD3
2356,-0.7997421360787706,0.8251477528108738,0.53,TD3
2357,-0.8570098430053996,0.6609779852312536,0.55,TD3
2358,-0.12119939334435713,1.0176623624992993,0.7,TD3
2359,-1.2127261267417233,0.7018560852892207,0.54,TD3
2360,-0.31943502901993875,1.0219613479993341,0.54,TD3
2361,-0.44094611976254067,0.8362945579672311,0.63,TD3
2362,-0.8718098120446247,0.9308887459400218,0.55,TD3
2363,-0.6321958519400411,0.8514282926257003,0.6,TD3
2364,-0.41384013009923337,0.954789929923942,0.6,TD3
2365,-0.372731710408908,1.0825259598026757,0.61,TD3
2366,-0.1367536764923284,0.8813862299591713,0.63,TD3
2367,-0.1954973225672023,1.0521168397599925,0.61,TD3
2368,-0.8703792940715098,0.8170105609898602,0.6,TD3
2369,-0.6595359650818786,0.84135040865564,0.59,TD3
2370,-1.2138548408919834,0.8086118801225851,0.49,TD3
2371,-0.5965976155187626,0.8806262006916055,0.61,TD3
2372,-0.6961334926522639,0.7346013616194911,0.56,TD3
2373,-0.46250127371820093,0.8490346631738162,0.57,TD3
2374,-0.7671239749958596,0.8113188636401286,0.51,TD3
2375,-0.6175397953707131,0.974764334511676,0.59,TD3
2376,-0.44640244719779626,0.9927506191003767,0.52,TD3
2377,-0.9653994570873493,0.9067567017777468,0.49,TD3
2378,-0.9929746759822816,0.7391539310637912,0.49,TD3
2379,-0.2655024407904004,1.167704474244275,0.53,TD3
2380,-0.6462686745489047,0.8557178010677144,0.6,TD3
2381,-0.9826164377664841,0.66872381246962,0.51,TD3
2382,-0.7195386837602287,0.8979220129493537,0.49,TD3
2383,-0.30923079283874394,0.9311730737242578,0.66,TD3
2384,-0.89440740947894,0.8129910687597359,0.5,TD3
2385,-0.22982664048014922,0.937530089042118,0.6,TD3
2386,-0.7575388311242162,0.8580499446806078,0.57,TD3
2387,-0.7081372336478222,0.9516914235846425,0.59,TD3
2388,-0.9619425187272236,0.8191710121729043,0.49,TD3
2389,-0.5309999944481238,0.992547157309589,0.53,TD3
2390,-0.37910623575840446,0.922672903848948,0.54,TD3
2391,-0.688601273369925,0.7956937436457784,0.53,TD3
2392,-0.813424040473204,0.8686229574147397,0.57,TD3
2393,-0.12479090731924242,0.938714022802293,0.61,TD3
2394,-0.5411244725626556,0.9708060022674762,0.58,TD3
2395,-1.1686808725054272,0.6618446108626799,0.51,TD3
2396,-0.3785326547728738,0.965026384241592,0.63,TD3
2397,-0.8963086976472613,0.8046935396288549,0.51,TD3
2398,-0.29841627896623335,0.9544717116864553,0.64,TD3
2399,-0.6019011719422543,0.9857362153175991,0.61,TD3
2400,-0.3984847022316484,1.0869769245450562,0.6,TD3
2401,-0.6916491943845057,1.0044881704397386,0.57,TD3
2402,-1.2604645728924804,0.7383524336643223,0.51,TD3
2403,-0.7196185881608781,0.7970588430959699,0.54,TD3
2404,-0.49231420614263327,0.8731266231654463,0.56,TD3
2405,-0.5973401564499505,0.7485855930666103,0.57,TD3
2406,-0.581080074494658,0.9967690606984709,0.58,TD3
2407,-0.6925780871749971,0.9123363574983752,0.58,TD3
2408,-0.7945431914575768,0.9059729435136241,0.58,TD3
2409,-0.7029120081666796,0.9762525918359046,0.56,TD3
2410,-0.37815589159296,1.090746908306143,0.58,TD3
2411,-0.6480883863118494,0.7754263121776195,0.56,TD3
2412,-1.151769402748841,0.7508723142480411,0.53,TD3
2413,-0.29513046967056505,0.9223534987309189,0.6,TD3
2414,-0.8399652733770001,0.7335105245600956,0.63,TD3
2415,-0.2543004316723954,0.9741990321931895,0.67,TD3
2416,-0.31751923205847143,0.9548178876366248,0.7,TD3
2417,-0.7702637585646543,0.7317281725493261,0.52,TD3
2418,-0.8131495755388443,0.8816302090550862,0.52,TD3
2419,-0.7356813664121961,0.9853795068749228,0.56,TD3
2420,-0.7439021404918484,0.8732627842669194,0.53,TD3
2421,-0.4019626923570646,1.0079570627068386,0.59,TD3
2422,-0.6459401065991409,0.9512299000254067,0.6,TD3
2423,-0.10457276930334725,1.0769411198562815,0.6,TD3
2424,-0.49525346748617793,1.016625058071768,0.58,TD3
2425,-0.5099776961370052,0.9262470165249268,0.62,TD3
2426,-0.3925618561403643,0.9651315714986692,0.57,TD3
2427,-1.4163959811074143,0.7568816334258591,0.41,TD3
2428,-1.0730686735143962,0.8852579846910021,0.51,TD3
2429,-0.7252414996512302,0.7381356122344132,0.53,TD3
2430,-0.8656165345681,0.8358951650554088,0.55,TD3
2431,-0.08155142201082385,1.1285642646761174,0.64,TD3
2432,-0.536926841437609,0.9469811023669891,0.61,TD3
2433,-0.37255446795356906,0.8584018913330302,0.63,TD3
2434,-1.2997100896547684,0.5790511851571639,0.54,TD3
2435,-0.7909852134426036,0.8089885912549463,0.51,TD3
2436,-0.28711517368086364,0.9666207160384679,0.64,TD3
2437,-0.622700128551761,0.8575333859157459,0.59,TD3
2438,-0.04549497845547446,1.0663796758172288,0.66,TD3
2439,-0.6450807947862789,0.8826368762048468,0.55,TD3
2440,-0.6109454414345075,0.7562312407195196,0.62,TD3
2441,-0.6645810479691172,0.9100278584073238,0.53,TD3
2442,-0.47408202656219073,0.8261092728375524,0.62,TD3
2443,-0.5521558747259528,0.8779577701416996,0.59,TD3
2444,-0.6122291634780959,0.9183120809760801,0.57,TD3
2445,-0.7303678362412727,0.8621034704386791,0.56,TD3
2446,-0.7105988887017819,1.0435563813935298,0.64,TD3
2447,-0.6414528736513536,0.8613066677016458,0.57,TD3
2448,-0.7570006588891318,0.9529253623945109,0.57,TD3
2449,-0.5818339338594665,0.8944345902606575,0.59,TD3
2450,-0.6698582158351694,0.8442054986081148,0.58,TD3
2451,-0.5609367832554557,0.7824991192281398,0.63,TD3
2452,-0.24650205048619825,1.019854111207862,0.61,TD3
2453,-0.4135025485818569,1.0136355247030417,0.51,TD3
2454,-0.5483963284491492,0.9477132037482605,0.56,TD3
2455,-0.4471059580729742,0.9869174550205261,0.59,TD3
2456,-0.15941024879542498,1.0333913221860989,0.64,TD3
2457,-0.5381018898820789,0.8139312647408476,0.55,TD3
2458,-0.8271847419295909,0.7905580946718771,0.61,TD3
2459,-0.6300197034869265,0.754049563727997,0.59,TD3
2460,-0.7916448145913247,0.857438804693941,0.6,TD3
2461,-0.7187860861876604,0.6791572381598654,0.58,TD3
2462,0.092185289786133,1.1025823578504832,0.56,TD3
2463,0.11054411767872666,1.088461593207958,0.67,TD3
2464,-0.4822037937665628,0.9050110015800185,0.58,TD3
2465,-0.8208951519645248,0.8416967915415341,0.59,TD3
2466,-0.8385801431607013,0.8773124370343766,0.59,TD3
2467,-0.7613590516420559,0.9947783065641628,0.55,TD3
2468,-0.6755887830987031,0.8198082659625386,0.54,TD3
2469,-0.857215550346092,0.8103180604029342,0.62,TD3
2470,-0.3048506628854289,0.9945794376376305,0.59,TD3
2471,-0.5940880317480407,1.0308944857130984,0.5,TD3
2472,-1.197414818518239,0.6102848392123917,0.52,TD3
2473,-0.9004550441396698,0.8965134982016224,0.59,TD3
2474,-0.2622302954814988,1.0493410232680804,0.64,TD3
2475,-0.6601959636270494,0.8559079363090021,0.59,TD3
2476,-0.7436332906411248,1.0090485680583416,0.55,TD3
2477,-0.6790322037486564,0.8131832063075233,0.58,TD3
2478,-0.3467641650017657,0.9499275859802065,0.61,TD3
2479,-0.3330997278591289,0.9014279701856469,0.59,TD3
2480,-0.4433402439791802,0.8804471540735911,0.63,TD3
2481,-0.9281453578838084,0.8263625762286101,0.56,TD3
2482,-0.40110278685252104,0.9598369419132703,0.6,TD3
2483,-0.19188872616555894,1.0423548600995747,0.65,TD3
2484,-0.7730920344918423,0.9175605588914786,0.55,TD3
2485,-0.7458517647282475,0.8440060355962646,0.59,TD3
2486,-0.8705010165875997,0.7556093589821964,0.52,TD3
2487,-0.3322553685071826,0.826688535593504,0.62,TD3
2488,-0.6516101954781122,0.779316538500202,0.59,TD3
2489,-0.7001212610652293,1.0219284025459507,0.45,TD3
2490,-0.45644012435722203,0.8848816469738007,0.59,TD3
2491,-0.8613867083259781,0.9032087748473492,0.55,TD3
2492,-0.6421903292861212,0.7777676053687955,0.58,TD3
2493,-0.5819462848537627,0.9352218857484322,0.48,TD3
2494,-0.23124259222100194,1.0679093209588328,0.66,TD3
2495,-0.7372197945847625,0.9494811151548547,0.53,TD3
2496,-0.14225632255397444,1.1157156173648577,0.67,TD3
2497,-0.9232292363703029,0.725055445254324,0.52,TD3
2498,-0.6216559851655878,0.7622071471656922,0.58,TD3
2499,-0.7198766981882703,0.9380284039547797,0.47,TD3
2500,-0.16684779471683384,0.9857353506332235,0.64,TD3
2501,-0.7515062804812872,0.7497005293240533,0.51,TD3
2502,-0.450493198765203,0.7930308028779041,0.7,TD3
2503,-0.49159134075272803,0.9317844644500366,0.57,TD3
2504,-0.4471657991164149,0.8856370814025698,0.61,TD3
2505,-0.53227219261917,0.8762590362381778,0.67,TD3
2506,-0.8636507448384583,0.8970846027002527,0.53,TD3
2507,-0.5227792814858836,0.9433624147611945,0.63,TD3
2508,-0.21661496524694004,0.9453603423676928,0.64,TD3
2509,-0.7351631524819742,0.790622810384697,0.54,TD3
2510,-0.5919836570695035,0.7852539868398487,0.62,TD3
2511,-0.6192870737975817,0.9700248697227479,0.6,TD3
2512,-1.219436033475627,0.6844626303026238,0.47,TD3
2513,-0.7784566406880485,0.7585611012662521,0.52,TD3
2514,-0.43981634889776283,0.8835419192104262,0.56,TD3
2515,-0.8355304607961815,0.7516153402297421,0.56,TD3
2516,-0.6592841329711517,0.922014573857223,0.59,TD3
2517,-0.3342091472482297,0.9937347238191451,0.61,TD3
2518,-0.4032465650175816,0.848391591387421,0.65,TD3
2519,-1.1063904818927999,0.8399075497751366,0.52,TD3
2520,-0.5627661384602526,0.9075770319748544,0.56,TD3
2521,-0.6056354990442795,0.9978865388267631,0.57,TD3
2522,-0.1334988443453916,1.0466579542137537,0.66,TD3
2523,-0.5530976189973557,0.9855601777345865,0.55,TD3
2524,-0.07130556976798454,0.9338658667363275,0.59,TD3
2525,-0.47511306169719236,0.9301196324537613,0.59,TD3
2526,-0.38811103738115804,0.9632945201339059,0.6,TD3
2527,-0.9925280711885287,0.6670125728973093,0.56,TD3
2528,-0.5793975738014345,0.9382931107267423,0.65,TD3
2529,-0.518635857332265,0.7248173547105072,0.6,TD3
2530,-1.0856352957059416,0.7210592017888685,0.51,TD3
2531,-0.2438833600960653,1.0079196654926472,0.64,TD3
2532,-0.3822270370081722,0.8676660551360716,0.61,TD3
2533,-0.19759354518455588,1.015163207590285,0.67,TD3
2534,-0.6523847236843584,0.924027430444713,0.63,TD3
2535,-0.906347752282602,0.8312432400905044,0.56,TD3
2536,-0.2270221854208663,0.9386474239317036,0.58,TD3
2537,-0.8738878562541992,0.8344794022858375,0.58,TD3
2538,-0.8034314488672404,0.8839787013991771,0.49,TD3
2539,-0.5863666957808594,0.8786104414846081,0.55,TD3
2540,-0.652380652759513,0.8527236374212858,0.55,TD3
2541,-0.6316626756152895,0.8656146503707359,0.62,TD3
2542,-0.4928313032617605,0.8135435632263999,0.61,TD3
2543,-0.5247683301597339,0.8343632327946736,0.65,TD3
2544,-1.0402524203605532,0.6890342649550354,0.59,TD3
2545,-0.7635019156535295,0.6364750498699954,0.58,TD3
2546,-0.2032046050810986,0.948898608335776,0.59,TD3
2547,-0.5322687620943932,0.9614659216473759,0.58,TD3
2548,-1.0195564229591643,0.6704873056272259,0.58,TD3
2549,-0.9661744172748534,0.7994336014719444,0.55,TD3
2550,-0.9618256954923491,0.8998433683257318,0.54,TD3
2551,-0.6023707671694261,0.9352057660072508,0.6,TD3
2552,-0.6573995197768566,0.9097142481974408,0.54,TD3
2553,0.21723799945379074,1.1806222291423096,0.7,TD3
2554,-0.4355923379599363,1.118250365327039,0.61,TD3
2555,-0.3271519246045173,0.8852859693715952,0.56,TD3
2556,-0.4770318027196017,0.9181133737591523,0.63,TD3
2557,-0.6950790491669069,0.9232196381110584,0.55,TD3
2558,-0.3366516470774757,0.9940132279142029,0.66,TD3
2559,-0.2210541895620005,0.9904158636862115,0.63,TD3
2560,-0.5566021964745,0.8338505200054047,0.57,TD3
2561,-0.5661136166773515,0.9370691157579265,0.65,TD3
2562,-0.6767928820254173,0.7934995984097329,0.62,TD3
2563,-1.016253935214364,0.7367463319913109,0.57,TD3
2564,-0.7683466220717803,0.7603644388433647,0.54,TD3
2565,-0.182842575897081,1.07001089002191,0.67,TD3
2566,-0.9065185733211807,0.80239082048829,0.56,TD3
2567,-0.8427744184787346,0.9012077576168136,0.57,TD3
2568,-0.3601534628444697,1.064713599022412,0.57,TD3
2569,-0.2599352606564798,0.9580615351128646,0.61,TD3
2570,-0.7039715522007779,0.7579000924466237,0.62,TD3
2571,-0.7235199251905136,0.9015367063468144,0.6,TD3
2572,-0.35979408463591267,0.8761640109879406,0.61,TD3
2573,-0.8373002976875867,0.9490343188060798,0.51,TD3
2574,-0.6449512389599,0.9286518189170646,0.62,TD3
2575,-0.6823523855061677,0.8862665208052991,0.63,TD3
2576,-0.7156533189990334,0.976587885638278,0.58,TD3
2577,-0.37716937753269564,0.9650605312664259,0.66,TD3
2578,-0.4820420625644937,0.8481504101305889,0.62,TD3
2579,-0.45409788055351286,1.0472562052563148,0.65,TD3
2580,-0.8857046101683279,0.6924701962973353,0.6,TD3
2581,-0.2624111312533755,0.9388769666368597,0.64,TD3
2582,-0.5588813583949698,0.7618284212302078,0.65,TD3
2583,-0.7026480374004112,0.9022006467884373,0.52,TD3
2584,-0.14795308362623907,1.0550598684160715,0.6,TD3
2585,-0.7106484728902274,0.8726830299368525,0.63,TD3
2586,-1.0849156849791235,0.8113080796665041,0.55,TD3
2587,-0.6249864671103311,0.9003486726476551,0.65,TD3
2588,-1.1291404006560588,0.6599209962241585,0.56,TD3
2589,-0.6492697253166143,0.9276427467741649,0.56,TD3
2590,-0.24692059684581832,0.990095908005811,0.64,TD3
2591,-0.6996306142688005,0.7817642762018892,0.61,TD3
2592,-0.45382976667783487,0.7762665736695651,0.68,TD3
2593,-0.6176195504693688,0.9569179488585536,0.58,TD3
2594,-0.5103961899862781,0.9090342278807928,0.59,TD3
2595,-0.8675721163687858,0.738501478401423,0.57,TD3
2596,-0.37555735170467136,0.9394991743218012,0.63,TD3
2597,-0.5386837772104612,0.8911054596317867,0.61,TD3
2598,-0.5991881952213006,0.9683468362500086,0.59,TD3
2599,0.09393143989435691,1.0096365394304538,0.76,TD3
2600,-0.9147847789279387,0.821029644437457,0.56,TD3
2601,-0.8133772715669795,0.8034392445466798,0.53,TD3
2602,-0.302969426557893,1.179481471282284,0.54,TD3
2603,-0.4908632488957144,0.95308642323441,0.61,TD3
2604,-0.2543761523027678,1.0723330302291258,0.59,TD3
2605,-0.672333094248157,0.8772741634495843,0.55,TD3
2606,-1.075806560763904,0.7262672086057894,0.56,TD3
2607,-0.8937167185746882,0.7448921612714693,0.6,TD3
2608,-1.1163135899004408,0.741173372144291,0.53,TD3
2609,-0.7561839913570764,0.6955131927807777,0.61,TD3
2610,-1.1755489279889602,0.8625790282876287,0.45,TD3
2611,-0.32118430061995495,1.0522850894795948,0.62,TD3
2612,-0.5012582064691093,0.9434861204179076,0.61,TD3
2613,-0.5196710403912792,0.7820080108924649,0.58,TD3
2614,-0.39067192771683745,0.9697039162593541,0.63,TD3
2615,-0.8193448416606742,0.9204658224487645,0.6,TD3
2616,-0.4276919347038406,0.8568904677658068,0.64,TD3
2617,-0.39694858402816136,0.8669808971305831,0.64,TD3
2618,-0.6077817297295229,0.7899710939411386,0.61,TD3
2619,-0.4467826588274065,0.9517794621783814,0.53,TD3
2620,-0.31260339591174985,0.9155404455755155,0.67,TD3
2621,-0.8833605263861667,0.9215687371163992,0.6,TD3
2622,-0.3584571624585546,1.017274518522875,0.61,TD3
2623,-0.898411792569636,0.7737789875788014,0.59,TD3
2624,-0.2119570861193866,1.1113988157823333,0.64,TD3
2625,-0.6373194003916801,0.843605055488513,0.63,TD3
2626,-0.7358504865214022,0.7113935362198954,0.56,TD3
2627,-0.44958255338181385,0.7874063775551967,0.61,TD3
2628,-0.43504538934959724,0.9374973559799998,0.66,TD3
2629,-0.5207442582763702,0.9251834296391861,0.53,TD3
2630,-0.3870426228982049,0.998851809545732,0.63,TD3
2631,-0.6132904286025608,0.886447993951739,0.64,TD3
2632,-0.4326396436801925,0.9010134017894788,0.62,TD3
2633,-0.7898291365414032,0.7958172185069045,0.49,TD3
2634,-0.177210309148166,0.9743978202897218,0.63,TD3
2635,-0.8442824446735405,0.7784857592286669,0.55,TD3
2636,-0.042556615211829206,1.147012728374703,0.65,TD3
2637,-0.8573087368692639,0.843449140599458,0.52,TD3
2638,-0.630122971581194,0.8866962140884813,0.54,TD3
2639,-0.6841985341981275,0.8299448743529372,0.55,TD3
2640,-0.33760119621050216,1.0067451092343274,0.73,TD3
2641,-0.904347124178807,0.7887713029686041,0.59,TD3
2642,-0.5148652942957042,0.9860925153758204,0.58,TD3
2643,-0.5395801010487524,0.8899356067414934,0.63,TD3
2644,-0.5841250204418993,0.8894686569253141,0.63,TD3
2645,-0.3588219709443065,0.8800108585778363,0.63,TD3
2646,-0.6258855034833285,0.7077209413957363,0.58,TD3
2647,-0.8610672251739413,0.9325542536383703,0.61,TD3
2648,-0.7512053245183781,0.9465788324418917,0.62,TD3
2649,-0.7873137789308505,0.7036750885489291,0.63,TD3
2650,-0.6533538830035789,0.9113236532693604,0.64,TD3
2651,-0.7151046859353377,0.8465349776680475,0.58,TD3
2652,-0.9453904868416756,0.7685767054842004,0.58,TD3
2653,-1.2314765877704306,0.6944834935603642,0.61,TD3
2654,-0.6290477182892877,0.7906521603792243,0.6,TD3
2655,-0.21481994249055003,0.9543752702234494,0.61,TD3
2656,-0.46457505942564914,0.9352488675223602,0.59,TD3
2657,-0.5960809315294137,0.862288090183486,0.54,TD3
2658,-0.5832912342146327,0.9711752267611061,0.6,TD3
2659,-0.6145231174093537,0.7823947008453612,0.65,TD3
2660,-0.9280503626055172,0.8703555958293915,0.56,TD3
2661,-0.9445301075247032,0.7453113017171463,0.57,TD3
2662,-0.24950019941006474,1.1215146430288208,0.64,TD3
2663,-0.9618267946343919,0.7980115045931533,0.6,TD3
2664,-0.3240526745324164,1.1001385648051316,0.64,TD3
2665,-0.7006757665551383,0.804279292116851,0.57,TD3
2666,-0.4997359785792929,1.0680851381124585,0.6,TD3
2667,-0.5304200913257393,0.9582388327585192,0.66,TD3
2668,-0.6085316878563323,0.9856232088018761,0.62,TD3
2669,-0.5198609434613126,0.8319835038077941,0.57,TD3
2670,-0.6610291519431911,0.7579016050947887,0.58,TD3
2671,-0.49803829250997245,0.7841466240628001,0.66,TD3
2672,-1.1406378019765921,0.6745234763655503,0.54,TD3
2673,-0.019850961555817177,0.8777448273472802,0.66,TD3
2674,-0.6250220005847397,0.9460506078216631,0.5,TD3
2675,-0.5756805699467853,0.7330054290393798,0.62,TD3
2676,-0.7414749748313197,0.7556873108479389,0.57,TD3
2677,-0.3207703408391512,0.8583235218648255,0.63,TD3
2678,-0.8743565815804106,0.8255271777418514,0.55,TD3
2679,-0.7249282107479058,0.7268365353064544,0.65,TD3
2680,-0.6365692849611219,0.8688408648518782,0.61,TD3
2681,-0.6836377622769664,0.9181745063015475,0.59,TD3
2682,-0.18605340028678014,1.0090334233228972,0.63,TD3
2683,-0.49360051359996054,0.9886560180823437,0.59,TD3
2684,-0.9417175726324934,0.7824290440173958,0.58,TD3
2685,-0.6176071523687938,0.7638562253115979,0.56,TD3
2686,-0.3710385956327549,1.0284329643230479,0.55,TD3
2687,-0.6696336491891934,0.8888530425662095,0.53,TD3
2688,-0.6223793374862342,0.8640468969684321,0.6,TD3
2689,-0.46399949376692995,0.9123591345061438,0.68,TD3
2690,-0.6820265252153205,0.8951005515421306,0.63,TD3
2691,-1.0723175189853595,0.6525524963550003,0.62,TD3
2692,-0.5576922267099612,0.9707557507139535,0.61,TD3
2693,-0.6730798095926457,0.8721687090429806,0.53,TD3
2694,-0.022211987780080093,0.9346061840609032,0.68,TD3
2695,-0.7276071814828837,0.8891418326500318,0.59,TD3
2696,-0.6835130985722201,0.9207389894144831,0.58,TD3
2697,-0.6818468623236446,0.8881775363459257,0.58,TD3
2698,-0.2535729400469116,0.9426363836331981,0.68,TD3
2699,-0.28791173620121807,1.107974132454746,0.62,TD3
2700,-0.14995545937015367,1.0602779393559896,0.68,TD3
2701,-1.1351642768470693,0.7698746603554497,0.51,TD3
2702,-0.6026604727094653,0.8311678601934449,0.63,TD3
2703,-0.6222577814937551,0.754233578660526,0.66,TD3
2704,-0.7954929810793839,0.668115883566794,0.58,TD3
2705,-0.46022286229500986,0.892604750183628,0.65,TD3
2706,-1.019077122852334,0.7471484566146849,0.47,TD3
2707,-0.3022920363824218,0.971746792655758,0.69,TD3
2708,-0.4292596360278125,0.7583555771876052,0.56,TD3
2709,-0.9697537380220403,0.7605809992628886,0.55,TD3
2710,-0.9292698830454192,0.7631822496149296,0.57,TD3
2711,-0.2496733921512799,0.8071589476852029,0.6,TD3
2712,-0.17362476332888416,0.9726098707387442,0.65,TD3
2713,-0.670422320523764,0.6792368255961059,0.63,TD3
2714,-0.3985968663331404,0.9132351643791682,0.59,TD3
2715,-0.45838547208887254,0.8964611381504308,0.63,TD3
2716,-0.4144230552479775,1.06901136380876,0.65,TD3
2717,-0.5297206767644816,0.7570343192742974,0.59,TD3
2718,-0.44496323571276575,0.9753044865420395,0.63,TD3
2719,-0.220793646141893,1.0027234492180566,0.6,TD3
2720,-0.8558368828690602,0.9155180433957045,0.59,TD3
2721,-0.8278385065226719,0.8992923024040238,0.55,TD3
2722,-0.4960297155459868,0.9065995922219604,0.59,TD3
2723,-1.0629346166568145,0.7874604122854721,0.53,TD3
2724,-0.5043841424936398,0.8722140560630899,0.63,TD3
2725,-0.4746463110941488,0.9569245480925131,0.65,TD3
2726,-1.0836580490081373,0.7122792740020789,0.53,TD3
2727,-0.755772285336242,0.8405079299115914,0.56,TD3
2728,-0.3556814802954989,1.1192557004861916,0.62,TD3
2729,-0.6541315466547808,0.99263689974209,0.59,TD3
2730,-0.5704919572825146,0.9498647113811011,0.6,TD3
2731,-0.3952941610318084,0.9827601772180075,0.7,TD3
2732,-0.3769749127340495,0.9804993265117755,0.66,TD3
2733,-0.7195718016089496,0.7395709082731705,0.58,TD3
2734,-0.28172984539397716,0.9258589672726919,0.61,TD3
2735,-0.6537400912877199,0.8115366179867659,0.58,TD3
2736,-0.5804975947309131,0.8921110702281099,0.64,TD3
2737,-1.260658182688725,0.6346449190715301,0.58,TD3
2738,-0.8681626733442449,0.8215699985677716,0.53,TD3
2739,-0.3759075112367684,0.8164424795541262,0.66,TD3
2740,-0.9562446585963152,0.8638580568213138,0.53,TD3
2741,-0.6199937112052031,0.974063915204717,0.62,TD3
2742,-0.5425316378456317,0.897479453608013,0.64,TD3
2743,-0.4396715847065595,0.7975842265622721,0.67,TD3
2744,-0.3305354100885473,0.8288770618070386,0.62,TD3
2745,-0.863303087020592,0.8283120820921763,0.57,TD3
2746,-0.20718563873870657,0.9318369550999586,0.67,TD3
2747,-0.13047672219469397,1.0367853378994223,0.65,TD3
2748,-0.2821308433535552,0.8456657247317949,0.6,TD3
2749,-0.6076352823135703,0.9437647993082,0.6,TD3
2750,-0.6443222345145027,0.718808250459699,0.63,TD3
2751,-0.5945411646010682,0.8562544218617367,0.59,TD3
2752,-0.8529338292878315,0.7162649122283551,0.54,TD3
2753,-0.7549744632357747,0.9002821984842931,0.55,TD3
2754,-0.4962542844582337,0.7981711438691036,0.67,TD3
2755,-0.6605849654857567,0.7846160182624938,0.72,TD3
2756,-0.7196996058501367,0.7622492065395252,0.56,TD3
2757,-0.30897200850940715,0.8915154729480348,0.65,TD3
2758,-0.7080703166909277,0.8843592572566046,0.61,TD3
2759,-0.4815775738780432,0.9330902931461516,0.61,TD3
2760,-0.2857416851647415,0.8605085094634229,0.67,TD3
2761,-0.9305737090855072,0.8111942763694215,0.52,TD3
2762,-0.3582911574082452,0.9449623316979724,0.6,TD3
2763,-0.42837218148280676,0.8798349831754376,0.64,TD3
2764,-0.34465579325257745,0.8573703022295476,0.6,TD3
2765,-0.4909931818440967,0.8866423798227843,0.62,TD3
2766,-0.5067448441039395,0.8360670121757302,0.63,TD3
2767,-0.2820090920397599,0.856825468352726,0.61,TD3
2768,-0.4696519621115513,0.7827091948573254,0.67,TD3
2769,-0.1528573685764074,0.9474198636240077,0.66,TD3
2770,-0.43586261839430696,0.9097552861457878,0.64,TD3
2771,-0.5084832137602882,0.8854898654690718,0.6,TD3
2772,-0.8897656581250613,0.8624767359833869,0.59,TD3
2773,-0.4284991211179321,0.9755913978084958,0.61,TD3
2774,-0.788428556175029,0.7298320883699115,0.54,TD3
2775,-0.21528650520675122,1.0513269459227432,0.58,TD3
2776,-0.6406385966834075,0.9961403534873124,0.6,TD3
2777,-0.2242350470104728,0.9761754199149845,0.6,TD3
2778,-0.31513742942834466,0.9513977099568541,0.65,TD3
2779,-0.5861240384618482,0.8371716082576469,0.54,TD3
2780,-0.5124005259289397,0.9888775112936198,0.56,TD3
2781,-0.4335704480016547,0.873550856501951,0.66,TD3
2782,-0.3089469943526521,0.9487448908873681,0.63,TD3
2783,-0.6676006658545164,0.9051033536220098,0.58,TD3
2784,-0.39481862806404133,0.9744212420476289,0.57,TD3
2785,-0.6448458325107133,0.891056736192039,0.64,TD3
2786,-0.8251469934002607,0.8455991615641169,0.49,TD3
2787,0.10641835262923838,1.0369320656522005,0.71,TD3
2788,-0.4142264655462187,0.9758919857564982,0.59,TD3
2789,-1.1311622432195947,0.6905277706977293,0.57,TD3
2790,-0.5260460102225974,0.7505887082521652,0.69,TD3
2791,-1.0030705210403077,0.7474572882846292,0.61,TD3
2792,-0.6655391634844915,0.8776048470037828,0.53,TD3
2793,-0.5881051619424744,0.8671900071072547,0.65,TD3
2794,-0.19055660706856806,0.967362827427001,0.65,TD3
2795,-0.35492879272855427,0.8908709562052146,0.62,TD3
2796,-0.710216921859023,0.7848424047875227,0.58,TD3
2797,-0.6687924401442816,0.8606273971517563,0.63,TD3
2798,-0.47041470004277597,0.8674546541001424,0.64,TD3
2799,-0.7320374553016512,0.8301720550517889,0.58,TD3
2800,0.1478288926967242,0.9627983723994901,0.72,TD3
2801,0.132779720984429,1.1293617236788411,0.7,TD3
2802,-0.49295750919398995,0.8114990142884984,0.69,TD3
2803,-0.17846698774690206,0.9852285490983644,0.68,TD3
2804,-0.477810213712033,0.8601900876572991,0.63,TD3
2805,-0.2666735531742596,0.9562963566849857,0.63,TD3
2806,-0.699338734214771,0.7695030562006722,0.55,TD3
2807,-0.5437561017131791,0.7208427526691872,0.61,TD3
2808,-0.22742266565751668,1.072901210537622,0.67,TD3
2809,-0.4304138359143431,0.9381354115705597,0.62,TD3
2810,-0.672772545601416,0.7412639940710466,0.59,TD3
2811,-0.7638135296926152,0.7771972629554028,0.63,TD3
2812,-0.8539057018174446,0.7423695292546225,0.6,TD3
2813,-0.35642962376690795,0.9902050462518837,0.63,TD3
2814,-0.804870204721666,0.7810548352155845,0.56,TD3
2815,-0.38945588664327246,0.9545134097552592,0.63,TD3
2816,-0.7578894426686973,0.8759793466400677,0.6,TD3
2817,-0.3164876704975548,0.9251503845141152,0.63,TD3
2818,-0.566260329944458,0.8931120155029147,0.69,TD3
2819,-0.6241568113194994,0.9310464755354104,0.57,TD3
2820,-1.1790078355956823,0.5801255823527758,0.6,TD3
2821,-1.0481431437942323,0.7437441432444536,0.57,TD3
2822,-0.5291359118938441,0.9026164273788191,0.55,TD3
2823,-0.19064818969856767,1.0128373523147978,0.64,TD3
2824,-0.4973448232069016,0.838655619172276,0.64,TD3
2825,-0.6607539731156622,0.7419002805089973,0.56,TD3
2826,-0.6145230592521744,0.8784592969691143,0.63,TD3
2827,-0.3434027305529611,0.7932337108923191,0.63,TD3
2828,-0.653229788222616,0.8598389306385553,0.59,TD3
2829,-0.6457569625939749,0.8024875491390813,0.58,TD3
2830,-0.6154988872421685,0.7908293994410832,0.58,TD3
2831,-0.2246249178121434,0.9981365225200285,0.59,TD3
2832,-0.8041829607855653,0.757523492749728,0.56,TD3
2833,-0.513417325216363,0.7599958875864854,0.58,TD3
2834,-0.32579261247525015,0.8326576898718698,0.65,TD3
2835,-0.40291514888235985,1.0476735651583151,0.62,TD3
2836,-0.28541336195402606,1.0143994740411495,0.71,TD3
2837,-0.3750679223679161,0.7276330400121453,0.63,TD3
2838,-0.8364393727856294,0.8229916666757362,0.63,TD3
2839,-0.41842366697712613,0.9693901368994762,0.64,TD3
2840,-0.7124137813858611,0.8703196035159667,0.63,TD3
2841,-0.5465373526217521,0.8774269985375166,0.63,TD3
2842,-0.726894587418458,0.8615105458365122,0.54,TD3
2843,-0.5680870892626704,1.05731937948243,0.59,TD3
2844,-1.1569483900304165,0.8193005525067221,0.43,TD3
2845,-0.3733378171701444,0.9719322808961263,0.64,TD3
2846,-0.7719767877243604,0.772752103669217,0.65,TD3
2847,-0.40656704869505594,0.9096427457889875,0.69,TD3
2848,-0.4846400300253822,0.9535030693246652,0.57,TD3
2849,-0.7139921200932215,0.7620583093325345,0.58,TD3
2850,-0.7062779858436428,0.8550166684945892,0.57,TD3
2851,-0.6480927536012172,0.9114524666308945,0.58,TD3
2852,-0.3014108957207208,0.9028923136853342,0.72,TD3
2853,-0.8567244101058751,0.7824916514461431,0.53,TD3
2854,-0.0834060154594875,0.9825874529498325,0.73,TD3
2855,-0.22232779357373741,0.863844707729908,0.69,TD3
2856,-0.35783228533641803,0.846062102010679,0.72,TD3
2857,-0.5430670564726406,0.8470204710215942,0.62,TD3
2858,-0.6868745389001297,0.8736972021786087,0.56,TD3
2859,0.11332150435035279,1.0627628403720113,0.74,TD3
2860,-0.7148626826068255,1.037078848977665,0.54,TD3
2861,-0.5026447881237779,0.9708107512990353,0.64,TD3
2862,-1.1302783828955472,0.804759312166653,0.56,TD3
2863,-0.4898066316423031,0.8063223355538731,0.64,TD3
2864,-0.5757330688305681,0.8667177964984368,0.58,TD3
2865,-0.703466582250732,0.9069414340274204,0.59,TD3
2866,-0.4103350844684062,0.9344542503842304,0.61,TD3
2867,-0.6576937053787845,0.7264683859206346,0.61,TD3
2868,-0.29449845691628934,0.8742891132806556,0.69,TD3
2869,-0.5183517805819763,0.8289976748858069,0.61,TD3
2870,-0.21506617982212306,0.823603009128196,0.72,TD3
2871,-0.5258979975357669,0.8834830606435085,0.63,TD3
2872,-0.6195025438778738,0.8435857816034033,0.6,TD3
2873,-0.4290197493507864,0.8642733908563318,0.64,TD3
2874,-0.9526632619387169,0.9539127027075034,0.52,TD3
2875,-0.9521084367967196,0.7966973414039252,0.49,TD3
2876,-0.7897397350938344,0.8747579632978276,0.55,TD3
2877,-0.35380698202553856,0.9232691512378999,0.68,TD3
2878,-0.5289790088360966,0.8886037067340312,0.63,TD3
2879,-0.31699440716639765,0.9099787808511169,0.69,TD3
2880,-0.5236453098166871,0.7761821231684788,0.59,TD3
2881,-0.265959274473139,1.073935830226749,0.64,TD3
2882,-0.2775560714719278,1.204453283280327,0.67,TD3
2883,-0.6811274321537937,0.6247294392126181,0.65,TD3
2884,-0.5427811319491377,0.9461903588302824,0.66,TD3
2885,-0.29923776761130644,0.8283726597490645,0.66,TD3
2886,-0.7391905688441426,0.7995382500092749,0.59,TD3
2887,-0.44715327195016014,0.8570169804801919,0.67,TD3
2888,-0.5486411503974501,0.8134769271798824,0.56,TD3
2889,-0.2748332410870688,0.6734917710463203,0.67,TD3
2890,-0.7991512858660286,0.8153588787167206,0.57,TD3
2891,-0.3344306642927821,0.8639730036372109,0.63,TD3
2892,-0.41284808214941215,0.8546962908477431,0.65,TD3
2893,-0.43377691755221987,0.8332052650297079,0.69,TD3
2894,-0.2575419175054244,0.8924503384682312,0.68,TD3
2895,-0.24418531300697083,0.9974887052455585,0.59,TD3
2896,-0.5621292222603996,0.833492061197824,0.57,TD3
2897,-1.012405275107512,0.6705467954537503,0.55,TD3
2898,-0.6833608487964811,0.8978314930047506,0.61,TD3
2899,-0.3191218500669633,0.9299548101153015,0.65,TD3
2900,-0.6340127226051028,0.7570885158743899,0.59,TD3
2901,-0.30027581406869364,0.9598409834158862,0.66,TD3
2902,-0.36242568313775403,0.9817263640947644,0.63,TD3
2903,-0.43226909413946824,1.033529123096185,0.64,TD3
2904,-0.20361703131405068,0.9671196339133142,0.6,TD3
2905,-0.6061055977738694,0.7915643246281162,0.64,TD3
2906,-0.2886452522766238,0.8867306305956029,0.76,TD3
2907,-0.6286796500920118,0.8301353285675488,0.53,TD3
2908,-0.6455649699837833,0.8853407680594677,0.61,TD3
2909,-0.4446722621884466,0.9434968665095553,0.61,TD3
2910,-0.19114445136552388,1.0222904832960258,0.62,TD3
2911,-0.6665277641246385,0.8493894569775918,0.64,TD3
2912,-0.8496107844873526,0.7533840567747943,0.63,TD3
2913,-0.3146415621312232,1.0152376576638327,0.65,TD3
2914,-0.1254176589115199,0.9676619547425753,0.59,TD3
2915,-0.6745706022789225,0.8257039579768997,0.65,TD3
2916,-0.3941043552834649,0.9166113442782224,0.65,TD3
2917,-0.10473825818281612,1.000827342690825,0.69,TD3
2918,-0.44746871165918156,0.953589014478236,0.65,TD3
2919,-0.7168523026792802,0.813861281505364,0.66,TD3
2920,-0.08774557189896598,1.0897516908690943,0.72,TD3
2921,-0.3227029300141752,0.9421401365601398,0.65,TD3
2922,-0.48952844305772736,0.7777414378280854,0.66,TD3
2923,-0.485245265426008,0.9447938884771563,0.66,TD3
2924,-0.9382299424283955,0.7876540057724338,0.55,TD3
2925,-0.36010813996802715,0.8634688474418781,0.65,TD3
2926,-0.7910517000849266,0.8109518373215369,0.56,TD3
2927,-0.4779186908889439,0.9578408000736472,0.56,TD3
2928,-0.6248609713833401,0.8559693691238087,0.64,TD3
2929,-0.3562941230727017,0.970028276396977,0.6,TD3
2930,-0.5359912986470988,0.956303287277716,0.57,TD3
2931,-0.2016478571922444,1.0091449772997354,0.63,TD3
2932,-0.44963848724193456,0.920977421997279,0.65,TD3
2933,-0.812983569096948,0.9158278726053917,0.55,TD3
2934,-0.7387203793953908,0.7960197433643299,0.54,TD3
2935,-0.24628634871928107,1.1357342221462383,0.7,TD3
2936,-0.08763038014460905,0.9671096932518332,0.69,TD3
2937,-0.18614305290029315,1.0088780011069902,0.67,TD3
2938,-0.5066539250325487,0.963254268018359,0.62,TD3
2939,-0.39751796859869204,0.8932628537634932,0.63,TD3
2940,-0.5780501327118693,0.8889162266534615,0.55,TD3
2941,-0.22953974362163077,0.8661424841104699,0.62,TD3
2942,-0.18983210726637495,0.8936506205175734,0.66,TD3
2943,-0.3288266328714379,1.1231236853765871,0.64,TD3
2944,-0.15645909127095373,0.9905828130057617,0.65,TD3
2945,-1.0047730274320474,0.5911366245782586,0.55,TD3
2946,-0.6736640848032338,0.7630953375106571,0.68,TD3
2947,-0.283576163758104,1.0425459989627641,0.63,TD3
2948,-0.7130591248590612,0.9435717891409655,0.57,TD3
2949,-0.16716285085154872,0.9925110542935879,0.62,TD3
2950,-0.7139738016040863,1.007623972471371,0.58,TD3
2951,-0.9986789112891361,0.6812449556685984,0.54,TD3
2952,-0.2880205114531328,0.9750814060055116,0.63,TD3
2953,-0.3840528273745128,0.8193444257407626,0.59,TD3
2954,-0.5053877776804376,0.9228221848889068,0.65,TD3
2955,-0.08926207984744425,0.9880927280341438,0.69,TD3
2956,-0.11498563271956443,0.9782996091370666,0.66,TD3
2957,-0.42693598046041487,0.8130907040565206,0.66,TD3
2958,0.013084087575156262,1.0803706614569644,0.68,TD3
2959,-0.18849039790217245,0.9387166855298215,0.72,TD3
2960,-0.1090212555801094,1.0407740235580278,0.66,TD3
2961,-0.14416801479171898,0.9039851613858277,0.62,TD3
2962,-0.8957880607236407,0.7903386337684668,0.56,TD3
2963,-0.7631866672230093,0.8068849373643645,0.5,TD3
2964,-0.3954656077767171,1.004008877291742,0.58,TD3
2965,-0.44744696849688076,0.8663241314662593,0.56,TD3
2966,-0.1447037063843503,1.1955762100419145,0.58,TD3
2967,-0.7629079250373443,0.8074797358495429,0.61,TD3
2968,-0.180286686052908,1.0070166902232243,0.64,TD3
2969,-0.10935330266112367,1.0840394203646893,0.69,TD3
2970,-0.7076541741711695,1.0384806885009663,0.55,TD3
2971,-0.47289891536865725,1.0774815713769101,0.57,TD3
2972,-0.4737932559117358,0.82896179966323,0.6,TD3
2973,-0.07519844636920259,1.0362207560466434,0.73,TD3
2974,-0.9317391587713304,0.7109317288974306,0.6,TD3
2975,-0.06744045520744071,0.8818070370913076,0.68,TD3
2976,0.006509836617289346,1.0395431863432523,0.67,TD3
2977,-0.40568859388653583,0.8373064371565018,0.65,TD3
2978,-0.69452374754216,0.6974149429634765,0.66,TD3
2979,-0.01638058910992392,1.1720869333997486,0.65,TD3
2980,-0.41082598773801954,0.9572805273602198,0.59,TD3
2981,-1.0175698711928773,0.6678774692927648,0.53,TD3
2982,-0.6430949836461443,0.8034716660631716,0.62,TD3
2983,-0.6417284902963789,0.8444533695010574,0.59,TD3
2984,-0.5342600044668103,0.8210190863233744,0.6,TD3
2985,-0.7605555328128365,0.6774043436267047,0.61,TD3
2986,-0.6469410171989568,0.7797366963539212,0.57,TD3
2987,-0.9081807176523569,0.617994283566287,0.58,TD3
2988,-0.33217591643107147,0.876421034069654,0.7,TD3
2989,-0.646489308122364,0.7717394583464341,0.6,TD3
2990,-0.7068303778031974,0.8421382266469152,0.62,TD3
2991,-0.7790204113077176,0.6955834069710132,0.68,TD3
2992,-0.8026340465101334,0.8863494355012219,0.57,TD3
2993,-0.6891013668744401,0.8396297879818501,0.6,TD3
2994,-0.03133209062419694,1.0761538565970028,0.67,TD3
2995,-0.8572608123409321,0.7308230825102519,0.59,TD3
2996,-0.3952350849214228,0.9577338174716126,0.6,TD3
2997,-0.26997494506999375,0.9312073529113754,0.7,TD3
2998,-0.9078172404938839,0.767723953340259,0.63,TD3
2999,-0.6435503832120404,0.8401680264577552,0.64,TD3
3000,-0.6220934734327506,0.8147089895675284,0.64,TD3
1,-3.827075925954461,0.8721073429098014,0.07,SAC
2,-3.9506748441825006,0.8960063881386514,0.07,SAC
3,-4.105833317744111,0.7717320935267247,0.02,SAC
4,-4.13178007570648,0.8805199343718709,0.02,SAC
5,-3.84714790081114,0.8040919802239668,0.05,SAC
6,-4.094421217993781,0.8277584314980561,0.04,SAC
7,-3.444624488887402,0.9582616925601655,0.08,SAC
8,-4.213642399066441,0.8160629871795265,0.03,SAC
9,-4.109206805163289,0.851426153417682,0.08,SAC
10,-4.314537950639497,0.7066727920485506,0.05,SAC
11,-3.293294190941355,1.1313347249808892,0.05,SAC
12,-2.672023403432373,0.9704564278865813,0.05,SAC
13,-2.02416877286894,0.9700610683290231,0.02,SAC
14,-1.6366722720343965,1.0579947244072088,0.01,SAC
15,-1.540612210008193,1.0394242148553063,0.0,SAC
16,-1.3592388752354017,1.1244797123050252,0.0,SAC
17,-1.4310952989610444,1.039062019473995,0.0,SAC
18,-1.5706441220136436,0.9755461572756343,0.0,SAC
19,-1.0497314659761874,1.1064285830674023,0.0,SAC
20,-1.8014329636829305,1.213161144324083,0.0,SAC
21,-1.2956596974447316,1.1013958606931686,0.0,SAC
22,-1.13043995478787,1.236588207335438,0.0,SAC
23,-1.3365317867710322,1.169320129640377,0.0,SAC
24,-1.6657981757894655,1.0758019852808705,0.0,SAC
25,-1.1910541147001161,1.1780636449639688,0.0,SAC
26,-1.352409659686461,1.1999905825741748,0.0,SAC
27,-1.5694949481548153,0.9728129991135881,0.0,SAC
28,-1.9458510802988973,0.8538110592116319,0.0,SAC
29,-1.3007187012229497,1.1576258065928338,0.0,SAC
30,-1.4829457154255423,1.1630540675881966,0.0,SAC
31,-1.42347091185414,1.071602699197034,0.0,SAC
32,-1.762713375964504,0.9930823634027257,0.0,SAC
33,-1.2797043997087711,1.2122861777969804,0.0,SAC
34,-1.4166835396567177,1.0174381414456262,0.0,SAC
35,-0.9866049688180322,1.196514780031449,0.0,SAC
36,-1.242403850098117,1.3022195043893294,0.0,SAC
37,-1.6962763882855731,1.0048081205691253,0.0,SAC
38,-1.3230107448061699,1.131084290354948,0.0,SAC
39,-1.4167677942904568,1.0910596810886994,0.0,SAC
40,-1.6282137949868507,1.0655464998453235,0.0,SAC
41,-1.7295279459674406,1.168881099266003,0.0,SAC
42,-1.5918787170413338,1.0453642822002829,0.0,SAC
43,-0.9622102588364854,1.170662888115057,0.0,SAC
44,-1.7480117576323506,1.0881078618263862,0.0,SAC
45,-1.0614863993503716,1.1266783370420967,0.0,SAC
46,-1.4703510348826194,1.1691002141164537,0.0,SAC
47,-1.7335837077798655,0.9904237631099957,0.0,SAC
48,-2.1328697435197457,0.8864784596019288,0.0,SAC
49,-1.4500888511187853,1.1366228172389696,0.0,SAC
50,-1.5573809565253343,1.1002945448544172,0.0,SAC
51,-1.4540930141465491,1.0601043933868608,0.0,SAC
52,-1.688747720490114,0.9692612987558195,0.0,SAC
53,-1.3978343981922559,0.9809462730208212,0.0,SAC
54,-1.6871323595299588,1.003008974679812,0.0,SAC
55,-1.2992022215042878,1.2804682221169026,0.0,SAC
56,-1.232638433855677,1.2099160263689923,0.0,SAC
57,-1.593138943684956,1.160475885246898,0.0,SAC
58,-1.465180084773071,0.9815210350806699,0.0,SAC
59,-1.3085841779690817,1.134520844379376,0.0,SAC
60,-1.4377228886885043,1.1267113230862322,0.0,SAC
61,-1.3073130884787962,1.0737075904676896,0.0,SAC
62,-1.7031325292290123,0.9242208486299013,0.0,SAC
63,-1.496083292846742,1.0222985595021286,0.0,SAC
64,-1.2537178745983126,1.0398375413994396,0.0,SAC
65,-1.9428317659597132,0.8252836822413105,0.0,SAC
66,-1.4653363931045886,1.1191371131828547,0.0,SAC
67,-1.4027877274160543,1.115802851816659,0.0,SAC
68,-1.4285258334908155,1.0750769476163164,0.0,SAC
69,-0.8651006549214679,1.3119962582835194,0.0,SAC
70,-1.357107107444166,1.0620186297240364,0.0,SAC
71,-1.4896408208348146,1.025728772404216,0.0,SAC
72,-1.2936118225622226,1.027750351540248,0.0,SAC
73,-1.8434408502559745,0.8528184591536901,0.0,SAC
74,-1.3866509915332295,0.9458033823726331,0.0,SAC
75,-1.4545030045950964,0.9298106318572771,0.0,SAC
76,-1.7386291577743125,1.1449403881770523,0.0,SAC
77,-1.20810945629741,1.327978955029036,0.0,SAC
78,-0.7687518697254485,1.2578106562257685,0.0,SAC
79,-1.2591144073371812,1.1353129122188945,0.0,SAC
80,-1.1811476643970797,1.2178100639250915,0.0,SAC
81,-1.3492756430884874,1.0616543923442707,0.0,SAC
82,-1.8641014427950875,0.838000521759156,0.0,SAC
83,-1.1443600018376432,1.0821059014295928,0.0,SAC
84,-1.2041246157979737,1.0849069857597637,0.0,SAC
85,-1.043859664643125,1.243596944621519,0.0,SAC
86,-1.2845942982374101,1.2010535141295784,0.0,SAC
87,-1.4659416690170477,1.1503929567223319,0.0,SAC
88,-1.6759685060872054,0.9771532632457257,0.0,SAC
89,-1.4195798188347004,1.1147217734358894,0.0,SAC
90,-1.710878648079432,1.1888629527789807,0.0,SAC
91,-1.4521832587846562,1.151765984103911,0.0,SAC
92,-1.7488376915134245,0.9950266169186608,0.0,SAC
93,-1.4623777088954615,1.0859435154609423,0.0,SAC
94,-1.3954448765729424,0.8926844302073218,0.0,SAC
95,-1.0879859619685215,1.0867667062772832,0.0,SAC
96,-1.7773322827722748,0.8775769256713319,0.0,SAC
97,-1.5224478905846135,1.0739876967235797,0.0,SAC
98,-1.3738338153832217,1.1439698901797437,0.0,SAC
99,-1.2691033967953955,0.9461630363311575,0.0,SAC
100,-1.7758266835041963,1.0181731743570546,0.0,SAC
101,-1.6800975805332021,0.9418329250530588,0.0,SAC
102,-1.4747851280968174,1.2718663177689578,0.0,SAC
103,-1.9955413903150867,0.8060105062354281,0.0,SAC
104,-1.583296476926033,1.087296835335696,0.0,SAC
105,-1.1425485377214175,1.0780165536979256,0.0,SAC
106,-1.7535902775873702,0.9815480451298484,0.0,SAC
107,-1.9139860684954075,0.792009611837308,0.0,SAC
108,-1.4262960326735594,1.1617360437434385,0.0,SAC
109,-1.7796936879603686,0.9088688157414101,0.0,SAC
110,-1.5073744800434503,1.0470701878081514,0.0,SAC
111,-1.6154651746378637,0.8913581601474304,0.0,SAC
112,-1.6753140974084557,0.8805150307413886,0.0,SAC
113,-1.5330371055737992,1.080310206489907,0.0,SAC
114,-0.9704876167672271,1.25091197587587,0.0,SAC
115,-1.5558718338552238,1.0081045753980853,0.0,SAC
116,-1.5210983736368875,1.035997723401492,0.0,SAC
117,-1.1981985389008978,1.1042617737559681,0.0,SAC
118,-1.211458593947612,1.1524573124029092,0.0,SAC
119,-1.3718624348044117,1.2634920383396382,0.0,SAC
120,-1.3599440759936068,1.121766118104868,0.0,SAC
121,-1.4616286442812565,1.0122292368956964,0.0,SAC
122,-1.0624393895424733,1.3693049744997774,0.0,SAC
123,-1.7885980140716273,1.197655920830134,0.0,SAC
124,-1.6878284597921334,0.9106994266928016,0.0,SAC
125,-1.6190921780434795,1.0214970544498714,0.0,SAC
126,-1.2308725594391465,1.149504760176714,0.0,SAC
127,-1.2060474472258271,1.1458852304700637,0.0,SAC
128,-1.259927029580594,1.0316378049363524,0.0,SAC
129,-1.41287737653158,0.9466294878584779,0.0,SAC
130,-1.6715598006192887,1.0219959911856271,0.0,SAC
131,-1.272377111428088,1.0469849222194652,0.0,SAC
132,-1.0533888587029139,1.1974292227074625,0.0,SAC
133,-1.5725568664506406,1.0886808441238376,0.0,SAC
134,-1.6877239376422934,0.9558991920502211,0.0,SAC
135,-1.2103059864888557,1.116920704725937,0.0,SAC
136,-1.1411904319232224,1.1792609064054762,0.0,SAC
137,-1.3450843047953278,1.0704729944152702,0.0,SAC
138,-1.5038240060724453,1.1034656681451136,0.0,SAC
139,-1.2061567854490785,1.2291205373336647,0.0,SAC
140,-1.663731000695751,1.0123272666496639,0.0,SAC
141,-1.983903188381767,1.1427594423654326,0.0,SAC
142,-1.7768851345694368,0.8951684084574083,0.0,SAC
143,-1.8254278143637483,0.8942539534033151,0.0,SAC
144,-1.4881580633760942,0.98002776504963,0.0,SAC
145,-1.1037594032367906,1.2132661546111414,0.0,SAC
146,-1.3073133950896638,1.0147773876081871,0.0,SAC
147,-1.0922741484470233,1.1111248326884813,0.0,SAC
148,-1.3244695973907887,1.160928772743105,0.0,SAC
149,-1.3240516376559452,1.1125880069542569,0.0,SAC
150,-1.4278651318460223,1.0842306674910334,0.0,SAC
151,-1.5524746824794518,0.8981642644872803,0.0,SAC
152,-1.4218892014105262,1.1172403460412506,0.0,SAC
153,-1.476325762215484,1.0700214941659407,0.0,SAC
154,-1.7394860578653144,0.9809131221289447,0.0,SAC
155,-1.2657835006206415,1.0949492497324582,0.0,SAC
156,-1.310602365146197,1.072968883188619,0.0,SAC
157,-1.2462593492192167,1.129696806875381,0.0,SAC
158,-1.3779328798440411,1.0575494022571592,0.0,SAC
159,-1.723759717822995,1.0802869146430647,0.0,SAC
160,-1.2970989882182733,1.2074254902168444,0.0,SAC
161,-1.4343204801519267,1.1128310197573896,0.0,SAC
162,-1.4139626243269416,1.306521208737213,0.0,SAC
163,-1.3666839443464682,1.1744315437140156,0.0,SAC
164,-2.096335442133981,0.7190197443156384,0.0,SAC
165,-1.4409051750113375,1.1244108149701963,0.0,SAC
166,-1.158592159099088,1.1160111591213973,0.0,SAC
167,-1.553073261174571,1.1735154119139652,0.0,SAC
168,-1.8820969456692194,0.8317722757400641,0.0,SAC
169,-1.3617346245775408,1.2064187201612158,0.0,SAC
170,-1.553423386238077,0.9920091859102996,0.0,SAC
171,-1.905033392480255,0.8557676598000445,0.0,SAC
172,-1.1511736012597122,1.2680924604132076,0.0,SAC
173,-1.4585906846912908,0.9631235009471405,0.0,SAC
174,-1.4052449109674603,1.2216217325539356,0.0,SAC
175,-1.7151124707892003,1.0032813272028074,0.0,SAC
176,-1.5984822560454186,1.1111965713873917,0.0,SAC
177,-1.2921306541505646,1.2357646521620036,0.0,SAC
178,-1.639607823265425,1.0963796407272026,0.0,SAC
179,-1.5277389755450264,1.258932844394908,0.0,SAC
180,-1.239872070307925,1.157241806315656,0.0,SAC
181,-1.5164079481221346,0.9586378061185856,0.0,SAC
182,-1.280598383073219,1.045375823408557,0.0,SAC
183,-1.5562754156747503,1.0187828990084666,0.0,SAC
184,-1.5394575138897286,1.0978530088685583,0.0,SAC
185,-1.8157072072058147,0.9702826308911062,0.0,SAC
186,-1.4754424929559786,1.007139414834585,0.0,SAC
187,-1.130908051463909,1.134440006773499,0.0,SAC
188,-1.721364016919526,1.1329665574047918,0.0,SAC
189,-1.7861102315002177,1.0772823975433419,0.0,SAC
190,-1.5769954517781404,0.9232799420811442,0.0,SAC
191,-1.8884928155606706,0.8529077007144781,0.0,SAC
192,-1.9218004060496492,0.9756739721337224,0.0,SAC
193,-1.5315085419234118,1.0101289198399421,0.0,SAC
194,-1.060165674108821,1.2805648246353976,0.0,SAC
195,-1.2493526664886954,1.2295024788023954,0.0,SAC
196,-1.4457980394996006,1.0503209800002613,0.0,SAC
197,-1.3509439049021046,1.081095240401442,0.0,SAC
198,-1.3584630944792022,1.1804787808923656,0.0,SAC
199,-1.6111419811462293,1.0433665714358318,0.0,SAC
200,-1.5655448452548029,1.0323931711986518,0.0,SAC
201,-1.5497762761702134,0.9674619342013591,0.0,SAC
202,-1.1850100348774968,1.1648164041811553,0.0,SAC
203,-1.3371770717417713,1.0690436130118357,0.0,SAC
204,-2.0112694920846117,0.9297240716744942,0.0,SAC
205,-1.2975459578554602,1.346539533616461,0.0,SAC
206,-1.6468950177191521,1.0350948166691376,0.0,SAC
207,-1.0875193628790403,1.1340630120718105,0.0,SAC
208,-1.153386636623281,1.205111980751405,0.0,SAC
209,-1.83741957461964,0.9843090572241574,0.0,SAC
210,-2.022407550166356,0.965664446648899,0.0,SAC
211,-1.13417528661636,1.1583702542150172,0.0,SAC
212,-0.9195925963971334,1.2717005262945182,0.0,SAC
213,-1.2221426710593286,1.2087319190425208,0.0,SAC
214,-1.6126496967785116,0.9891406124426149,0.0,SAC
215,-1.1371051915781736,1.2698375982487653,0.0,SAC
216,-1.3790316530163285,1.1249737978846281,0.0,SAC
217,-1.196074662391211,1.2227616974202555,0.0,SAC
218,-1.691779832591442,0.9644671170565163,0.0,SAC
219,-2.0654561250256513,0.9650194686381098,0.0,SAC
220,-1.5032023142820565,1.0495953398225215,0.0,SAC
221,-1.7039954592826236,1.007249082986804,0.0,SAC
222,-1.5070674539118203,1.0460936129349805,0.0,SAC
223,-1.3247752794603915,0.9664261357706856,0.0,SAC
224,-1.2049539357491619,1.2093430338607067,0.0,SAC
225,-1.3374208381586925,1.074341977592185,0.0,SAC
226,-1.404263238338805,1.1639390009070074,0.0,SAC
227,-1.388168204079295,1.1734299520717866,0.0,SAC
228,-1.5973075818620281,0.7746610051546798,0.0,SAC
229,-1.2829273667759116,1.0838811756902305,0.0,SAC
230,-1.49874909750755,1.0068547334160711,0.0,SAC
231,-1.3285799909558786,1.0496190869949837,0.0,SAC
232,-1.7934626118192396,0.968018565738814,0.0,SAC
233,-1.1735345575283838,1.0911712766344903,0.0,SAC
234,-0.7090424959479873,1.3154703592262051,0.0,SAC
235,-1.5749640270433505,1.08722949429069,0.0,SAC
236,-1.4544565542224261,1.1853482967521423,0.0,SAC
237,-1.3061050643711434,1.1735570213858677,0.0,SAC
238,-1.4724927436157484,1.0196283537072608,0.0,SAC
239,-1.1479542447254008,1.134782570261438,0.0,SAC
240,-1.506726931710756,1.221417376331013,0.0,SAC
241,-1.4936802355785082,1.1193012836967946,0.0,SAC
242,-1.903421163488578,0.9778446057847043,0.0,SAC
243,-1.0342599609352872,1.164965886690407,0.0,SAC
244,-1.2831446062945968,1.2007913060050186,0.0,SAC
245,-1.0789641105105843,1.2994565525277404,0.0,SAC
246,-1.5931908897940064,1.0268766411806616,0.0,SAC
247,-1.1279423100579888,1.2010360154184128,0.0,SAC
248,-1.5642615508889974,1.022583612725314,0.0,SAC
249,-1.1844582819587846,1.25325398105174,0.0,SAC
250,-1.2119398864686743,1.1903854114424246,0.0,SAC
251,-1.3863632763539762,1.2284046054197555,0.0,SAC
252,-1.355570269889325,1.1586349664526343,0.0,SAC
253,-1.5805348684696678,0.9709355667787085,0.0,SAC
254,-2.0338340078580623,0.832184949203642,0.0,SAC
255,-1.3978965108602421,1.1671440865899698,0.0,SAC
256,-1.3385360405546718,1.230121803168298,0.0,SAC
257,-1.429759186038887,1.096483139187468,0.0,SAC
258,-1.8909777346342194,0.9507009775768474,0.0,SAC
259,-1.5475173968928966,1.0195950620696734,0.0,SAC
260,-1.4249048876739991,1.0570554417373088,0.0,SAC
261,-1.4636862854736996,1.121907416193865,0.0,SAC
262,-1.1126470005555884,1.1560989902244856,0.0,SAC
263,-1.7346921819222132,0.9713073029097444,0.0,SAC
264,-1.3187786523078924,1.2338928645117782,0.0,SAC
265,-1.2082077727544083,1.2473893252256827,0.0,SAC
266,-1.188753174664002,1.101925244768335,0.0,SAC
267,-1.3808249359728262,1.1907982403647397,0.0,SAC
268,-1.6567274373304384,1.0454979234408317,0.0,SAC
269,-0.9003898762496821,1.3432405242362888,0.0,SAC
270,-2.06107259907975,0.8511952252324936,0.0,SAC
271,-2.031485955592435,0.9108937998805408,0.0,SAC
272,-1.5276535324696028,0.9839675711223285,0.0,SAC
273,-1.679037632588742,1.0780987215612299,0.0,SAC
274,-1.4949231623930017,1.2374721186707989,0.0,SAC
275,-2.0932582772373958,0.8183079754020421,0.0,SAC
276,-1.2581077566509942,1.0500918318026156,0.0,SAC
277,-1.5925895424186864,1.0755377005237652,0.0,SAC
278,-1.719699797697933,0.9760583360642019,0.0,SAC
279,-1.5398384816125716,0.8988759625183763,0.0,SAC
280,-1.712285338872261,1.0275947305116124,0.0,SAC
281,-1.6843114091898865,1.052852453433419,0.0,SAC
282,-1.5451226209568512,0.9602675383706806,0.0,SAC
283,-1.6334505675563178,1.1039167180823306,0.0,SAC
284,-1.4375150596323545,1.1508474065880003,0.0,SAC
285,-1.2126943899923612,1.1526971309775351,0.0,SAC
286,-1.43075310378753,1.0867236247252285,0.0,SAC
287,-1.7983510096686675,1.1479646842688092,0.0,SAC
288,-1.8990646659401178,1.081184565235372,0.0,SAC
289,-1.5925214955677172,1.1706805609231472,0.0,SAC
290,-1.6980111278202883,0.9565962929842313,0.0,SAC
291,-1.9788923485320933,0.9411066205446694,0.0,SAC
292,-1.667260566132383,1.082679254426731,0.0,SAC
293,-2.006543077865821,0.917179865600355,0.0,SAC
294,-1.3142707533628573,1.066977818758746,0.0,SAC
295,-1.4211447327466524,1.0834168677245888,0.0,SAC
296,-1.0954436106996446,1.246155109632021,0.0,SAC
297,-1.4543834211754512,1.0269964253602477,0.0,SAC
298,-1.612975160330806,0.99530377181754,0.0,SAC
299,-1.310252209470542,0.9764576630804698,0.0,SAC
300,-1.286090751004639,1.1723606571835334,0.0,SAC
301,-1.567120568804848,1.0877421569982877,0.0,SAC
302,-1.9406464444892182,0.8523051200902492,0.0,SAC
303,-1.960983800843948,0.9465476556882004,0.0,SAC
304,-1.5906142366633036,1.015478034526611,0.0,SAC
305,-1.5113940088548137,1.0642768602487058,0.0,SAC
306,-1.3751023048859756,1.2572027585999472,0.0,SAC
307,-1.6061582983920795,1.2202489159048293,0.0,SAC
308,-1.943986268804838,0.8457164787146315,0.0,SAC
309,-0.866684098691036,1.4640123249156658,0.0,SAC
310,-0.8112485753554336,1.2875810828584449,0.0,SAC
311,-1.334403599260545,1.0975424194153878,0.0,SAC
312,-1.641728361996915,0.9993259569109975,0.0,SAC
313,-1.3163024554367118,1.2047815912540696,0.0,SAC
314,-1.2571684231254203,1.1311171009558774,0.0,SAC
315,-1.3661625556880992,1.0722749620369993,0.0,SAC
316,-1.35251142585406,1.0744935712174546,0.0,SAC
317,-1.1815491730522403,1.2203398303066055,0.0,SAC
318,-1.9503593118370273,0.8578609777276125,0.0,SAC
319,-1.133713545362126,1.1947445940757353,0.0,SAC
320,-2.3484887842102,0.8756503372991371,0.0,SAC
321,-1.1530320496609374,1.12256228934896,0.0,SAC
322,-1.7111568301500306,1.0425989488016847,0.0,SAC
323,-1.726856014184722,1.0561619272325091,0.0,SAC
324,-1.4156725288818064,1.177738620360149,0.0,SAC
325,-1.0638634725861358,1.2389665066259146,0.0,SAC
326,-1.2953712641559354,1.0921586995520434,0.0,SAC
327,-1.4805891150163593,1.1255637632397515,0.0,SAC
328,-1.9588470129742754,1.020222254455948,0.0,SAC
329,-1.0445413522469849,1.221163153649703,0.0,SAC
330,-1.4954704088543815,0.9435658178789302,0.0,SAC
331,-1.04193278296633,1.247492665644855,0.0,SAC
332,-1.4271402017183064,1.0455049755632617,0.0,SAC
333,-1.112134698983338,1.1683239261432516,0.0,SAC
334,-1.5356763656278174,1.1480953653771424,0.0,SAC
335,-1.8465199221249309,1.0300148886067955,0.0,SAC
336,-1.8050400548104508,0.9704967856220823,0.0,SAC
337,-1.619017996097554,0.9104009250610708,0.0,SAC
338,-1.2830406254596465,1.1552459676040547,0.0,SAC
339,-1.6623864228290588,1.230716288454427,0.0,SAC
340,-1.3685460407452823,1.0980411757087836,0.0,SAC
341,-1.3135876422041095,1.104074831799729,0.0,SAC
342,-1.2492498098986327,1.1063122977335806,0.0,SAC
343,-1.2811555873580713,1.152323593498576,0.0,SAC
344,-1.5340498376290699,1.0383608350871047,0.0,SAC
345,-1.0931701257111133,1.146358339963795,0.0,SAC
346,-1.3682279919493678,1.1032126445170998,0.0,SAC
347,-1.7791208266865683,0.8962944909192985,0.0,SAC
348,-1.8412273915431907,0.83665767708252,0.0,SAC
349,-1.254189203518275,1.0500689527865072,0.0,SAC
350,-1.3741816351086913,1.014307529209782,0.0,SAC
351,-1.517102626810304,1.0337010201161372,0.0,SAC
352,-1.576319826076474,0.9973631502823795,0.01,SAC
353,-1.5595461421539878,1.0906742526934599,0.06,SAC
354,-1.317704084427297,1.1319083995522135,0.04,SAC
355,-1.491103738571725,0.9209344897481825,0.16,SAC
356,-1.4201651078824642,0.9756052688289282,0.15,SAC
357,-1.304563425704291,0.900260051976201,0.17,SAC
358,-1.0397790577764963,1.1470282258081805,0.17,SAC
359,-1.1084984239025741,1.0577322170500685,0.13,SAC
360,-1.8504291224888316,0.8182936598037783,0.08,SAC
361,-0.9301686964802208,1.0619321429119126,0.23,SAC
362,-1.7885801818103744,0.8225796489629815,0.12,SAC
363,-1.1638391020666359,1.1151371210298664,0.19,SAC
364,-1.3496200364045752,0.9997558293310376,0.18,SAC
365,-0.6607350014968381,1.0115451637888357,0.19,SAC
366,-1.4924911368566902,0.9068198323568761,0.15,SAC
367,-1.4321117832746275,0.9475667052925436,0.16,SAC
368,-1.5200586515458447,0.7811151590592909,0.13,SAC
369,-1.5248089858995357,0.8989451022647895,0.16,SAC
370,-1.3079859275606418,0.8826146890043555,0.16,SAC
371,-1.25892744835661,0.9743046066691196,0.19,SAC
372,-1.7026194310558256,0.8112078455885947,0.13,SAC
373,-1.6916035139542194,0.9691684185973428,0.17,SAC
374,-1.6531236265507343,0.8691495976024415,0.17,SAC
375,-1.2436073035467137,1.0092238257223096,0.16,SAC
376,-1.385057887371041,0.8160813287609423,0.14,SAC
377,-1.311431448681551,0.9272272732380321,0.19,SAC
378,-1.9216635254656182,0.8545518293131232,0.13,SAC
379,-1.324156774606966,0.9680729493958357,0.2,SAC
380,-1.436388754696929,1.0523441873989867,0.12,SAC
381,-1.3281432501485273,0.9026526975030247,0.25,SAC
382,-0.876751984890284,1.0070669839622213,0.27,SAC
383,-1.3508823330539799,1.0989885349504835,0.18,SAC
384,-1.2679259283222764,0.9731355144367878,0.15,SAC
385,-0.7526619850308104,1.087937944920262,0.24,SAC
386,-1.2266480002685967,0.9092986457909276,0.22,SAC
387,-1.7081931998739868,0.9855872006723966,0.15,SAC
388,-0.8223212248174789,1.2502331634860098,0.22,SAC
389,-1.373698052267718,0.8529732944298317,0.19,SAC
390,-1.2120575336721569,1.039034825101654,0.11,SAC
391,-1.5241167207188735,0.9324397202399081,0.17,SAC
392,-1.4868589069338836,0.9091831922212341,0.24,SAC
393,-1.5025028580796025,0.9547626724255095,0.22,SAC
394,-1.1398972780186705,0.9831970296413644,0.19,SAC
395,-1.3604505124600776,0.867675043857043,0.23,SAC
396,-1.7355271190670118,0.899986164166761,0.16,SAC
397,-1.2230650870789888,1.1122456680260757,0.13,SAC
398,-1.191102454257657,0.9843721405995604,0.16,SAC
399,-1.5336005382497648,0.9017943349628927,0.16,SAC
400,-1.5601254619717424,0.9692088293536725,0.16,SAC
401,-1.3728911642884052,0.7752093285096759,0.23,SAC
402,-1.6364874413714015,0.7421229680549278,0.2,SAC
403,-1.4567706761450057,0.9509203769001615,0.22,SAC
404,-0.961294783278056,0.9999173954651225,0.26,SAC
405,-1.5351021606282385,0.8937090058996071,0.15,SAC
406,-1.3583675937008888,0.8274151382784836,0.2,SAC
407,-1.3637816051648597,0.8345753820798553,0.19,SAC
408,-1.5252134657416527,0.9378495473089191,0.2,SAC
409,-1.0327740879260958,0.9499920279860692,0.21,SAC
410,-1.1760892240731746,0.9391820533336027,0.14,SAC
411,-1.3468577379382756,1.0660309484595327,0.08,SAC
412,-1.4401813138996582,0.9659459051430183,0.17,SAC
413,-1.0983427331602307,0.9351112061756544,0.16,SAC
414,-1.4668604087159947,0.8996262479043557,0.17,SAC
415,-1.2560139911176205,0.9301663681228459,0.18,SAC
416,-1.2419790753815898,0.9613114540590599,0.21,SAC
417,-0.6156471378332019,1.2475187565731054,0.26,SAC
418,-1.3637884916725653,0.9721491480448645,0.15,SAC
419,-0.8897433912024009,1.0693347251014635,0.14,SAC
420,-0.8885993858278263,1.0836814266845012,0.19,SAC
421,-1.2215227172332506,0.9795664797978975,0.22,SAC
422,-1.411862523072356,0.9275384017975834,0.14,SAC
423,-0.4607449911162193,1.2494311464659136,0.28,SAC
424,-0.9132258957913447,1.0328384266411426,0.14,SAC
425,-1.2687286491363918,1.0582013660838432,0.17,SAC
426,-1.2341320267845037,0.9799791096617639,0.2,SAC
427,-0.9247966322511586,0.9674368431895738,0.25,SAC
428,-1.5760049247976011,0.856325115109386,0.26,SAC
429,-1.3412620340279298,0.9257207035521782,0.19,SAC
430,-1.4583530379815641,0.874681163589811,0.17,SAC
431,-1.7040504358555852,0.8568032719550814,0.14,SAC
432,-0.6933857275017096,0.9811515932502622,0.24,SAC
433,-1.3578885631861883,0.9325922325915532,0.21,SAC
434,-1.0593370640134994,0.9928986032025429,0.22,SAC
435,-1.5962410388782338,0.7853964120781779,0.13,SAC
436,-1.0308926876568558,1.0231918632303607,0.22,SAC
437,-1.1790589863097947,0.9355445379214484,0.21,SAC
438,-1.1040894731841333,1.0262279969702528,0.23,SAC
439,-1.207201634035061,1.033004750148738,0.19,SAC
440,-1.3732927583462817,0.9890177763060553,0.19,SAC
441,-1.0101044049050942,1.0713155827236844,0.22,SAC
442,-0.9354728787907151,0.9046023270929683,0.2,SAC
443,-0.9753778463848697,1.0895610574097372,0.22,SAC
444,-1.4130180718705372,0.8657289109736552,0.2,SAC
445,-1.2571015974369735,0.8935848773136569,0.25,SAC
446,-0.5130365512881186,1.0711377372707735,0.37,SAC
447,-1.6841480899280483,0.82344167427363,0.21,SAC
448,-1.5762187855362664,0.8273868651189084,0.19,SAC
449,-1.3577912416681304,0.837893416374569,0.19,SAC
450,-1.5166432086438113,0.7704176214531838,0.2,SAC
451,-0.8412318327383079,1.0628973281177547,0.26,SAC
452,-1.414272798057782,0.7759531133903939,0.25,SAC
453,-1.5670961868647715,0.7889588769365511,0.2,SAC
454,-1.2463921767913004,0.9585726361508543,0.21,SAC
455,-1.061983135693027,0.8058561597010636,0.27,SAC
456,-1.462670755740303,0.8701305088741694,0.22,SAC
457,-1.3039292276939074,0.8114447630270415,0.25,SAC
458,-1.4417065942521718,0.8491873327581856,0.14,SAC
459,-1.1992389210665986,0.9393599686010335,0.23,SAC
460,-1.2771470393497546,1.080390896088459,0.21,SAC
461,-0.5890470550284972,1.1292085184115368,0.21,SAC
462,-1.4163474579675985,0.9295880801192014,0.13,SAC
463,-1.1621335150743328,0.9351923420930681,0.2,SAC
464,-1.2480440398097157,0.8432530097791852,0.18,SAC
465,-1.0725869024619066,0.9038444614082758,0.17,SAC
466,-1.2235019149200363,0.8728533606498953,0.2,SAC
467,-1.1461948763201537,0.8502064022078244,0.24,SAC
468,-0.9141343820223217,0.907132127808446,0.26,SAC
469,-1.2958920051003662,0.9444935995041223,0.26,SAC
470,-1.4283291141676278,0.8811683890940957,0.22,SAC
471,-1.4401769226390146,0.8832636992816958,0.24,SAC
472,-1.419812707098958,0.7843089698553295,0.23,SAC
473,-1.2740352887737303,0.772069712899264,0.16,SAC
474,-1.3505986796475338,0.8831516414663553,0.23,SAC
475,-0.849230469105522,1.0045484935607112,0.21,SAC
476,-0.9877183639855215,1.068467248126111,0.24,SAC
477,-1.4813729047829987,0.8041424904009062,0.29,SAC
478,-1.2212431254904192,0.9791588945818759,0.23,SAC
479,-0.9634695804154798,0.9690451564130091,0.29,SAC
480,-1.7261446649624415,0.7333611250219718,0.16,SAC
481,-1.3332133867674503,0.7912926992315141,0.25,SAC
482,-1.3217826924395828,0.8346107881665084,0.18,SAC
483,-1.2931769833587825,0.8251926285186929,0.22,SAC
484,-1.5316557539716016,0.9230498242816839,0.23,SAC
485,-1.0314055225178962,0.9843603842547058,0.17,SAC
486,-1.2154018368138144,0.9043641444555655,0.23,SAC
487,-1.3120484428273778,0.8639082736433288,0.25,SAC
488,-0.9670383971239853,0.9285940536267016,0.22,SAC
489,-1.4339715503407822,0.8611270337359984,0.22,SAC
490,-1.0253093834945834,0.8596595703351925,0.24,SAC
491,-1.1729207840639508,1.02204344416377,0.22,SAC
492,-1.0746205027947022,0.9575809473387816,0.28,SAC
493,-1.260525681044681,0.9482072620196675,0.23,SAC
494,-1.2205818469042857,0.8660327729505309,0.17,SAC
495,-1.3416584655919466,0.8638330458959456,0.22,SAC
496,-0.8719123234611402,0.9040828242644829,0.24,SAC
497,-1.3467873021182546,0.8370185389616374,0.2,SAC
498,-1.6183044263495086,0.8048782887372044,0.17,SAC
499,-0.8932017329882715,1.073864992943113,0.22,SAC
500,-1.4245785079057143,0.9018542882158179,0.19,SAC
501,-1.3535445413503782,0.850600165134156,0.24,SAC
502,-1.4319646771766346,0.7884008533807517,0.18,SAC
503,-1.21883407668293,0.933955404104887,0.21,SAC
504,-1.3525009365882612,0.8449762117858319,0.14,SAC
505,-1.283194398556675,1.0577146330943306,0.18,SAC
506,-1.3415039225249676,0.8288480587508738,0.24,SAC
507,-1.2234880739461138,0.8844611317466874,0.19,SAC
508,-1.2381492558573906,1.0906923865981435,0.21,SAC
509,-1.0913581209141656,0.9230531110539839,0.24,SAC
510,-1.2487885248823345,0.7833874036592787,0.28,SAC
511,-1.2056073967566971,0.7581961281038154,0.21,SAC
512,-1.2485877234145173,0.7566627724659466,0.21,SAC
513,-1.5051185682863804,0.7470604796225909,0.22,SAC
514,-0.7557664254945906,1.054582829205965,0.15,SAC
515,-0.7828564422612873,1.054028705287596,0.29,SAC
516,-1.2808710249824855,0.8685968726406788,0.2,SAC
517,-0.896090711524171,0.907816082320564,0.28,SAC
518,-1.3255651078975654,0.8186047603344576,0.22,SAC
519,-1.3673634651760065,0.8740930742168501,0.15,SAC
520,-1.3302985846910098,0.9561284696888142,0.17,SAC
521,-1.241541083615198,0.8761446053732321,0.2,SAC
522,-0.7185974277727254,1.1792060931326152,0.29,SAC
523,-1.4742073292839808,0.8359108203782465,0.2,SAC
524,-1.2326366177103323,0.9525632842760345,0.24,SAC
525,-1.0990158545844784,0.9073624223111542,0.21,SAC
526,-0.8004892475581709,1.0529173477308404,0.25,SAC
527,-1.2134474701676095,0.9152842124151236,0.25,SAC
528,-1.1435024870109232,0.9184499370515653,0.24,SAC
529,-1.3321380284666904,0.9842837632127734,0.2,SAC
530,-1.22490806436412,1.005953944071561,0.2,SAC
531,-1.304176244414624,0.9002581249311405,0.23,SAC
532,-0.7063915382737613,1.0038380998887346,0.28,SAC
533,-1.2699217329225236,0.7853488920832647,0.21,SAC
534,-1.3051575352854843,1.0068234046784164,0.16,SAC
535,-1.547922658655896,0.7965471853459823,0.17,SAC
536,-1.3347610287728588,0.8661677089050502,0.19,SAC
537,-1.1028146325262171,0.885419516569436,0.2,SAC
538,-1.3769015660010029,0.8995751432695098,0.21,SAC
539,-1.1067426541850856,0.8876218443767848,0.16,SAC
540,-1.4095916735897356,0.882981729461937,0.15,SAC
541,-1.188067385295652,0.8800294312005704,0.23,SAC
542,-0.7769801379352438,1.0285205733085814,0.27,SAC
543,-1.3515682982745778,0.9126033444332373,0.24,SAC
544,-1.397419970719848,0.9057807276232174,0.19,SAC
545,-1.4414588405192348,0.8419626035110399,0.22,SAC
546,-1.3857333946483212,0.8742207273129098,0.23,SAC
547,-0.9684379701977355,0.9950183480738997,0.27,SAC
548,-1.450101069807833,0.9221871950668973,0.18,SAC
549,-1.1431764739589556,0.9965320224399582,0.21,SAC
550,-1.7877442513454782,0.9375995188433515,0.22,SAC
551,-1.0845420022160313,0.9683819204582876,0.2,SAC
552,-1.370554872554042,0.8858267352363608,0.21,SAC
553,-0.8794317989310919,0.9518090871695906,0.25,SAC
554,-1.6944362897009717,0.7160155264544737,0.19,SAC
555,-1.290486655862651,0.9040028335480117,0.22,SAC
556,-1.418664226180357,0.7121523858331638,0.18,SAC
557,-0.7144913640155234,1.1850812210871575,0.29,SAC
558,-1.2223098988609815,0.8763175400852893,0.19,SAC
559,-1.6107393415295435,0.7773710897838002,0.22,SAC
560,-2.1363999240995666,0.6864559266568032,0.19,SAC
561,-0.8387867181093361,0.9246466215433733,0.23,SAC
562,-1.0036324339283886,0.929466167961,0.26,SAC
563,-0.8822683838666113,0.990058018209733,0.23,SAC
564,-1.6444868111509154,0.8968458539230675,0.15,SAC
565,-1.4421687973659743,0.8948607964102449,0.26,SAC
566,-1.4260601147061087,0.7783496228580471,0.25,SAC
567,-1.1532064181942434,0.8709586966720502,0.19,SAC
568,-1.2753694220567848,0.7894066388105521,0.19,SAC
569,-0.8365384763792026,0.9757263319381384,0.29,SAC
570,-1.5632855881674763,0.9373836367416021,0.23,SAC
571,-0.5844677062614418,1.0154738266637267,0.26,SAC
572,-0.819015575203394,1.0778805725191656,0.24,SAC
573,-1.4177702105160879,0.848871573605026,0.24,SAC
574,-1.035202824460676,0.9543986156315531,0.18,SAC
575,-1.2559071664540808,0.816461966187021,0.22,SAC
576,-1.1403406515659495,0.8616739156077269,0.24,SAC
577,-1.0603734283766588,0.9858609281080032,0.27,SAC
578,-1.284681318932341,0.8050277458817674,0.23,SAC
579,-1.3735376703052875,0.9135115991373991,0.18,SAC
580,-1.5487394659908995,0.930648897796012,0.19,SAC
581,-1.1842548235414783,0.9089755196233889,0.26,SAC
582,-1.237174412878935,0.8149629568026175,0.17,SAC
583,-1.346504964325556,0.9873759801406317,0.26,SAC
584,-1.1110443818688576,0.9270434740975468,0.22,SAC
585,-0.8292371872028584,0.9255235657473193,0.27,SAC
586,-1.3085558542616453,0.9459586218473853,0.28,SAC
587,-0.8306938501898479,1.0356434318653078,0.25,SAC
588,-1.4320100437230316,0.8034504974629101,0.18,SAC
589,-1.206045980947311,0.6998113482146404,0.28,SAC
590,-1.3303667259089107,0.8437080685752463,0.2,SAC
591,-1.4592910212461323,0.7922248655237791,0.2,SAC
592,-1.5714668178008748,0.9209989120058283,0.26,SAC
593,-1.182194597353615,0.8712773938573477,0.22,SAC
594,-1.4114893318587074,0.9352267138699285,0.17,SAC
595,-1.3235618790816988,0.8356135632713958,0.21,SAC
596,-0.9225571464823265,1.0408377067082606,0.27,SAC
597,-1.300678793458774,0.9074135643725465,0.19,SAC
598,-1.1425877219906666,0.8882974559007323,0.23,SAC
599,-1.1813940444562936,0.9359948783787416,0.2,SAC
600,-1.1586765328935698,0.9392626187894326,0.16,SAC
601,-1.2130994374284,0.7743855113912539,0.17,SAC
602,-1.0680216971134384,1.054533241959125,0.28,SAC
603,-0.8711045830494974,0.9197682169434549,0.27,SAC
604,-0.9626017348452934,1.1282204578157615,0.25,SAC
605,-1.0743933103650574,0.9084414324129979,0.2,SAC
606,-0.9993561500725052,0.883936881319296,0.26,SAC
607,-1.6697712647947107,0.8392796887640597,0.15,SAC
608,-1.3357467717992113,0.895029519291513,0.27,SAC
609,-0.6449349724106775,0.9328220477178035,0.27,SAC
610,-1.1711513247711443,0.8915602917883938,0.2,SAC
611,-1.1834631453384268,0.9013459474717199,0.22,SAC
612,-1.3021097169091698,0.8297329089585415,0.23,SAC
613,-1.2081027129733355,0.8967908941105505,0.18,SAC
614,-0.9538300713428985,0.9275309487079553,0.3,SAC
615,-1.0559020451531687,0.9209838206216463,0.19,SAC
616,-1.4780359656692539,0.9541050439711632,0.27,SAC
617,-0.9357734000434067,0.9729473275941619,0.21,SAC
618,-1.423475165371473,0.8628734515425225,0.25,SAC
619,-1.3328225021859241,0.8918486915501503,0.24,SAC
620,-1.3685747087995015,0.8621841344645492,0.14,SAC
621,-1.191609667194774,0.9894835055486927,0.24,SAC
622,-0.9152666726584989,0.8633892317159275,0.26,SAC
623,-1.4470308043021134,0.7902257746660348,0.18,SAC
624,-0.7025673578114313,1.041543981893046,0.21,SAC
625,-1.2223708651036926,0.9287180454510068,0.21,SAC
626,-1.0472850950457875,1.0239229255385363,0.2,SAC
627,-0.6392060299021098,1.0822886793873863,0.19,SAC
628,-1.0814006045826707,0.9201057223595208,0.2,SAC
629,-0.8556443746271153,1.0118269059288174,0.28,SAC
630,-1.6531902413392503,0.8815267486449931,0.21,SAC
631,-1.0331367784635983,0.8433411480329973,0.26,SAC
632,-1.328018181239853,0.8268736622492748,0.23,SAC
633,-1.8606566560145827,0.8244143979781845,0.19,SAC
634,-1.3156745209082796,0.8408264153972814,0.2,SAC
635,-1.2547312220058213,0.882806147585267,0.22,SAC
636,-1.0906964118310694,1.006497327185346,0.24,SAC
637,-1.334196030741234,0.8434291791172949,0.25,SAC
638,-1.5947945704631123,0.7879493369648233,0.19,SAC
639,-1.3336348882238445,0.8995915232322605,0.17,SAC
640,-1.595464796938993,0.7771473754143524,0.17,SAC
641,-1.5302656898686176,0.7267746343237779,0.19,SAC
642,-1.891167844434982,0.6269079447226317,0.14,SAC
643,-1.0417243114877028,0.87257752882498,0.26,SAC
644,-1.3209705649543455,0.8391118915416282,0.21,SAC
645,-1.6756527331030258,0.8204927284334416,0.18,SAC
646,-1.2992596004625154,0.8742975580988999,0.32,SAC
647,-1.271185707361417,0.857577752303448,0.18,SAC
648,-1.4153688150679267,0.8376813039625727,0.19,SAC
649,-1.1360461932339794,0.8134698210639643,0.24,SAC
650,-1.3465295153636194,0.9038390974416614,0.25,SAC
651,-0.9660493789623678,1.0737613876225225,0.26,SAC
652,-1.0742980856171849,0.936708850504871,0.3,SAC
653,-1.0157802332142662,0.9018637058383331,0.24,SAC
654,-1.3427496040581164,0.899251567228935,0.23,SAC
655,-1.4094073558703912,0.8050798203585231,0.2,SAC
656,-1.9328271895922384,0.8226055305570038,0.23,SAC
657,-1.1955603863819058,0.8616647418955938,0.23,SAC
658,-1.2620874076068462,0.7918875685485852,0.18,SAC
659,-1.106396636310691,0.9416542975645739,0.29,SAC
660,-1.2240141700123592,0.827452919200778,0.27,SAC
661,-0.5790744869419665,0.9938284743170605,0.3,SAC
662,-0.810413944549579,1.0968255038707158,0.26,SAC
663,-1.2102464849683492,0.8590479448353472,0.19,SAC
664,-1.3897513645031787,0.9022842033791162,0.23,SAC
665,-1.4611614341132835,0.7679682133078432,0.25,SAC
666,-1.6068556820982642,0.8499445502871441,0.18,SAC
667,-1.3088925416881636,0.7671293202279618,0.21,SAC
668,-1.2375888248979705,0.8584364649823217,0.23,SAC
669,-1.4200736765135196,0.8242660170176681,0.27,SAC
670,-1.2614910100229333,0.8803447325434771,0.22,SAC
671,-1.0755056636383822,1.020590350413128,0.26,SAC
672,-1.3343801483603257,0.7791490562128394,0.27,SAC
673,-0.996908836371048,0.9111497250635808,0.28,SAC
674,-1.211636675531292,0.8516957695550157,0.21,SAC
675,-1.4550312813012827,0.8837851252241572,0.17,SAC
676,-0.8486894357114947,0.9736513086990606,0.28,SAC
677,-1.1094881460392843,1.0387670544674696,0.27,SAC
678,-1.2263121953717673,0.8176406390369984,0.23,SAC
679,-1.4709892136530387,0.8599164596110492,0.17,SAC
680,-1.5344600198023597,0.8127764755570422,0.25,SAC
681,-1.7288249667648017,0.7914683204128409,0.23,SAC
682,-1.5694261200610253,0.8502120051533977,0.21,SAC
683,-1.4029506183155247,0.9833528961825047,0.22,SAC
684,-1.0725320254845112,0.9062802796064627,0.2,SAC
685,-1.206825977494832,1.1265508533430846,0.26,SAC
686,-1.2738719794959226,1.0597548609410077,0.19,SAC
687,-1.3063666435015862,0.8449305490378833,0.27,SAC
688,-0.9690455299515484,0.8144448712448158,0.21,SAC
689,-1.2669555794812555,0.746268732153379,0.16,SAC
690,-1.3536582146839007,0.8329235325620384,0.21,SAC
691,-1.4243070547618342,0.845557711560511,0.21,SAC
692,-1.0966058942408408,0.9210047984705482,0.28,SAC
693,-1.198032271094106,0.9206141549511124,0.25,SAC
694,-1.0758624114185902,0.8761693321379979,0.22,SAC
695,-1.0608201876037344,0.8549367170210802,0.29,SAC
696,-1.1526328606912528,0.8047971621870594,0.2,SAC
697,-1.1835765592707244,0.9402243854646113,0.22,SAC
698,-1.1425355464108036,0.9148010978375966,0.23,SAC
699,-1.2177570210400877,1.0438586097441516,0.27,SAC
700,-1.1973140515194562,0.9073325571840811,0.23,SAC
701,-1.256632268587405,0.8968270238340564,0.2,SAC
702,-0.9763958253179168,0.8858180575604736,0.25,SAC
703,-0.9767177616190537,0.8535378234071593,0.23,SAC
704,-1.3703300151403082,0.9198110415853822,0.2,SAC
705,-1.3197875422419427,0.9432854447060828,0.22,SAC
706,-1.7585137676611293,0.7522395157086815,0.18,SAC
707,-1.2244281952186795,0.9341572460632842,0.26,SAC
708,-1.5012455192346394,0.76654591025258,0.23,SAC
709,-1.2946484761063062,0.7392478717418882,0.2,SAC
710,-1.045700579390828,0.8518856559348851,0.22,SAC
711,-1.5355230436226333,0.6981759345856802,0.21,SAC
712,-1.0629573631261595,0.9222430285739257,0.23,SAC
713,-0.8493830641847968,1.0085092156075413,0.27,SAC
714,-1.1869650660222595,0.9424955030981649,0.18,SAC
715,-1.004692436676394,0.8851179485421835,0.28,SAC
716,-1.1354386292472731,0.8428866294549671,0.25,SAC
717,-1.1743800923318988,0.945056871336944,0.21,SAC
718,-1.288317176247979,0.8867546543723551,0.25,SAC
719,-1.0788952572734094,0.853297301683622,0.29,SAC
720,-1.4767364686634168,0.7107299458223835,0.24,SAC
721,-0.8939156568248908,0.9843363504413827,0.25,SAC
722,-1.543587692415973,0.67315322387816,0.21,SAC
723,-1.347883552151054,0.8489323539269479,0.25,SAC
724,-1.2848790714337293,0.8131919795757782,0.18,SAC
725,-1.3296717762346126,0.8724959112287979,0.22,SAC
726,-0.7674654871554664,0.8954133196366137,0.17,SAC
727,-0.8737290948919508,1.0476322748976974,0.26,SAC
728,-1.487185639012995,0.8861922184814953,0.17,SAC
729,-0.916529390530089,0.9664664912658613,0.25,SAC
730,-1.540538198479671,0.8276295013698968,0.19,SAC
731,-1.3324855141158567,0.9142260149520669,0.22,SAC
732,-1.3245483798342237,0.9136132407914961,0.24,SAC
733,-1.8353269736240343,0.77268972962736,0.24,SAC
734,-1.7094579936196885,0.7429679640369428,0.18,SAC
735,-1.1394241640487344,0.950147871323557,0.25,SAC
736,-1.3829688961974023,0.6890960352514629,0.27,SAC
737,-1.4929516664517481,0.7536466929688155,0.13,SAC
738,-1.2354641644022057,1.0051275011706617,0.21,SAC
739,-1.3543291041614833,0.9139915886707286,0.27,SAC
740,-0.9383977324732085,0.9978495871676738,0.24,SAC
741,-1.5693828720100171,0.8970467301710392,0.17,SAC
742,-1.0405802577064027,0.9011818531441375,0.23,SAC
743,-1.2192416959278725,0.8938604368111781,0.19,SAC
744,-1.486720746113002,0.845271008139964,0.25,SAC
745,-0.8869954686573513,1.0576133129783072,0.25,SAC
746,-1.4141861715148656,0.9079236648462661,0.23,SAC
747,-1.0842575624922315,0.9823833601686417,0.18,SAC
748,-1.393881966078791,0.9054092731538337,0.28,SAC
749,-1.4868955515166657,0.7531274831680651,0.21,SAC
750,-1.3144887946764796,0.880346219048639,0.21,SAC
751,-1.402374311388744,0.8305918353844086,0.32,SAC
752,-1.144506858016046,0.9592390651402877,0.22,SAC
753,-1.382503207656165,0.7619200437024074,0.27,SAC
754,-1.2376863872350499,0.9882371354723292,0.24,SAC
755,-0.8058620675704433,0.9763005710267657,0.24,SAC
756,-0.749895210687118,1.1283418265262528,0.27,SAC
757,-1.152443407682653,0.8441898276300834,0.26,SAC
758,-1.8128241834889567,0.8084072256539132,0.21,SAC
759,-1.4960093985081955,0.8371251232519288,0.16,SAC
760,-1.0977425354047194,1.0239097460508229,0.29,SAC
761,-1.314106105632155,0.8823261880178193,0.23,SAC
762,-1.2175633148384417,0.9912469352858774,0.27,SAC
763,-1.546933083886361,0.8192035037357672,0.2,SAC
764,-0.9486693135686302,0.9375288276870961,0.22,SAC
765,-1.5540240978826474,0.807788914665901,0.22,SAC
766,-1.271271609331645,0.9304888599269893,0.24,SAC
767,-1.2347502618742192,0.9066531835696319,0.13,SAC
768,-1.0733120760572277,0.892900625581686,0.28,SAC
769,-1.1969607701295297,0.9877147513996773,0.21,SAC
770,-1.2796939153267712,0.8904172915789436,0.15,SAC
771,-0.723187068415413,0.8715316603086783,0.29,SAC
772,-1.577523491312796,0.8663676610670714,0.19,SAC
773,-1.3301298762255742,0.9125750298911318,0.16,SAC
774,-1.5352244316900536,0.700418741365491,0.21,SAC
775,-1.2755926589312536,0.8987102675484213,0.25,SAC
776,-1.3561220171344295,0.7552668133449767,0.21,SAC
777,-1.2330971742362995,0.9156343940339333,0.2,SAC
778,-1.25450112091782,1.016280150742986,0.21,SAC
779,-1.5582591135849533,0.8115737525194955,0.19,SAC
780,-1.1846754255292995,0.8828891397915183,0.21,SAC
781,-1.0071169687487675,1.0269720671478073,0.2,SAC
782,-1.078355481553931,1.0112028286060228,0.27,SAC
783,-1.1675834131415508,0.8814480079693132,0.21,SAC
784,-1.1314136653188236,0.9163003335811765,0.21,SAC
785,-1.8407150142533089,0.7968403445626895,0.19,SAC
786,-1.1056086091513768,0.8979554530188432,0.28,SAC
787,-0.9357164288592789,0.9512562167467722,0.24,SAC
788,-1.6796159199374623,0.780052842616535,0.15,SAC
789,-0.882306698591011,0.9832939945360815,0.29,SAC
790,-1.2047457882665398,0.8946948033777854,0.19,SAC
791,-1.3684303745197561,0.8433781536014513,0.17,SAC
792,-0.8084774166365121,0.9567729208317272,0.34,SAC
793,-0.9405607642043293,0.938726750695873,0.24,SAC
794,-1.880302222412163,0.7391225298942246,0.16,SAC
795,-0.9905321252126619,1.0206121334744647,0.3,SAC
796,-1.2831158020605822,0.7631661939243378,0.2,SAC
797,-1.0013155632832578,0.8981121647853678,0.27,SAC
798,-1.6986718111337975,0.8764540600597224,0.2,SAC
799,-1.1730695380387597,0.8785588094830621,0.26,SAC
800,-1.0553626369523046,0.9092002686800398,0.26,SAC
801,-1.3403350904105087,0.8344172213135121,0.24,SAC
802,-1.9253120986162253,0.7410109985541143,0.25,SAC
803,-1.1799786569929722,0.864663920151804,0.23,SAC
804,-1.3516812147659487,0.8573773432292058,0.24,SAC
805,-1.1224084384723871,0.8729706178065616,0.26,SAC
806,-0.7647854691483991,0.9307276770797693,0.25,SAC
807,-1.1854106273669291,0.9614805950657693,0.19,SAC
808,-1.3224987527201677,0.7045822979830345,0.29,SAC
809,-0.938604272057099,0.9303733488815912,0.23,SAC
810,-1.38521599963194,0.8587837084664888,0.18,SAC
811,-1.3160203579365082,0.9621501256336279,0.23,SAC
812,-1.4531027258431686,0.816553366488734,0.2,SAC
813,-0.9704503831498681,0.9473942717381266,0.26,SAC
814,-0.9737278545218928,1.052285357523293,0.23,SAC
815,-0.9808692017411969,0.905315401250715,0.3,SAC
816,-1.1713908728322011,0.8612801560417287,0.26,SAC
817,-1.0348757835103732,1.031316648083605,0.28,SAC
818,-1.6458942050495207,0.8059970330328952,0.25,SAC
819,-1.3638264324368685,0.9303907392130262,0.19,SAC
820,-1.633948912709498,0.80192636327862,0.23,SAC
821,-1.0155054209782817,0.7969141548480677,0.26,SAC
822,-0.880039681636295,0.9389396011469369,0.26,SAC
823,-1.1085051870442817,1.0240239600267826,0.29,SAC
824,-1.1579220220842301,0.8046479152645322,0.21,SAC
825,-1.190725282460436,0.918728305999843,0.22,SAC
826,-0.817123505910457,1.0872126499477253,0.23,SAC
827,-0.5515330220725532,1.144688771356235,0.33,SAC
828,-1.1117833953670004,1.0256619728635912,0.31,SAC
829,-1.0969462879458969,0.9080610982832081,0.28,SAC
830,-1.2577634776140492,0.8979539276398938,0.23,SAC
831,-0.8842813966421699,1.0210501639875806,0.26,SAC
832,-1.5209999817672972,0.868340034444061,0.17,SAC
833,-0.8420278390682178,0.9841160135878688,0.24,SAC
834,-1.201454035175406,1.0043979807290047,0.21,SAC
835,-0.9153661871270669,0.9960813108724893,0.26,SAC
836,-1.1873127690407483,0.9695764229307868,0.23,SAC
837,-1.4572356147547456,0.878203884287051,0.22,SAC
838,-1.2786872797662703,0.77303889790431,0.24,SAC
839,-1.3390768436925484,0.9026949158210393,0.23,SAC
840,-1.242357108999542,0.8633375105043269,0.25,SAC
841,-1.2100767344290277,0.9398820866927583,0.22,SAC
842,-1.136977287505726,0.9467740485729066,0.25,SAC
843,-1.0599205912558034,0.9068695611307673,0.22,SAC
844,-1.3302919833962132,0.7802881701348773,0.23,SAC
845,-1.9511430128555378,0.7933128493639271,0.19,SAC
846,-0.8504300873326142,0.9259078079638424,0.25,SAC
847,-1.4317371222669857,0.8474257887074268,0.15,SAC
848,-1.1559309422193402,0.9841870153615776,0.19,SAC
849,-0.9504959266482182,1.0773526777247746,0.26,SAC
850,-1.3898314417793178,0.8850693721944086,0.21,SAC
851,-0.8593605248721182,0.9408780855660747,0.25,SAC
852,-1.0389009627800332,1.014204640933971,0.28,SAC
853,-1.345490122792783,0.7980967864156479,0.2,SAC
854,-1.3194333775328682,0.7619193708953429,0.23,SAC
855,-1.1877824751612582,0.9462510137085997,0.17,SAC
856,-0.9820804109087276,0.9997985613014784,0.21,SAC
857,-0.9181408405932414,0.9171866144625205,0.29,SAC
858,-1.2090029953490633,0.8878077020600845,0.31,SAC
859,-1.3197535967181733,0.7558207712971591,0.21,SAC
860,-1.4913677830912433,0.7968959947321137,0.22,SAC
861,-1.0904051826357308,0.7766351140810669,0.23,SAC
862,-1.1757345072295216,0.969207261615603,0.25,SAC
863,-0.9945549090746073,0.9091917109981987,0.27,SAC
864,-1.0143992868695346,0.9683753688806273,0.22,SAC
865,-1.272951708958528,0.9789147313098054,0.18,SAC
866,-1.1523527316960787,0.8311258099269233,0.22,SAC
867,-1.2252881120986665,0.8625780375648304,0.16,SAC
868,-0.978310335133845,0.9499177552253328,0.27,SAC
869,-1.0355361729778882,0.9664714309405646,0.23,SAC
870,-1.2920102825378441,0.7952283128066534,0.26,SAC
871,-1.2443187440571117,0.8687262318827439,0.24,SAC
872,-1.4317366238684628,0.947545822489668,0.2,SAC
873,-1.4930306388837797,0.9364026926227486,0.24,SAC
874,-1.517380418435187,0.7820481663781753,0.19,SAC
875,-1.3830891566550918,0.8007182538099807,0.15,SAC
876,-0.6085998525557749,1.0498058867148636,0.31,SAC
877,-1.092343690356178,0.842006426098857,0.24,SAC
878,-1.1050769560257963,0.8218543374402831,0.26,SAC
879,-1.1472116106750543,0.9634966707939389,0.21,SAC
880,-1.468772775556475,0.8091590099594521,0.2,SAC
881,-0.8630148679077613,0.8856870599669832,0.31,SAC
882,-1.2891162496434592,0.8236218467661689,0.25,SAC
883,-1.2444576727841716,0.8701415881330858,0.24,SAC
884,-1.1166179634394968,0.8931440059059623,0.25,SAC
885,-1.3828894651875643,0.8275486015771313,0.23,SAC
886,-1.0592857664224529,0.9435484442159549,0.19,SAC
887,-1.2838892404756514,0.8035425428981235,0.28,SAC
888,-1.2762524489812288,0.7428175659944921,0.22,SAC
889,-1.306723704280943,0.8167510399187633,0.16,SAC
890,-1.1693842032059216,0.9543294227144754,0.22,SAC
891,-1.0949788462132104,0.9664686696671884,0.22,SAC
892,-1.259278934071329,0.8669669552017943,0.23,SAC
893,-1.5414131147831371,0.9365047281569281,0.19,SAC
894,-1.2349868022572423,0.9926662269106467,0.23,SAC
895,-1.4479945783021813,0.8311601420320391,0.25,SAC
896,-1.4209943192905397,0.8229390579816994,0.16,SAC
897,-0.7583604830639823,0.9564812016836742,0.24,SAC
898,-1.3338872659418772,0.951735594125385,0.21,SAC
899,-1.591029633711174,0.7989605193759561,0.21,SAC
900,-1.2451582930620313,0.831187972601843,0.21,SAC
901,-1.4905148851043588,0.746793902134107,0.23,SAC
902,-1.334725797569889,0.7992229339845219,0.21,SAC
903,-1.1177129439088893,0.9522780651457482,0.29,SAC
904,-1.4352530283968323,0.9218223216173156,0.22,SAC
905,-0.9050930226099542,1.0081538641214691,0.23,SAC
906,-1.1696564555623232,0.9485701574516661,0.25,SAC
907,-1.3348578612700959,0.7425624210930569,0.2,SAC
908,-1.3020928661128863,0.8915745071821938,0.23,SAC
909,-1.1268201326811962,0.9128880816363855,0.18,SAC
910,-1.4618499917949606,0.9599868075858293,0.25,SAC
911,-1.2955230890187095,0.7581418487636765,0.18,SAC
912,-0.7413668799715429,1.0411789099417568,0.33,SAC
913,-1.2211726493417632,0.907891421610226,0.21,SAC
914,-1.5418734563091925,0.7208995719622774,0.2,SAC
915,-1.4511724469649026,0.7000307433777134,0.19,SAC
916,-1.5414298127757708,0.79962699183984,0.24,SAC
917,-0.9276973750581762,0.932414595252145,0.21,SAC
918,-1.142873514726963,0.8363600365531545,0.19,SAC
919,-1.9135273494649434,0.7271463744450608,0.18,SAC
920,-0.5417705029502216,1.1658692724313706,0.28,SAC
921,-0.7945521915080019,0.9775764435720052,0.27,SAC
922,-1.0604464048706375,0.929611819981771,0.23,SAC
923,-0.9831412235292509,0.9921664337490012,0.2,SAC
924,-1.1711666068674338,0.9064193824227871,0.27,SAC
925,-0.6358963390933612,1.015019503439727,0.29,SAC
926,-1.2587427556948256,0.9247062951064348,0.2,SAC
927,-0.49588105143192784,1.0983505461240202,0.25,SAC
928,-1.284683248814847,0.9269119392600652,0.2,SAC
929,-1.278519992194715,0.8418520591525882,0.22,SAC
930,-1.0499457730398598,0.9744534505113971,0.27,SAC
931,-1.2019942975693356,0.9490480524550321,0.26,SAC
932,-0.4326657474339767,1.1358682908727693,0.32,SAC
933,-0.975694730884789,0.874685040897939,0.25,SAC
934,-1.3047112759169164,0.8956399303236963,0.21,SAC
935,-1.4874179904855913,0.7599493084717288,0.19,SAC
936,-1.5701613758894388,0.855214418698069,0.2,SAC
937,-1.1963424925942039,0.8775767659468753,0.23,SAC
938,-1.149865979479259,0.8580058141218094,0.28,SAC
939,-1.315245855331423,0.8274406569529574,0.2,SAC
940,-1.1065231693570061,0.9429985951035146,0.25,SAC
941,-0.909512188409926,1.017167674149679,0.26,SAC
942,-1.3550794768979526,0.8072825645585808,0.18,SAC
943,-1.0695974690736714,0.9916248531408742,0.28,SAC
944,-0.7387461806209689,0.9285638630471028,0.25,SAC
945,-0.9544372720247811,0.8988902365320415,0.3,SAC
946,-0.5368971598439246,1.142718832397631,0.28,SAC
947,-1.2906860031040934,0.8813545581063268,0.26,SAC
948,-1.4453836141408902,0.8681676345514278,0.21,SAC
949,-0.9516871698211341,0.9811534116264055,0.24,SAC
950,-1.7400759628415587,0.7486669113515424,0.18,SAC
951,-1.0641322491508434,0.8322929962425775,0.23,SAC
952,-1.320246253522473,0.8593901522015288,0.22,SAC
953,-1.282598451694689,0.9276667225047208,0.21,SAC
954,-1.1360511597381546,0.8711217076276402,0.23,SAC
955,-1.6997397211058927,0.8137064904999146,0.23,SAC
956,-1.216838862339674,0.8502903982796641,0.19,SAC
957,-1.2651540706587192,0.7432191587548127,0.2,SAC
958,-1.1558842977854216,0.8500491184162133,0.23,SAC
959,-0.91771992949164,1.0015789673513844,0.24,SAC
960,-1.0954524044560146,0.7443064007253303,0.27,SAC
961,-1.0453047498624115,0.947693572462366,0.26,SAC
962,-1.514045758469974,0.8118585019846423,0.18,SAC
963,-1.2613103611068615,0.9174619072715785,0.23,SAC
964,-1.3182401371733943,0.8420189593938975,0.26,SAC
965,-0.9941543400790849,0.9186876046195295,0.25,SAC
966,-1.0575594878747048,0.9802091550624332,0.16,SAC
967,-1.129911705691903,1.0649453437956304,0.26,SAC
968,-1.3783336990137327,0.9366821504797187,0.28,SAC
969,-1.168286410408671,0.9047302461807676,0.21,SAC
970,-0.8799993514080701,1.0341861642010848,0.24,SAC
971,-1.292427013401691,0.9227749752126612,0.18,SAC
972,-0.791159400188263,0.9653114786673415,0.23,SAC
973,-1.3650806657775323,0.8932271907153715,0.26,SAC
974,-1.1624755607826087,0.87333934680487,0.24,SAC
975,-1.3187666892796595,0.8797090085132261,0.25,SAC
976,-1.780872700779488,0.6689076090073398,0.21,SAC
977,-1.1257395452826753,0.8647399438292771,0.25,SAC
978,-0.9385681068480127,0.9925988083888897,0.24,SAC
979,-1.1457355711658195,0.9234235470878809,0.2,SAC
980,-1.3164459673602358,0.8871264744060791,0.27,SAC
981,-0.7399441647276147,1.0835392220297952,0.26,SAC
982,-1.0848285610448245,0.8873662678075642,0.19,SAC
983,-1.3574130454415774,0.9180110431813349,0.18,SAC
984,-1.2809788315726018,0.8499002976789783,0.26,SAC
985,-0.9694901602280543,0.9164957105465146,0.29,SAC
986,-0.9991511369285633,0.9075569234863697,0.3,SAC
987,-1.0443730526950994,0.8801114909219041,0.29,SAC
988,-1.547417810654555,0.776935570459655,0.21,SAC
989,-0.8965480394882729,0.9329762160247667,0.27,SAC
990,-0.9782806616192992,1.0420700455664296,0.3,SAC
991,-1.3642533126522645,0.9020136984528537,0.22,SAC
992,-1.164594707639735,0.9313843509815196,0.26,SAC
993,-1.1263434999702506,0.9266987408857154,0.23,SAC
994,-1.43940242289686,0.8614434626883825,0.32,SAC
995,-1.4193023168449088,0.9035516078118451,0.24,SAC
996,-1.078917294051908,0.906462808946051,0.23,SAC
997,-1.152809162519614,0.8579447608075715,0.21,SAC
998,-1.2214279811607027,0.813686130213839,0.29,SAC
999,-1.0492870994078252,0.9105588810314942,0.21,SAC
1000,-1.6655547640288433,0.7491855450445047,0.17,SAC
1001,-0.6980412608071463,0.9671895615822086,0.21,SAC
1002,-1.496544488344518,0.6662614633890576,0.19,SAC
1003,-1.29030081110012,0.9159643392961503,0.23,SAC
1004,-0.6518908202651654,1.027275418818603,0.37,SAC
1005,-0.9779022911741516,1.012764005398867,0.29,SAC
1006,-0.6572730444249945,0.9611879322223449,0.29,SAC
1007,-1.568337334792907,0.6267823864151357,0.16,SAC
1008,-0.8971678102908033,0.9768904408599915,0.26,SAC
1009,-1.1270523591166663,1.0486606151475062,0.22,SAC
1010,-1.0398959781271062,0.8879992783599856,0.29,SAC
1011,-1.4756711291798583,0.9534379745782183,0.24,SAC
1012,-0.9604268473815609,0.9090975851011933,0.23,SAC
1013,-0.722334475406962,0.9649925435843458,0.29,SAC
1014,-1.6990264101916528,0.705333915364741,0.24,SAC
1015,-1.6491696594772407,0.863956124258574,0.19,SAC
1016,-1.5467298889416776,0.8361619915204835,0.23,SAC
1017,-0.9394587183707482,0.9394116605347326,0.22,SAC
1018,-1.1920742515894878,0.9100699814783104,0.2,SAC
1019,-1.4018398277462034,0.7041989785596062,0.25,SAC
1020,-1.2701712517763317,0.8274489943477137,0.23,SAC
1021,-0.9198139334549299,1.1053515953316815,0.28,SAC
1022,-0.6714091341254701,0.9071330059304691,0.29,SAC
1023,-0.970439631526911,0.9241688103728058,0.25,SAC
1024,-0.9120503443870196,0.9908064587761303,0.24,SAC
1025,-0.7555323392069764,1.096899235397052,0.22,SAC
1026,-1.168403834040455,0.800932017552756,0.26,SAC
1027,-1.3465330751298696,0.8045474439530854,0.21,SAC
1028,-0.648994053017818,1.1215872789925951,0.29,SAC
1029,-1.177329414939862,0.8191054250692956,0.24,SAC
1030,-1.5440628017997142,0.8788387619960345,0.21,SAC
1031,-1.3604348976827023,0.8568441248522802,0.23,SAC
1032,-0.9772447340088936,1.0126987500208642,0.29,SAC
1033,-0.9510118945723207,1.0091127455104294,0.27,SAC
1034,-0.8050460431968592,0.9141890322584697,0.27,SAC
1035,-1.2836140711283057,0.9147606474418437,0.17,SAC
1036,-0.9430968333697877,1.0249256270158988,0.22,SAC
1037,-1.181332946353419,0.8208849358716573,0.2,SAC
1038,-0.9459315990573066,1.0744823626062903,0.27,SAC
1039,-1.4393804025815868,0.8767699372094758,0.19,SAC
1040,-1.3355459300895618,0.8232930191570482,0.18,SAC
1041,-1.1722291170424817,0.8301104627396668,0.2,SAC
1042,-1.1263504837794376,0.9494283177183829,0.2,SAC
1043,-1.1398293544380436,0.9249962878279877,0.31,SAC
1044,-1.1844036920193324,0.9197646060877606,0.17,SAC
1045,-1.2055085674400192,0.8249038217956338,0.21,SAC
1046,-1.2694285213814265,0.88810335972443,0.18,SAC
1047,-1.37900562018227,0.917005581414016,0.3,SAC
1048,-1.0054204026117204,1.0970347595795895,0.26,SAC
1049,-1.5715346803150314,0.8163318518303704,0.2,SAC
1050,-1.137413153087119,0.873185729351694,0.24,SAC
1051,-1.163802676991395,0.873215680632226,0.15,SAC
1052,-1.0774470669590472,1.0360144554147874,0.34,SAC
1053,-1.3310325203920377,0.8432631526839885,0.27,SAC
1054,-1.3095308938814179,0.8052556559225523,0.23,SAC
1055,-0.9668861469773321,1.031773882113867,0.26,SAC
1056,-1.2367434519968556,0.8428666754965279,0.21,SAC
1057,-1.5199586072837465,0.8798857303751535,0.21,SAC
1058,-0.6654819956918466,1.0399444315730206,0.23,SAC
1059,-1.3475976417790785,0.917427173644016,0.25,SAC
1060,-0.9451731190288258,0.9426581923881205,0.22,SAC
1061,-1.131865994576645,0.9618493421932119,0.24,SAC
1062,-0.8895813467294543,0.9924649548227851,0.3,SAC
1063,-1.0633340986220206,0.8812797832268854,0.23,SAC
1064,-1.4297920163629139,0.8569034809586341,0.22,SAC
1065,-1.2364953965831855,0.9406030983649023,0.25,SAC
1066,-1.3640490946546806,0.8825110647146256,0.21,SAC
1067,-1.0871786370564742,0.9843307161635644,0.32,SAC
1068,-1.2443375490044553,0.826307436304308,0.2,SAC
1069,-1.1489081336889473,0.8981367480132958,0.2,SAC
1070,-1.478477605809919,0.8723701063947934,0.23,SAC
1071,-1.24094607116397,1.0032524653446722,0.24,SAC
1072,-1.2883829724918132,0.8430190968852006,0.25,SAC
1073,-1.0375269126386746,0.9522601902079189,0.24,SAC
1074,-1.7460909389611277,0.7475461358614797,0.22,SAC
1075,-1.207923799891905,0.8321052373958823,0.26,SAC
1076,-1.2127369343497265,0.7492736376973042,0.25,SAC
1077,-1.5138853440506903,0.8022509109901699,0.16,SAC
1078,-1.194699049590573,0.9069139819373541,0.18,SAC
1079,-0.9156179801735536,0.9455751126457917,0.26,SAC
1080,-1.331401340548468,0.7822860649313003,0.22,SAC
1081,-1.6043216411459238,0.7711241127546683,0.22,SAC
1082,-1.3323553638325085,0.8401098175933412,0.21,SAC
1083,-0.855215868207423,1.0335352157251996,0.32,SAC
1084,-1.415609715897793,0.7817249435233746,0.22,SAC
1085,-1.4211782572487177,0.8690936099725534,0.23,SAC
1086,-1.1188083051936843,0.9550789715489431,0.24,SAC
1087,-1.138916583274477,0.8488760208140447,0.22,SAC
1088,-1.3952750991413096,0.9386033704564483,0.26,SAC
1089,-1.2710521732621287,0.8900632807253946,0.28,SAC
1090,-1.332620522645741,0.7597019461575709,0.23,SAC
1091,-1.1370154527640024,0.7447367983753139,0.2,SAC
1092,-0.9875573135015138,0.9095978813048637,0.26,SAC
1093,-1.6343956589116575,0.711345938393476,0.17,SAC
1094,-1.1256379954964413,0.9493225734604155,0.21,SAC
1095,-1.4322384236413226,0.8504943077935435,0.22,SAC
1096,-1.204038873941716,0.9018902938522628,0.22,SAC
1097,-1.114290134127471,0.9805268961117771,0.31,SAC
1098,-0.9735401707565086,0.8782416690606553,0.23,SAC
1099,-1.5034031194483046,0.8367880827460334,0.16,SAC
1100,-1.3969700314850022,0.8286355377961039,0.19,SAC
1101,-1.4794605641504839,0.9334239724973874,0.19,SAC
1102,-0.6580104239975083,0.9779485510176881,0.31,SAC
1103,-0.8982800878091988,1.0473567975926696,0.19,SAC
1104,-1.1030394789911742,0.8843998056899569,0.27,SAC
1105,-1.0051038651726143,0.8538095043837016,0.25,SAC
1106,-1.138629789921315,1.0706955613984155,0.23,SAC
1107,-1.053859552547821,0.9341488109132233,0.18,SAC
1108,-1.312661220694082,0.7839262947142436,0.18,SAC
1109,-1.1633566108286253,0.933164466324801,0.19,SAC
1110,-1.1429095851013071,0.7806399931332682,0.21,SAC
1111,-0.41482858841144166,1.16606453733755,0.26,SAC
1112,-1.0679451843933594,0.8650816926242543,0.2,SAC
1113,-1.1585502000394745,0.8913441849821742,0.24,SAC
1114,-1.3680234708843741,0.8577618203541374,0.26,SAC
1115,-0.7280710453441783,1.1220582670542023,0.32,SAC
1116,-1.2423922566981702,0.9375365617645254,0.25,SAC
1117,-1.2102910015006685,0.8589792893001307,0.36,SAC
1118,-0.7940303200776367,1.0151455419825341,0.31,SAC
1119,-1.4292990303261248,0.8951218403576306,0.21,SAC
1120,-1.082861324829628,0.794418341131788,0.22,SAC
1121,-1.4640314153945997,0.8612231560343809,0.29,SAC
1122,-1.0276644674442423,0.9597715946246901,0.24,SAC
1123,-1.2306047092796133,0.898826932363975,0.24,SAC
1124,-1.0146616722323523,1.0633813180768266,0.23,SAC
1125,-1.4913073626387214,0.682289064318661,0.16,SAC
1126,-1.0995366152902428,0.8616460694098411,0.23,SAC
1127,-1.0372518359888816,0.9040361572616995,0.25,SAC
1128,-1.210452575036653,0.9047590978679143,0.22,SAC
1129,-0.6687709380451673,1.0961326254177104,0.28,SAC
1130,-2.196323657655908,0.7581695360871222,0.16,SAC
1131,-1.0360313357674789,0.8444715669870233,0.29,SAC
1132,-1.2189934509299376,0.8665593122423821,0.28,SAC
1133,-1.2706971708394479,0.7706364245718298,0.16,SAC
1134,-0.9798075880318335,0.9874008078176331,0.24,SAC
1135,-1.2879346370296096,0.7833539032695188,0.22,SAC
1136,-1.5013480255957918,0.8792168738057164,0.21,SAC
1137,-0.8701879363993541,1.0402670302112376,0.33,SAC
1138,-1.2772188401937732,0.8539419072924843,0.21,SAC
1139,-1.55280694362056,0.8282583037269821,0.22,SAC
1140,-1.0375056132772322,0.8933032343775005,0.24,SAC
1141,-1.0852094498600013,0.9019769970104234,0.28,SAC
1142,-1.0973333669795156,0.7932338077550153,0.22,SAC
1143,-1.5544403934197581,0.8930741206182765,0.21,SAC
1144,-1.6603340592526552,0.6123336367289905,0.18,SAC
1145,-1.4441484027428277,0.7374261509200172,0.18,SAC
1146,-1.5542948670245271,0.8572458634042767,0.2,SAC
1147,-1.5159134521505033,0.762121573222521,0.22,SAC
1148,-0.6072794556645347,1.243419869590233,0.23,SAC
1149,-1.6021511954123244,0.8754864459535996,0.21,SAC
1150,-1.4676570310060615,0.8557593915855379,0.16,SAC
1151,-1.3471726786092872,0.8815729229396954,0.21,SAC
1152,-1.5723879421266693,0.7786613360089906,0.24,SAC
1153,-0.9485072951027557,0.9207433145888712,0.26,SAC
1154,-1.3808324521467057,0.8843159016438542,0.13,SAC
1155,-1.3219321552223442,0.9617594665610235,0.22,SAC
1156,-1.1560241953878978,0.8150896373907434,0.25,SAC
1157,-1.3595424342051998,0.8545943467342053,0.21,SAC
1158,-1.0796298845671655,0.7413327551128832,0.23,SAC
1159,-1.283203696408296,0.6806870363631724,0.21,SAC
1160,-1.0328664892524086,0.9840080331355103,0.27,SAC
1161,-0.7103097960875934,0.9410531769289726,0.17,SAC
1162,-1.1156446020392838,1.0241727075505087,0.28,SAC
1163,-1.260636476213609,0.8650897925335004,0.25,SAC
1164,-1.4064614153923074,0.8983626371066833,0.26,SAC
1165,-1.2886318618040582,0.8634410435615678,0.18,SAC
1166,-0.9266588529326502,0.9787480936823685,0.22,SAC
1167,-1.637239252029251,0.7359344329540494,0.21,SAC
1168,-0.7738131736477953,1.0198814036694166,0.24,SAC
1169,-1.1190576441681583,0.9102126818906835,0.28,SAC
1170,-1.041014943515283,0.9730804637509918,0.22,SAC
1171,-0.835365159427959,0.9633103794240574,0.25,SAC
1172,-1.3864291319717088,0.7381133030877106,0.23,SAC
1173,-1.116696356810595,0.9233556262713764,0.28,SAC
1174,-1.390631970190807,0.8924936593195433,0.17,SAC
1175,-1.33282302096969,0.8378816074677622,0.25,SAC
1176,-1.4218620358892928,0.9030865493264737,0.18,SAC
1177,-1.4694696376620804,0.7533672752252774,0.18,SAC
1178,-1.3427020186740026,0.8653016775208073,0.26,SAC
1179,-1.105385649707331,0.8918568586010703,0.18,SAC
1180,-0.8779731068328316,1.0684890178412774,0.24,SAC
1181,-1.5142262728010538,0.8556128909796739,0.26,SAC
1182,-1.0636464142922655,0.7892794987724967,0.28,SAC
1183,-1.3346512054270607,0.9205266637250427,0.23,SAC
1184,-1.6559750442013048,0.7611699582183352,0.21,SAC
1185,-1.0630305115589858,1.0568348168008805,0.23,SAC
1186,-1.1392654036687284,0.7840664468441715,0.28,SAC
1187,-0.9802897413738602,1.0657154644620648,0.2,SAC
1188,-1.3007015461704807,0.837693220691029,0.18,SAC
1189,-1.3333867001569581,0.9287422835623298,0.22,SAC
1190,-0.7395930114681804,0.9663422294791826,0.31,SAC
1191,-1.811693617040245,0.8259949487617263,0.15,SAC
1192,-1.3439735920460825,0.8053233043782242,0.23,SAC
1193,-1.0907281848629244,0.934521115930904,0.24,SAC
1194,-0.7440704639860418,0.925161570595375,0.37,SAC
1195,-1.3982513265263108,0.9554257211043732,0.26,SAC
1196,-1.315185908456614,0.785796983088573,0.23,SAC
1197,-1.2806495339540118,0.9287290490083311,0.22,SAC
1198,-0.8490853607857499,1.0536385432096762,0.3,SAC
1199,-1.054933607150734,0.8103516044258741,0.22,SAC
1200,-1.1968917944638755,0.7794551255551683,0.23,SAC
1201,-1.196198752625148,0.8693397583440224,0.19,SAC
1202,-0.8328943270562962,0.8795728361587,0.24,SAC
1203,-0.8626488367441446,1.0672052639328002,0.29,SAC
1204,-1.158217440537246,0.7748939380005928,0.21,SAC
1205,-0.8365885252999942,0.9656634945248413,0.3,SAC
1206,-1.0686622142794555,0.8636675384516147,0.22,SAC
1207,-1.2710773254070715,0.8036475234047948,0.21,SAC
1208,-1.5405135907570957,0.7361374648818316,0.23,SAC
1209,-0.7121402004800563,0.9199488611983385,0.27,SAC
1210,-1.2872909414048106,1.0138463012303915,0.29,SAC
1211,-0.9334766867142181,1.0377707353621084,0.23,SAC
1212,-0.9370160123990172,1.04883394955962,0.22,SAC
1213,-0.987743512459923,0.8641885886121642,0.22,SAC
1214,-0.9308716071741147,0.9432471567488104,0.32,SAC
1215,-1.090173682062307,1.1035236873633623,0.26,SAC
1216,-0.8038016942158269,1.0196929429692347,0.26,SAC
1217,-0.5697371062565317,1.0519944143403492,0.32,SAC
1218,-1.2742036835046582,0.8568606833593012,0.23,SAC
1219,-1.0339111253128166,0.9609576879145343,0.2,SAC
1220,-1.39620037592376,0.8628851638483032,0.3,SAC
1221,-1.4245086088048982,0.853953698323223,0.21,SAC
1222,-1.6680769761597514,0.7868740800760291,0.18,SAC
1223,-1.402150777517739,0.8451182462064666,0.26,SAC
1224,-1.7474163022859122,0.7312175506717351,0.15,SAC
1225,-0.699707940628114,0.8874323746449981,0.25,SAC
1226,-1.4716827960295495,0.7233640526188782,0.22,SAC
1227,-1.0940194978533868,0.9277022744989671,0.29,SAC
1228,-1.314567926078351,0.7638959156215904,0.24,SAC
1229,-1.507792103817374,0.8163108955376169,0.27,SAC
1230,-1.4287691433541636,0.865561418077059,0.25,SAC
1231,-1.2088068948365307,0.9718563787735122,0.22,SAC
1232,-0.539130943660912,1.0984646436825687,0.33,SAC
1233,-1.3021585420672956,0.8439884149442816,0.27,SAC
1234,-1.0273942304001162,1.1107514214865954,0.27,SAC
1235,-1.7526219624307051,0.6686718491989226,0.17,SAC
1236,-0.8058194559716754,0.8445307899157406,0.25,SAC
1237,-1.2241194950872887,0.7373608415158125,0.17,SAC
1238,-0.8582524954886256,1.017869961284416,0.27,SAC
1239,-0.9835329122376767,0.8994948074741145,0.2,SAC
1240,-1.1919470444658744,0.8489632621536451,0.23,SAC
1241,-1.3736462149629707,0.8339919050537603,0.18,SAC
1242,-0.8557516708620854,0.8881163520331122,0.25,SAC
1243,-1.4959225233022817,0.6642797192342229,0.21,SAC
1244,-1.3181991524648322,0.9568038490497726,0.29,SAC
1245,-1.5914229201718757,0.8293126840275119,0.21,SAC
1246,-1.0186318174965239,0.9690326681588829,0.24,SAC
1247,-0.847791796254148,0.9178991890701188,0.27,SAC
1248,-1.5261767497379728,0.8546241448422888,0.21,SAC
1249,-1.2800948989640595,0.8248241105089074,0.16,SAC
1250,-1.2801806347771145,0.9311263394922398,0.21,SAC
1251,-1.0115383164300387,1.0025591732813859,0.24,SAC
1252,-1.3410955821514365,0.9366842868586549,0.21,SAC
1253,-1.5531754540461078,0.9014154957268855,0.21,SAC
1254,-1.1070465114899621,0.8852477996255774,0.19,SAC
1255,-1.5194906165561302,0.8367269783555628,0.21,SAC
1256,-1.5707583878271254,0.850960870284348,0.21,SAC
1257,-1.2932803387143306,0.9769364604284889,0.29,SAC
1258,-1.4883374482721168,0.7237710365567058,0.18,SAC
1259,-1.0261282609978546,1.0159135077454127,0.18,SAC
1260,-1.285740005657128,0.8866463228207049,0.24,SAC
1261,-1.1461504310330117,0.9839235950017796,0.24,SAC
1262,-0.9055359179677283,0.9601966221857988,0.26,SAC
1263,-0.8988056066773638,1.0182122168113228,0.3,SAC
1264,-1.5780386713254961,0.8461663685848028,0.21,SAC
1265,-0.9524644030603021,0.9075561723086956,0.28,SAC
1266,-1.2765686478358382,0.8982897228433554,0.23,SAC
1267,-1.2854991757868115,0.8799843538388542,0.2,SAC
1268,-0.9688359325333732,0.9445451240097826,0.3,SAC
1269,-1.1446344898545293,1.062357461789178,0.21,SAC
1270,-1.2537688354923362,0.8586745489115547,0.24,SAC
1271,-1.1833944507062066,0.9118346010663761,0.25,SAC
1272,-0.7197286288349359,1.0210341376608523,0.28,SAC
1273,-1.5817172545410927,0.9151927019045907,0.16,SAC
1274,-0.9953152653674493,0.8343724190915747,0.25,SAC
1275,-1.3687157237839986,0.8410375877862379,0.27,SAC
1276,-1.0214053413677595,0.91310601574997,0.21,SAC
1277,-1.6255891874821244,0.9053551369532832,0.21,SAC
1278,-0.9218236827018128,0.9147660969663569,0.22,SAC
1279,-1.4244501198965809,0.7005971255481965,0.34,SAC
1280,-1.7401587480146008,0.8289798316540292,0.18,SAC
1281,-0.8291344766623533,0.9988038114382128,0.27,SAC
1282,-0.937434637645119,1.022110625193155,0.29,SAC
1283,-1.0841038193626038,0.8749841380295595,0.2,SAC
1284,-1.0259489883593715,0.9788361903338489,0.24,SAC
1285,-0.8377114335907333,0.9564096739917569,0.32,SAC
1286,-1.1141697811677072,0.9489930577345044,0.22,SAC
1287,-1.0218647080558645,0.8711505214213315,0.24,SAC
1288,-1.4113577924139014,0.8730583480226073,0.24,SAC
1289,-1.2808711993657556,0.8581664576877941,0.29,SAC
1290,-0.8301651999076403,1.1005981613969233,0.23,SAC
1291,-1.1508171672883962,0.7949144616052193,0.25,SAC
1292,-1.0810626221010282,0.8168708884684408,0.29,SAC
1293,-0.9388400292949722,0.849321244170203,0.28,SAC
1294,-1.2691864841950136,0.8720029303352165,0.21,SAC
1295,-1.376871516690989,1.092574969282832,0.26,SAC
1296,-1.0144098745277796,0.9644463454673589,0.24,SAC
1297,-0.7003692783904181,1.1006918275463016,0.31,SAC
1298,-1.1790069935092085,0.9170818841608308,0.23,SAC
1299,-1.137814379881825,0.9833709473523276,0.22,SAC
1300,-1.6921991156568028,0.7035519920939385,0.13,SAC
1301,-1.5142570141220884,0.764589192295881,0.2,SAC
1302,-1.0755759278530979,0.8779026485685597,0.28,SAC
1303,-1.5179597127535585,0.7791169566576169,0.17,SAC
1304,-1.6006519772109287,0.7459932278883328,0.22,SAC
1305,-0.883038784353069,0.9949607786349278,0.26,SAC
1306,-1.1881707080479895,0.962710709519763,0.24,SAC
1307,-1.244957818500383,0.825070421917139,0.26,SAC
1308,-1.4549597666082135,0.8556773408750731,0.19,SAC
1309,-1.1574166958667051,0.9669269276764869,0.24,SAC
1310,-0.460479454125376,0.9827672767460779,0.3,SAC
1311,-1.4144026211331737,0.8806485700969753,0.17,SAC
1312,-1.1140116067701873,0.8748650306912021,0.27,SAC
1313,-1.7845505174240586,0.8188862407629397,0.19,SAC
1314,-1.1138231646802257,0.7883015317137868,0.25,SAC
1315,-1.1977840443816294,0.9684221903314516,0.25,SAC
1316,-1.0036767219878449,0.9559446766756021,0.25,SAC
1317,-1.3822279536323248,0.9001352245035384,0.22,SAC
1318,-1.5733530956356236,0.7679226434501936,0.2,SAC
1319,-1.1234499940750922,0.8464170952733024,0.2,SAC
1320,-1.2691847297562235,0.8766608470448685,0.24,SAC
1321,-1.5053285934398486,0.8712536765720128,0.2,SAC
1322,-1.2147519400844724,0.8293175524694182,0.24,SAC
1323,-0.8206187432640552,1.0568055823727485,0.27,SAC
1324,-1.192361493515265,0.9123325656971667,0.29,SAC
1325,-1.1333988022180137,0.8408851033380228,0.22,SAC
1326,-1.2743642587370405,0.8745802293915774,0.23,SAC
1327,-1.451927372453445,0.874998451837581,0.17,SAC
1328,-1.2555627314003033,0.8648960049474985,0.19,SAC
1329,-1.410485126070239,0.8719273498320493,0.27,SAC
1330,-1.4377364591080422,0.9606849970856554,0.21,SAC
1331,-1.5782451439259475,0.7509291655967831,0.19,SAC
1332,-0.9760914474378373,1.0963874199363859,0.19,SAC
1333,-1.2303151592768424,0.8959595131988142,0.17,SAC
1334,-1.1612223893348281,0.863178701022153,0.18,SAC
1335,-0.9558954533671644,1.01259307270558,0.24,SAC
1336,-1.4683318638631064,0.7898925121138531,0.23,SAC
1337,-0.5102012935686002,1.0993235734464497,0.24,SAC
1338,-1.0850743841319046,0.7838689171711701,0.26,SAC
1339,-1.7143509588113373,0.7387494885707866,0.19,SAC
1340,-1.3591869229861433,0.8365124440414959,0.28,SAC
1341,-1.045274585989655,0.907884453940202,0.2,SAC
1342,-0.6213638215369831,1.055945510157487,0.28,SAC
1343,-1.6334592148210394,0.8283345024277702,0.18,SAC
1344,-1.087346699223602,1.0317789669483495,0.19,SAC
1345,-1.0551986699532712,0.8005901458374421,0.28,SAC
1346,-1.191605195111839,0.8530090277513277,0.29,SAC
1347,-1.7608519087389047,0.8068756815444842,0.19,SAC
1348,-1.5513375459477694,0.7111609309314801,0.19,SAC
1349,-0.9600401963908741,0.9977824422932667,0.23,SAC
1350,-0.96763977670805,0.9533714417411907,0.28,SAC
1351,-1.3165104564489996,0.9844754595569206,0.22,SAC
1352,-1.2103819154838897,0.9453582799288595,0.22,SAC
1353,-0.6840708641106942,0.974360800485681,0.19,SAC
1354,-0.9249566467492794,0.9550576392511877,0.27,SAC
1355,-1.0306129473339842,0.8556492590531939,0.22,SAC
1356,-1.1631353673697786,0.8235889874148321,0.2,SAC
1357,-1.2539655449295406,0.93187020748352,0.29,SAC
1358,-1.1502855109573245,0.9232012293846552,0.22,SAC
1359,-1.2337685541462096,0.7572982034883674,0.17,SAC
1360,-1.6911094367080028,0.796812830045022,0.22,SAC
1361,-0.8813793281527305,0.9539792800772507,0.2,SAC
1362,-1.5444767939709316,0.8514357535280679,0.21,SAC
1363,-1.459385575335264,0.7522045971063998,0.25,SAC
1364,-1.2330978315436283,0.9429619903113436,0.2,SAC
1365,-1.460936176749473,0.8881170841869098,0.18,SAC
1366,-0.7559670907714369,1.0593375444667505,0.23,SAC
1367,-1.1976965500422536,0.8807508564370825,0.23,SAC
1368,-1.3305917552053075,0.963251579826247,0.26,SAC
1369,-1.7240906796533062,0.9003564762478997,0.28,SAC
1370,-1.1709912510624285,0.8830654041544084,0.22,SAC
1371,-1.1452317639115908,0.9966324906507782,0.21,SAC
1372,-1.1869700005250585,0.8126392810478832,0.2,SAC
1373,-1.2058611665469403,0.918945324330691,0.18,SAC
1374,-1.0925929077919563,0.9270469793690175,0.19,SAC
1375,-0.8790969915957784,1.02760649564691,0.26,SAC
1376,-1.546837068548621,0.874008515167564,0.18,SAC
1377,-1.7336627613862468,0.6627675692688304,0.19,SAC
1378,-1.5554799385733844,0.7712297987510632,0.18,SAC
1379,-1.5012035195306965,0.8549710360671295,0.14,SAC
1380,-1.3462416760177445,0.9253391484763638,0.15,SAC
1381,-1.1581888125518838,0.9066873174824479,0.27,SAC
1382,-1.178869172756582,0.9032289472395278,0.24,SAC
1383,-1.7323597549703933,0.8379041790053011,0.24,SAC
1384,-1.3317318525199346,0.921910859446464,0.18,SAC
1385,-1.141140070549353,0.9576782524906416,0.31,SAC
1386,-0.8755749882678685,1.011848735949592,0.28,SAC
1387,-0.9434679306604061,1.0069960205530202,0.27,SAC
1388,-1.3186994618381704,0.7769255910011788,0.19,SAC
1389,-0.999456675355953,0.9058029854358532,0.28,SAC
1390,-1.3424522676886304,0.7817703796116571,0.2,SAC
1391,-1.5028398090472774,0.7224343905287448,0.19,SAC
1392,-0.8082230077083067,1.0130817880337863,0.31,SAC
1393,-1.3514682279274783,0.9136795027705544,0.21,SAC
1394,-1.499659621144228,0.7965718668997503,0.13,SAC
1395,-1.3898648565350087,0.8682803160426136,0.28,SAC
1396,-0.9049068965764446,0.9055283303535161,0.22,SAC
1397,-0.6045512788795395,0.9302709006505309,0.28,SAC
1398,-1.4905647476263488,0.7895498107433602,0.27,SAC
1399,-0.8412448520556355,0.9775361998681382,0.2,SAC
1400,-1.5915778768711792,0.8460891518893348,0.21,SAC
1401,-1.6236367408151464,0.6871286535146716,0.19,SAC
1402,-1.6734961119334781,0.7487830959082798,0.13,SAC
1403,-1.3550213728844938,0.8578915526691901,0.25,SAC
1404,-1.2807070112141463,0.8490738129072465,0.25,SAC
1405,-1.114185636460377,0.838658130497627,0.29,SAC
1406,-1.222978507915142,0.9151101108529349,0.2,SAC
1407,-1.338504541458233,0.9314204649746785,0.23,SAC
1408,-1.1745348358182763,0.9453776476968474,0.24,SAC
1409,-1.0361203833575012,0.8469127941016332,0.24,SAC
1410,-1.3498639337815947,0.7715131954520451,0.24,SAC
1411,-1.2418139110537822,0.7862010859092831,0.26,SAC
1412,-1.2293857027622093,0.8716009697599317,0.22,SAC
1413,-1.2672897237986738,1.0026314938850067,0.22,SAC
1414,-1.1349634348893063,0.9109603901524028,0.2,SAC
1415,-1.3244099355801304,0.8553189505585763,0.26,SAC
1416,-1.6025219692164003,0.845422138533879,0.2,SAC
1417,-1.780476526711986,0.7200115756754184,0.18,SAC
1418,-0.6862943369752631,0.9088379778912938,0.26,SAC
1419,-1.0305266930570234,0.9378041872067109,0.25,SAC
1420,-0.9716159038345756,0.8421225316841974,0.25,SAC
1421,-0.7769549788652788,0.8949968591304993,0.27,SAC
1422,-1.2968335705292333,0.8031461936122188,0.27,SAC
1423,-1.4960133903798885,0.8241385947195284,0.23,SAC
1424,-1.5601426693881493,0.8271552794844743,0.24,SAC
1425,-1.2148491442522773,0.8089836478377237,0.24,SAC
1426,-1.0574851950628534,0.9436735033583608,0.26,SAC
1427,-1.6681239421042386,0.7378266145891456,0.24,SAC
1428,-1.083549167041543,0.8589249617680826,0.23,SAC
1429,-1.1696271384989045,0.9555773678689526,0.25,SAC
1430,-1.006984744594356,0.9178019476436724,0.21,SAC
1431,-1.405298512121344,0.8351760697557981,0.18,SAC
1432,-1.2246294929826278,0.7901130907251234,0.19,SAC
1433,-1.3299940980704783,1.0127966094888738,0.21,SAC
1434,-0.9598411647715963,0.9746123692838665,0.24,SAC
1435,-0.8347056800248248,0.9247605145863251,0.28,SAC
1436,-1.0820202721194756,0.8646243709956387,0.26,SAC
1437,-1.3451111934262636,0.9417902616040492,0.24,SAC
1438,-1.667694117217489,0.8109231558943851,0.22,SAC
1439,-0.8991679449472457,0.9353206513194051,0.3,SAC
1440,-1.085912814984849,0.8196726568727993,0.24,SAC
1441,-0.7720986599228138,1.0409335844146754,0.23,SAC
1442,-0.7999276654273436,0.9201408385981454,0.22,SAC
1443,-0.7957058833063998,0.9707631916754862,0.39,SAC
1444,-1.1715877439366111,0.8986828806438907,0.24,SAC
1445,-1.7206758610617467,0.6715464262801462,0.22,SAC
1446,-1.758718600880534,0.6723294228262812,0.22,SAC
1447,-1.3678209580965666,0.857770571350152,0.2,SAC
1448,-1.2750203657275747,0.7458196009163278,0.17,SAC
1449,-0.9135039838458596,1.0645495021224318,0.18,SAC
1450,-1.0485170220218663,0.8971646705200912,0.16,SAC
1451,-0.8450818702432389,0.9356398708331213,0.26,SAC
1452,-1.352774386150761,0.7883867284045585,0.22,SAC
1453,-1.530518920643342,0.8451548344475551,0.09,SAC
1454,-0.9454915850229326,0.9657091656122745,0.28,SAC
1455,-0.972177040986372,1.0037833005858956,0.24,SAC
1456,-0.6115062892666973,0.8423706378449565,0.31,SAC
1457,-1.2472592825181241,0.8108830114078157,0.25,SAC
1458,-0.6829261904116736,1.0123555211394268,0.33,SAC
1459,-1.359087728581872,0.9764086435971666,0.2,SAC
1460,-0.8029891489495666,1.0618318085067693,0.24,SAC
1461,-1.031001090314132,0.9724457313326718,0.23,SAC
1462,-0.76827042339632,0.8891722179262497,0.28,SAC
1463,-1.2620821624317606,0.7909946919460964,0.21,SAC
1464,-0.9808544833883236,1.0192662088809588,0.26,SAC
1465,-0.9020658354811283,1.043324223822145,0.27,SAC
1466,-1.6271124093277225,0.7821711686977686,0.18,SAC
1467,-0.7473730333611074,1.1835142992289294,0.24,SAC
1468,-1.3502308404281356,0.8282631760349072,0.21,SAC
1469,-1.32213536992869,0.8348845139416047,0.27,SAC
1470,-1.5230409266033749,0.8296601992366035,0.23,SAC
1471,-1.6673622100217067,0.7718587343980208,0.23,SAC
1472,-1.485035241246032,0.8412838153276705,0.24,SAC
1473,-1.1466443652560787,0.8535137553559232,0.22,SAC
1474,-1.6214285346352362,0.7852510134985669,0.19,SAC
1475,-1.2309543983551519,1.0262069852887579,0.26,SAC
1476,-1.2218594577163504,0.9495487035007468,0.21,SAC
1477,-1.5136883528053169,0.8994042745635579,0.24,SAC
1478,-1.2211655185013741,0.8146542720086906,0.21,SAC
1479,-1.1524180558269514,0.9446165897809705,0.19,SAC
1480,-1.4256035884213087,0.8525235347566352,0.18,SAC
1481,-1.3822411047671141,0.8940756765138431,0.23,SAC
1482,-0.9949977462848147,0.9943952840759721,0.27,SAC
1483,-1.1057533917259774,0.7961236088619869,0.28,SAC
1484,-1.2143373638129444,0.9303579910429762,0.29,SAC
1485,-1.0140583206315692,0.8974445410741511,0.19,SAC
1486,-1.0983242729423475,0.8722106680012555,0.25,SAC
1487,-1.4036104164981325,0.929469187630509,0.31,SAC
1488,-1.3440516580625115,0.8015272798514919,0.25,SAC
1489,-1.0242431595419101,0.8938286241516465,0.28,SAC
1490,-1.452535002540355,0.7873682318151566,0.21,SAC
1491,-1.0288949053710956,0.9448469503474933,0.23,SAC
1492,-1.2990010992542584,0.811915035658535,0.2,SAC
1493,-1.1343022925485549,0.7769367249873723,0.22,SAC
1494,-0.9330781886055465,1.0476473363316134,0.27,SAC
1495,-0.8252447754218273,0.9987277035438429,0.28,SAC
1496,-1.1091626421595002,0.9206380510634702,0.23,SAC
1497,-0.9555539196164393,0.9486912219197231,0.21,SAC
1498,-1.1543443653510104,0.9200450732199182,0.26,SAC
1499,-1.5864601511537242,0.8100561341439164,0.24,SAC
1500,-0.9941922921152059,0.8653844928418373,0.22,SAC
1501,-1.5953796794293558,0.7627619287551375,0.19,SAC
1502,-1.4700751857556293,0.7624887406772244,0.21,SAC
1503,-1.654345186294019,0.8416059315279683,0.19,SAC
1504,-1.76709025678138,0.8987122044080658,0.23,SAC
1505,-1.1749649955139498,0.9802809112347473,0.17,SAC
1506,-1.186682690231698,0.9957706640255295,0.25,SAC
1507,-0.8201328995560395,0.9498900662429166,0.22,SAC
1508,-1.5597106031289285,0.7414012599229083,0.24,SAC
1509,-1.0528205645172952,0.8396074510708972,0.24,SAC
1510,-0.8291315267198316,1.0807391380787847,0.23,SAC
1511,-1.3105597133386664,0.9243286130705564,0.14,SAC
1512,-1.348565121156173,0.8703235862174394,0.26,SAC
1513,-0.6552307583681537,1.030495886810986,0.29,SAC
1514,-1.0181124484103,1.027474466225691,0.25,SAC
1515,-1.1330553607515745,0.837607620438301,0.23,SAC
1516,-1.084367158390857,0.9707134047004052,0.3,SAC
1517,-1.6298899359587709,0.9028220139181315,0.24,SAC
1518,-1.159673935557946,0.9610995554500106,0.24,SAC
1519,-1.251845171330057,0.9067646784577396,0.23,SAC
1520,-1.6917131374011125,0.7063910126497173,0.16,SAC
1521,-0.982596875848749,0.9063276944759096,0.28,SAC
1522,-1.3007652723902459,0.9168794690619393,0.22,SAC
1523,-1.4236484480475398,0.8603561618980378,0.24,SAC
1524,-0.9158323567400433,0.8507848135024689,0.24,SAC
1525,-1.2054130778157939,0.9836492750941792,0.23,SAC
1526,-1.230059477115323,0.9338760319042093,0.25,SAC
1527,-1.5865599291951427,0.8363563281287897,0.14,SAC
1528,-1.2648120867173644,0.8208321627202554,0.17,SAC
1529,-1.3035423135032846,0.7597285409966412,0.17,SAC
1530,-1.1127194726349616,1.002461828834723,0.23,SAC
1531,-0.8575737514316855,0.9997614583085739,0.31,SAC
1532,-1.036653123281551,0.9646380620554689,0.26,SAC
1533,-1.3499679201652148,0.8139139597141116,0.17,SAC
1534,-0.8470630884331112,0.9648532618128318,0.28,SAC
1535,-1.5022554212094854,0.7317775762734784,0.2,SAC
1536,-1.1716736621932646,0.8146424185136923,0.2,SAC
1537,-1.0692149934780422,0.9558089894596107,0.2,SAC
1538,-1.1100706122767479,0.9478283833329919,0.21,SAC
1539,-1.1678773985438833,0.9807057519298641,0.21,SAC
1540,-0.9137565440409228,0.8764818629876833,0.21,SAC
1541,-1.5372473759940923,0.778240081360828,0.2,SAC
1542,-1.0726787263385293,0.9772792449266607,0.28,SAC
1543,-1.3700717135881197,0.8911820910701675,0.15,SAC
1544,-0.9267554522230307,0.875808252487184,0.25,SAC
1545,-1.1849785418533798,0.840332074836626,0.28,SAC
1546,-0.8490368982913021,0.9176724743297017,0.27,SAC
1547,-0.7400744550304793,1.0112733966497685,0.3,SAC
1548,-1.126399487550075,0.9006309419311275,0.2,SAC
1549,-1.370153189003775,0.8732748149111816,0.19,SAC
1550,-1.7145310584849218,0.7015473238186953,0.2,SAC
1551,-0.808673342834752,1.1271720740393585,0.31,SAC
1552,-1.5451743666975404,0.8659991644290403,0.24,SAC
1553,-1.006822419068281,0.9480506246119557,0.22,SAC
1554,-0.7583593860176994,1.0245683676044341,0.28,SAC
1555,-1.349698434889319,0.8989343500603567,0.23,SAC
1556,-1.355944961969471,0.8405761197454378,0.27,SAC
1557,-1.1618239506193726,0.8308496046818269,0.29,SAC
1558,-0.9314820799940571,0.8525178192794215,0.31,SAC
1559,-1.116950630843846,0.9380157327257254,0.22,SAC
1560,-1.5009120850525954,0.9001660752030759,0.22,SAC
1561,-1.2401791117933023,0.9681952415795243,0.18,SAC
1562,-1.1576117113367739,0.8631178908015831,0.29,SAC
1563,-1.2378396911473142,0.845925474064284,0.24,SAC
1564,-1.136389177556274,0.9033097503023072,0.26,SAC
1565,-1.13919554889611,0.9396319120852479,0.22,SAC
1566,-1.4024504334530095,0.7282293949756443,0.18,SAC
1567,-0.9553485256075538,0.8698792728403268,0.21,SAC
1568,-1.2287505424091423,0.8777251557350502,0.18,SAC
1569,-1.561695600877807,0.8499772876279025,0.27,SAC
1570,-1.2643833271827651,0.9667469379375043,0.22,SAC
1571,-1.1120459671365952,0.9152246356762533,0.35,SAC
1572,-1.1190133261386739,0.8340706665673191,0.24,SAC
1573,-1.17887956942646,1.0238423825105496,0.24,SAC
1574,-0.761557738191712,0.9392232741081443,0.32,SAC
1575,-0.5760218181176956,0.9361416123772445,0.29,SAC
1576,-1.1569007066034467,0.8508551796389753,0.26,SAC
1577,-1.1853114965466716,0.8232820773427476,0.25,SAC
1578,-1.3838260351093172,0.7789939185022928,0.19,SAC
1579,-1.3994071639026617,0.927872183053068,0.2,SAC
1580,-1.2662974275454415,0.9115862533425162,0.23,SAC
1581,-1.0059732476765202,0.970544660817012,0.29,SAC
1582,-0.6132735853154805,1.0362956890725104,0.27,SAC
1583,-0.9322894600390609,0.9254207815410088,0.23,SAC
1584,-0.46159361023135764,1.0688643468663244,0.33,SAC
1585,-1.379638337526768,0.7709695015101866,0.29,SAC
1586,-1.1422761173146527,0.883883761038403,0.22,SAC
1587,-1.0390417714239168,0.9385082210527937,0.27,SAC
1588,-1.4335926057064499,0.8710814040947082,0.28,SAC
1589,-1.194098178393632,0.8155234892866018,0.24,SAC
1590,-1.4159099178485297,0.826558377168421,0.21,SAC
1591,-1.597282850801663,0.854993845816302,0.24,SAC
1592,-1.6581822294440207,0.7130802467572821,0.18,SAC
1593,-1.1261252863086524,0.8069610354275102,0.25,SAC
1594,-1.0494255194547308,0.9359489777073783,0.3,SAC
1595,-1.3785434999775037,0.8746391522554856,0.18,SAC
1596,-0.966167001018816,0.9657291271156114,0.26,SAC
1597,-1.2350482180774847,0.8062310339701818,0.26,SAC
1598,-1.0607410047555985,0.7846732875662477,0.29,SAC
1599,-1.2489394116824566,0.8003627948310915,0.23,SAC
1600,-1.2061376923042328,0.8971053734346913,0.24,SAC
1601,-0.822323324599614,0.9703358050351923,0.35,SAC
1602,-1.090243685617111,0.7764587183099837,0.23,SAC
1603,-1.4457324775848814,0.75815560029546,0.21,SAC
1604,-0.9774554133773456,0.986926115036373,0.28,SAC
1605,-1.158582794761692,1.013030047761744,0.28,SAC
1606,-1.2535319754616336,0.8587670273732962,0.15,SAC
1607,-1.288714024740371,0.8705484833540321,0.23,SAC
1608,-0.870185200915294,0.9339624690603504,0.28,SAC
1609,-1.0619734632831253,0.913347157426113,0.23,SAC
1610,-1.1528132485753289,0.9762675330756194,0.24,SAC
1611,-0.983400290466102,1.0463063849807437,0.3,SAC
1612,-0.6361793282735755,0.9865492159093812,0.31,SAC
1613,-1.3867739639738843,0.9077108949119307,0.29,SAC
1614,-1.5923222354319082,0.7448586021541869,0.19,SAC
1615,-1.4815127302189388,0.8521333070108486,0.23,SAC
1616,-1.1338772933228771,0.9311515022784026,0.23,SAC
1617,-1.4494905171387393,0.8638828402292995,0.26,SAC
1618,-1.1399065717807009,0.8747860481379511,0.26,SAC
1619,-1.0971012983414772,0.8550751618636415,0.27,SAC
1620,-1.2638045699289442,0.805257799621754,0.25,SAC
1621,-1.1346148233975004,0.9195307578975086,0.26,SAC
1622,-0.8907211333938883,1.1774819713085678,0.29,SAC
1623,-0.9081562180352782,0.9938295641779831,0.27,SAC
1624,-1.3105125670443314,0.9391051773271406,0.23,SAC
1625,-0.8526192285749912,0.856912058428016,0.31,SAC
1626,-1.1123700350693693,0.9351282160108595,0.25,SAC
1627,-1.0511057538687316,0.9048010171895186,0.25,SAC
1628,-1.3370246860982105,0.8827899066284876,0.2,SAC
1629,-1.451579200845532,0.8011653886856054,0.25,SAC
1630,-1.3864906765166551,0.8576908700382961,0.27,SAC
1631,-1.6440724877173813,0.8477206749075787,0.23,SAC
1632,-1.2259183905589752,0.9349186323123047,0.22,SAC
1633,-1.0232157805962823,0.8981691996155188,0.26,SAC
1634,-1.5295236382310102,0.8204893782248806,0.24,SAC
1635,-1.22970599655444,0.8232922546402848,0.24,SAC
1636,-1.0784844508503735,0.9054198438053953,0.22,SAC
1637,-1.188285781841474,0.8187484400360642,0.23,SAC
1638,-1.0940672729819072,0.886667331469236,0.34,SAC
1639,-1.0498367493614602,1.0365114872286285,0.22,SAC
1640,-1.264111701223679,0.78928468809479,0.22,SAC
1641,-0.9574678352531772,1.0134184148732017,0.24,SAC
1642,-1.3720422011669766,0.9360850649269468,0.27,SAC
1643,-1.1477164929267083,0.9939113698203126,0.24,SAC
1644,-1.1908044026099964,0.8680488410232767,0.17,SAC
1645,-1.2344893202913179,0.9525006971233154,0.28,SAC
1646,-0.8447759231256807,1.1331901679438117,0.27,SAC
1647,-1.4624358948780536,0.8008118703023352,0.27,SAC
1648,-1.2442724272635328,1.0726817393221166,0.2,SAC
1649,-1.1331368179479722,0.8818102171683396,0.2,SAC
1650,-1.5952814491097584,0.7994205163779475,0.19,SAC
1651,-0.9944014214608798,0.94193557199266,0.25,SAC
1652,-0.9363125484807314,0.9803149155648555,0.27,SAC
1653,-1.2286874790135358,0.823394570174128,0.31,SAC
1654,-1.8285458371887773,0.7563744040306797,0.18,SAC
1655,-0.7469544343952391,1.0394560745636197,0.27,SAC
1656,-1.0077777004450899,0.9087619510426476,0.2,SAC
1657,-0.9042100112272651,1.0114474354343788,0.29,SAC
1658,-1.1569122042234805,0.9956491737648524,0.33,SAC
1659,-1.0815837100504873,0.9305500081102762,0.28,SAC
1660,-1.1719932910295376,0.9239751948872877,0.28,SAC
1661,-1.466137666894768,0.875463627427622,0.24,SAC
1662,-1.2280600107022364,0.8245029691511891,0.26,SAC
1663,-1.238922528297224,0.7655594728074252,0.16,SAC
1664,-1.0766345318646307,0.9825404857383441,0.26,SAC
1665,-0.7291935277312802,1.0404769870146948,0.25,SAC
1666,-0.8312344424900266,0.9392264329641175,0.3,SAC
1667,-1.2186214344138353,0.7226599507407007,0.31,SAC
1668,-1.488347953539678,0.717851250382852,0.19,SAC
1669,-1.2715517667416918,0.8943103471234314,0.27,SAC
1670,-1.3806228348857406,0.7540350947937317,0.28,SAC
1671,-1.3366946489306089,0.8585631667596694,0.27,SAC
1672,-1.2820894559238676,0.8212191575985868,0.21,SAC
1673,-1.0702612970327943,0.89021630152777,0.23,SAC
1674,-0.9600786246210861,0.9375254360054275,0.23,SAC
1675,-1.2569862930259779,0.7364114757200465,0.2,SAC
1676,-1.0207040113972319,0.9706923682674196,0.27,SAC
1677,-1.2792341570792025,0.8438466417238487,0.21,SAC
1678,-1.0860008514576018,0.9811174947844647,0.32,SAC
1679,-1.4280967667827107,0.7975252025462047,0.21,SAC
1680,-1.1887570182356524,0.8821463803620573,0.26,SAC
1681,-1.340411570182696,0.8403206014864567,0.24,SAC
1682,-1.3711723451623872,0.8530937397087497,0.21,SAC
1683,-1.2238186214862627,0.9011137150587704,0.24,SAC
1684,-1.586754382180767,0.8456555275755308,0.19,SAC
1685,-1.1981401262948694,0.8425367109191995,0.25,SAC
1686,-1.3849171885515326,0.9055433895477998,0.25,SAC
1687,-1.4550168513357908,0.8627085890992123,0.23,SAC
1688,-1.2260356872373825,0.794484372174135,0.26,SAC
1689,-1.0111430178469691,0.997694201246228,0.26,SAC
1690,-1.1610077452117284,0.9563173138240394,0.18,SAC
1691,-1.5349623715256553,0.7971944990073732,0.21,SAC
1692,-1.1682965343720768,0.9605284692770677,0.28,SAC
1693,-1.2276100463078539,0.7890660191097031,0.19,SAC
1694,-1.3965441464768935,0.8278647907066928,0.19,SAC
1695,-1.0579963746475431,0.9523953987413075,0.28,SAC
1696,-1.1268773325379002,0.9037208741300128,0.26,SAC
1697,-1.1537202250434466,0.9947431411761393,0.27,SAC
1698,-1.6513327675899692,0.7739687203539153,0.23,SAC
1699,-1.0737247903748084,0.8811359251376014,0.25,SAC
1700,-1.2139477546318391,0.923164265116254,0.14,SAC
1701,-1.4880670859201566,0.8706209333344087,0.25,SAC
1702,-1.6820338747251657,0.7785052465453305,0.22,SAC
1703,-1.1146822822317333,0.9791601590245891,0.28,SAC
1704,-1.057150433750503,0.9385043641994514,0.27,SAC
1705,-1.1600777186401845,0.9113517812181154,0.27,SAC
1706,-1.9348728249913585,0.6968428964289798,0.14,SAC
1707,-1.6124523198684173,0.7911459162038446,0.19,SAC
1708,-1.0338333595129785,0.9332573309303135,0.16,SAC
1709,-1.3769808039146059,0.778182243987965,0.21,SAC
1710,-1.4250981063287065,0.8330221579739857,0.16,SAC
1711,-0.9016118931354307,0.95230627307826,0.26,SAC
1712,-1.1320603655945922,0.9442609080375768,0.19,SAC
1713,-1.6236746045382728,0.794500290564022,0.2,SAC
1714,-1.170245775634006,1.0140957645274886,0.24,SAC
1715,-0.9635897568596047,0.8867123477202168,0.25,SAC
1716,-1.5577450896166594,0.7607097459155977,0.23,SAC
1717,-1.3394292912751349,0.8750167872090111,0.21,SAC
1718,-1.3748403643133331,0.762746136983821,0.16,SAC
1719,-1.0316108444938736,0.9434731813195508,0.3,SAC
1720,-1.3768288586390844,0.7284078907906636,0.25,SAC
1721,-1.4613070170751843,0.8751913887923486,0.27,SAC
1722,-0.8630475098272656,0.9849492192621365,0.3,SAC
1723,-1.3260395967658338,0.8580900628447007,0.2,SAC
1724,-1.0944652700149475,0.8598231876913056,0.2,SAC
1725,-1.3060798193624137,0.8805631357851486,0.22,SAC
1726,-1.3478257863976915,0.903449633846789,0.23,SAC
1727,-1.2793555645629546,0.9861251904416365,0.23,SAC
1728,-0.6337015645411492,1.077985601632924,0.31,SAC
1729,-1.5803302093413425,0.7228446658320656,0.2,SAC
1730,-1.5866393313712401,0.8554507339087991,0.21,SAC
1731,-1.3584281141077021,0.8973876022533357,0.19,SAC
1732,-0.961986741876875,0.9892281005915012,0.23,SAC
1733,-1.0338129242941831,0.9047064693270918,0.22,SAC
1734,-1.2970846187204246,0.8324229324350366,0.24,SAC
1735,-1.067063642002731,0.9318162655836474,0.27,SAC
1736,-0.6901903615287297,1.0778157914204634,0.23,SAC
1737,-1.1131097382344486,0.8845780547448241,0.22,SAC
1738,-1.4936109998677733,0.6851237116714577,0.11,SAC
1739,-1.7800288795548178,0.7111573592997078,0.19,SAC
1740,-0.4846248323919322,1.04052601615533,0.31,SAC
1741,-1.6281885561167255,0.8350778182840198,0.19,SAC
1742,-1.0594608732631772,0.9445431395540618,0.2,SAC
1743,-0.9216413419462894,0.9660313451790223,0.24,SAC
1744,-1.298507458883964,0.7723772018923131,0.3,SAC
1745,-1.496632090459559,0.8680115607261232,0.2,SAC
1746,-1.4394952560109786,0.7261880306706088,0.26,SAC
1747,-1.3028468720270048,0.7828774751413399,0.31,SAC
1748,-0.7806386597427548,0.9183802631270862,0.3,SAC
1749,-1.156799743817014,0.906312294824143,0.25,SAC
1750,-0.7371196843020712,1.2402759265372014,0.24,SAC
1751,-1.3284492723860535,0.8271721708702785,0.27,SAC
1752,-1.9346813523762214,0.6369056159339468,0.22,SAC
1753,-0.8511853714409454,1.0569054506446036,0.33,SAC
1754,-0.8306673845928123,0.9891374527104315,0.27,SAC
1755,-1.2656713922863,0.879997738720055,0.21,SAC
1756,-1.1805443298884872,0.8627732348345754,0.26,SAC
1757,-1.1551971754723391,0.9756128553444718,0.2,SAC
1758,-0.6962360240341968,1.1124001698688124,0.29,SAC
1759,-1.3881776817913853,0.8629164326865626,0.24,SAC
1760,-1.204934743193576,0.8821052777833502,0.22,SAC
1761,-1.0322422590536684,0.878668928384287,0.27,SAC
1762,-1.1980155979471492,0.7635465420189752,0.19,SAC
1763,-1.1349416721474008,0.8769061557962223,0.21,SAC
1764,-1.0070236487469473,0.8834451642529043,0.23,SAC
1765,-1.361929880995404,0.9397532843103531,0.27,SAC
1766,-1.2879765817142113,0.8980709573190224,0.23,SAC
1767,-1.060678164129967,0.9021718828519931,0.28,SAC
1768,-1.0227444656654492,0.9294455539700963,0.33,SAC
1769,-1.091569020681694,0.8885101393424313,0.31,SAC
1770,-1.3949316799536335,0.8784778513950898,0.2,SAC
1771,-1.2393514523493172,0.8952149039556899,0.26,SAC
1772,-0.9407328021762545,0.979486298778519,0.2,SAC
1773,-1.3584568562769732,0.7880897997996638,0.17,SAC
1774,-0.9047548121503026,1.0372989380230864,0.34,SAC
1775,-1.0791631756631608,0.9903428707675694,0.31,SAC
1776,-0.764253189664165,1.089134831772482,0.32,SAC
1777,-0.8177682937952936,0.9323987996525241,0.22,SAC
1778,-1.4485665187941805,0.8480558259562533,0.19,SAC
1779,-0.7838103564993376,1.075281241450809,0.25,SAC
1780,-0.8724382956015644,1.102153041347294,0.19,SAC
1781,-1.3306259462113206,0.9527826224587205,0.26,SAC
1782,-0.6954300388231798,1.1408566716711952,0.32,SAC
1783,-1.2740393189816068,0.899722011414804,0.24,SAC
1784,-1.7340340181817573,0.7164284325651253,0.18,SAC
1785,-1.44371650050893,0.8520387691009687,0.21,SAC
1786,-0.8825447501907968,0.9927280697653187,0.3,SAC
1787,-1.0961563528822607,0.8554260117559217,0.26,SAC
1788,-1.1668672677661651,0.8427298148606134,0.25,SAC
1789,-1.1246270791130963,0.9015181784704395,0.29,SAC
1790,-1.3176173448811668,0.8641952845657751,0.25,SAC
1791,-1.0429918112340015,0.962767125511117,0.25,SAC
1792,-1.1418677550217233,0.8587638395029416,0.24,SAC
1793,-1.1106410880495812,0.9550131575602693,0.29,SAC
1794,-1.0628649132317138,0.9256220533804924,0.27,SAC
1795,-0.996518910968681,0.8733727140542514,0.26,SAC
1796,-1.1397420700131444,0.7990580645982468,0.19,SAC
1797,-0.8238039421123007,1.0089579362893075,0.22,SAC
1798,-0.7881761197036091,1.0453956311328716,0.24,SAC
1799,-0.8117951672463536,0.8954056479962261,0.29,SAC
1800,-1.1203434438454836,0.9948771425519477,0.26,SAC
1801,-1.2333812937155992,0.8843536273435266,0.29,SAC
1802,-1.0046367377255794,0.806070433209256,0.29,SAC
1803,-0.8357424129162518,1.0351659809241354,0.23,SAC
1804,-1.3644020068619482,0.8884746797893125,0.23,SAC
1805,-0.8856487434866661,0.9577196982637229,0.25,SAC
1806,-1.2785763793623388,0.856798631871128,0.17,SAC
1807,-1.355026346189958,0.8146390648512407,0.15,SAC
1808,-1.1668687924898682,0.9768694045598885,0.26,SAC
1809,-1.3352942799876386,0.788851356180304,0.18,SAC
1810,-0.9435609602246783,1.058304856204114,0.33,SAC
1811,-1.2071035652347255,0.9069381637055361,0.22,SAC
1812,-1.257694619899847,0.894598768839627,0.25,SAC
1813,-1.0566887002557845,1.0382883809721277,0.24,SAC
1814,-1.3013108877133606,0.8220214955225322,0.23,SAC
1815,-1.4347902788899767,0.85528697513593,0.2,SAC
1816,-1.3452193601653541,0.7254834908732086,0.23,SAC
1817,-1.1508738591566168,0.9967075144011561,0.21,SAC
1818,-1.0592581758383413,0.9274609705149522,0.26,SAC
1819,-1.0090056636486893,0.9008764745818283,0.28,SAC
1820,-1.1566553124420875,0.8519538246053229,0.27,SAC
1821,-1.4132540620982113,0.9056917547265136,0.21,SAC
1822,-1.134785686667549,0.9165182655244614,0.3,SAC
1823,-0.8328939408478786,1.0299055556133931,0.34,SAC
1824,-1.2159424455172279,0.9148494450049195,0.3,SAC
1825,-1.3185461057921213,0.7719392350981316,0.19,SAC
1826,-1.2557264676566267,0.8647356151272858,0.25,SAC
1827,-1.0332048488332173,0.8970036223861295,0.22,SAC
1828,-0.942028041215081,0.9666601035448447,0.25,SAC
1829,-1.1730766921973101,0.8687016786408086,0.25,SAC
1830,-1.6031807544454415,0.6806109290287339,0.22,SAC
1831,-0.6570134064673225,1.0906614828329995,0.26,SAC
1832,-1.6611955202510913,0.8228656944067494,0.18,SAC
1833,-1.3556428151946422,0.8950511853511202,0.23,SAC
1834,-1.3904194146848077,0.8477706637283431,0.19,SAC
1835,-0.8338915442303113,0.9376178138256596,0.28,SAC
1836,-1.0373253781303686,0.9366597759401946,0.21,SAC
1837,-1.5064584138658912,0.8539183303379713,0.21,SAC
1838,-1.3331739873928845,0.819422116600197,0.17,SAC
1839,-1.171239341943229,0.8228732621908702,0.19,SAC
1840,-1.5479354278035746,0.9077504459873609,0.23,SAC
1841,-0.9260037018377466,0.904651035691658,0.27,SAC
1842,-1.2867103221004519,0.9682848502442392,0.2,SAC
1843,-1.1967289640326355,0.9074266000186587,0.27,SAC
1844,-1.2258239222128589,0.9392429039443752,0.19,SAC
1845,-0.9675145555676365,1.0595754868029916,0.34,SAC
1846,-1.1815574330188199,0.8035330736509539,0.22,SAC
1847,-0.9911879505104837,0.8198262837123462,0.24,SAC
1848,-1.2200224022485664,0.9205907763709054,0.3,SAC
1849,-1.0553938349722347,0.9174265642380928,0.24,SAC
1850,-1.3909500634202765,0.9022201917928805,0.17,SAC
1851,-1.5722912469230597,0.7783806872152611,0.29,SAC
1852,-1.1875053366458435,0.9209261417448631,0.23,SAC
1853,-0.5545119349192299,1.0426392464126288,0.34,SAC
1854,-1.1394863146218177,0.9188074144074275,0.22,SAC
1855,-1.1046166450184058,0.8948058346182525,0.21,SAC
1856,-1.1465152510239747,0.9163101838012753,0.16,SAC
1857,-1.351910790478311,0.8606033463037602,0.24,SAC
1858,-1.3958611835583068,0.6835207006325019,0.19,SAC
1859,-1.1820251942636164,0.8940441825652847,0.2,SAC
1860,-1.7274078929033114,0.8318109818443894,0.2,SAC
1861,-1.4326207928075028,0.8435806984189295,0.22,SAC
1862,-1.2893027962193562,0.8999498998662107,0.24,SAC
1863,-1.2025762388988996,0.9061267220034713,0.29,SAC
1864,-1.0820656925749557,0.8939108793998365,0.24,SAC
1865,-0.8939287271083444,0.8411259151460784,0.24,SAC
1866,-1.1402152317974537,0.8679683755258369,0.21,SAC
1867,-0.9073430394788804,1.012962579645336,0.29,SAC
1868,-1.1736857138520724,0.7077155845434375,0.27,SAC
1869,-1.517028878163647,0.8247147730572987,0.26,SAC
1870,-1.6026765915093515,0.8036994502303314,0.16,SAC
1871,-0.7415212299917004,1.024642765950773,0.31,SAC
1872,-0.9458770263742916,0.9020602397503792,0.25,SAC
1873,-0.9651534275195304,0.9826339184562243,0.29,SAC
1874,-1.101199636891583,1.0055874742012616,0.24,SAC
1875,-0.867063998956886,0.9143427325257432,0.3,SAC
1876,-1.3957745805484845,0.7514541765493048,0.28,SAC
1877,-1.3764268539501356,0.893979048774883,0.24,SAC
1878,-1.3145097244090629,0.9405622391144655,0.24,SAC
1879,-1.2216909843359842,0.8379219970687367,0.24,SAC
1880,-0.9509515737344983,0.9381768279806583,0.19,SAC
1881,-1.4048748198245604,0.8013707716671261,0.2,SAC
1882,-0.7719510815414635,0.9557133458001751,0.27,SAC
1883,-0.8574448711822423,0.9414463173167148,0.29,SAC
1884,-1.324804680910999,0.8546994429986742,0.23,SAC
1885,-1.3467772883000917,0.8387197164052619,0.16,SAC
1886,-0.916940177088603,0.8793199011427443,0.22,SAC
1887,-1.2099662423128181,0.8694062246605793,0.28,SAC
1888,-0.9817604611025891,0.8942611066384881,0.18,SAC
1889,-1.816989845652198,0.8213998888007926,0.15,SAC
1890,-1.4155092708046824,0.7998150476265511,0.21,SAC
1891,-1.1350221052600662,0.8724519249563748,0.28,SAC
1892,-1.3468661202436119,0.8823581097979575,0.26,SAC
1893,-1.2615669531956273,0.8944883817085489,0.28,SAC
1894,-1.2199133025047306,0.9371223974189685,0.25,SAC
1895,-1.004383585453913,0.9021922052122158,0.27,SAC
1896,-1.3396234239410367,0.6953988352985254,0.22,SAC
1897,-1.293176095342318,0.8299711366536039,0.23,SAC
1898,-0.6564305018149896,1.0906551994935825,0.26,SAC
1899,-0.9899701711784888,1.0109860791290144,0.26,SAC
1900,-1.1110173326090125,0.92171513341354,0.27,SAC
1901,-1.365261283284509,0.9510798605581114,0.24,SAC
1902,-1.289348674383817,0.799115371806093,0.25,SAC
1903,-1.5420438196423851,0.9427069495606992,0.23,SAC
1904,-0.9863563231874697,0.9409338241155951,0.31,SAC
1905,-0.8839276228248412,0.9319694199313253,0.29,SAC
1906,-0.9207015310235931,0.9976712137720816,0.27,SAC
1907,-1.1310430179825859,0.842090664268762,0.24,SAC
1908,-0.7593148653310251,1.0541784420814124,0.22,SAC
1909,-0.8433891812868923,1.0296662589219152,0.26,SAC
1910,-1.2540775291060944,0.8242176019086478,0.22,SAC
1911,-1.0192993585228292,0.9923701043264588,0.26,SAC
1912,-1.4883570143384495,0.746561302477475,0.16,SAC
1913,-1.1193445155372812,0.8106319679539515,0.2,SAC
1914,-1.3855679012595368,0.8853764269884182,0.26,SAC
1915,-1.8377648936776787,0.9195413963651454,0.22,SAC
1916,-0.9675547321632247,0.876946365078964,0.26,SAC
1917,-0.7207181659196649,0.9479392540527788,0.23,SAC
1918,-1.384236692887958,0.7835377807156452,0.22,SAC
1919,-1.613802185021898,0.9080202548517486,0.22,SAC
1920,-1.0216772740655053,0.8914690340130531,0.28,SAC
1921,-1.0672840386058853,0.9231914591905707,0.23,SAC
1922,-1.7036898855786922,0.8121715795458334,0.22,SAC
1923,-1.3324221600828525,0.9321717833297586,0.19,SAC
1924,-1.5800494885481495,0.8003243441797356,0.16,SAC
1925,-1.7363737646730413,0.7295722125332823,0.22,SAC
1926,-1.4540704964758118,0.7193629719158475,0.26,SAC
1927,-1.0662277779073979,0.9195831534524767,0.22,SAC
1928,-1.2449269294867285,0.8055302504171248,0.27,SAC
1929,-1.4671380770210607,0.9053667359871495,0.2,SAC
1930,-1.3271940575000434,0.8889373172520285,0.28,SAC
1931,-1.1815344961617322,0.8841628513583167,0.24,SAC
1932,-1.6349099046887527,0.7340906417044119,0.14,SAC
1933,-1.040626610187523,0.8848297816473304,0.22,SAC
1934,-1.287004626024336,0.8181266711399218,0.21,SAC
1935,-1.1918839349163906,0.8460684980001598,0.19,SAC
1936,-1.3027963240904605,0.9566186281528408,0.27,SAC
1937,-1.1858213685391121,0.7731954006991694,0.24,SAC
1938,-1.3153162032854224,0.7593322368648404,0.34,SAC
1939,-1.3431680744471095,0.8639120489510306,0.27,SAC
1940,-1.0912926247873604,0.9481023686782782,0.21,SAC
1941,-1.0441915031363775,0.7538509853681716,0.27,SAC
1942,-1.276781028632714,0.8872071852663656,0.18,SAC
1943,-1.2570990928730443,0.8600871822293005,0.18,SAC
1944,-1.0547564443177693,0.885186166199329,0.27,SAC
1945,-0.9500177465681784,1.0339580525946577,0.28,SAC
1946,-0.7623754647770785,1.0305641180983895,0.36,SAC
1947,-1.3253843216258503,0.8521256211244399,0.22,SAC
1948,-1.0049998775452378,0.8753202975904056,0.24,SAC
1949,-1.0904778333508067,0.8993248879481783,0.31,SAC
1950,-1.1322138941219109,0.9550498400295706,0.16,SAC
1951,-0.9947799406009367,0.9228922895381957,0.32,SAC
1952,-1.1483059497693255,0.8966097518629161,0.26,SAC
1953,-1.5219897851403692,0.8314546171463809,0.18,SAC
1954,-0.9674534940273436,0.9261225761997213,0.3,SAC
1955,-1.2626327498904681,0.8187546269607948,0.19,SAC
1956,-1.0298563394727702,1.027938529756422,0.29,SAC
1957,-1.0728742197651302,1.0290432876874247,0.32,SAC
1958,-1.1671562435207508,1.0087123940421534,0.2,SAC
1959,-0.9230603804251863,0.9139719247823441,0.25,SAC
1960,-1.2400572204688358,0.8443714296446792,0.24,SAC
1961,-0.8056622969487885,0.9400442391237833,0.26,SAC
1962,-0.9021903487915864,0.8869565535793617,0.27,SAC
1963,-1.4023697348313606,0.7365382716010409,0.27,SAC
1964,-1.199501543321074,0.8755628125397071,0.25,SAC
1965,-0.8496987480125925,0.8594602031288112,0.3,SAC
1966,-1.0884259344346072,1.0211336440897198,0.22,SAC
1967,-0.8595010405517814,1.1054169548897093,0.27,SAC
1968,-1.1420406395952127,0.8756330483661773,0.26,SAC
1969,-1.0050612888512165,1.010997857891938,0.24,SAC
1970,-0.4128533358904697,1.272213283684508,0.32,SAC
1971,-1.5909674579099067,0.8376036407530537,0.18,SAC
1972,-1.205952205117223,0.961985293418236,0.27,SAC
1973,-1.3092609711734162,0.764585740871643,0.18,SAC
1974,-1.2618822214331444,0.9246800426710636,0.23,SAC
1975,-1.5532719183403976,0.9255627851908551,0.19,SAC
1976,-1.4170619553264243,0.8566477213971432,0.27,SAC
1977,-0.818592057398711,1.0424062522504176,0.32,SAC
1978,-0.9667320760477748,0.8962162434201292,0.24,SAC
1979,-1.45316084532676,0.925312789229687,0.28,SAC
1980,-1.3450689911007896,0.8363660966884449,0.2,SAC
1981,-1.0833094725183086,0.8477282100039361,0.26,SAC
1982,-0.7633965554001805,0.9869579327934894,0.26,SAC
1983,-0.9981193743342264,0.7902388889081097,0.27,SAC
1984,-0.7929082726385226,0.8452690434365399,0.33,SAC
1985,-1.0212336120298606,0.9190805929934567,0.27,SAC
1986,-0.7995832266748256,0.8388793555252729,0.3,SAC
1987,-0.8615480354587542,0.9204144845065083,0.22,SAC
1988,-1.7552230303575918,0.7604605923860928,0.21,SAC
1989,-0.824123128962743,0.9282661867130909,0.28,SAC
1990,-0.6530338496421721,0.9916874917626148,0.29,SAC
1991,-0.6530554358240923,0.9526111901408568,0.25,SAC
1992,-0.7036431869851612,1.0659052615041853,0.26,SAC
1993,-1.1480880272839051,0.8678684107640351,0.24,SAC
1994,-1.3789489433039148,0.836298184104171,0.22,SAC
1995,-1.0627875213627715,0.9465083808871494,0.23,SAC
1996,-1.385747203510308,0.920410024066693,0.28,SAC
1997,-0.7461073644856743,0.9717886662142425,0.21,SAC
1998,-1.0886582323522362,0.9370511794341929,0.18,SAC
1999,-1.2215577930478916,0.8701798275747664,0.28,SAC
2000,-1.28442825301868,0.926148311206752,0.26,SAC
2001,-1.0729601440344083,0.9035852113125028,0.21,SAC
2002,-0.8926137324444967,0.9831632306320717,0.25,SAC
2003,-1.868280787645894,0.8733189078906506,0.19,SAC
2004,-1.8504123458773625,0.7772866206790909,0.2,SAC
2005,-0.8462710794496833,0.9654840659838905,0.23,SAC
2006,-1.119031673789096,1.0251673538664192,0.27,SAC
2007,-0.569034074963719,0.948623926215211,0.31,SAC
2008,-0.9813361072522069,0.8817897759976452,0.28,SAC
2009,-0.9806264245640226,0.9417382557803079,0.27,SAC
2010,-1.421417016846537,0.7968290564522341,0.2,SAC
2011,-1.4235967324998842,0.8011326994984503,0.22,SAC
2012,-0.9648554897485537,0.8351717937022575,0.21,SAC
2013,-1.357903827413856,0.8711174697645855,0.22,SAC
2014,-0.8710550915770096,0.988499650694118,0.29,SAC
2015,-1.2194398702711922,0.9751561289016429,0.27,SAC
2016,-1.0609116241955392,0.996461993119718,0.27,SAC
2017,-0.9229827963067446,1.0028160359280023,0.28,SAC
2018,-1.5063663785154666,0.8573788821683702,0.22,SAC
2019,-1.210202699076077,0.8799111158184578,0.2,SAC
2020,-1.3301456967979162,0.8421691250106101,0.25,SAC
2021,-1.0068176145921794,0.8784790997935601,0.31,SAC
2022,-1.7809922726248484,0.7500716517462799,0.15,SAC
2023,-0.9859939700810023,0.9163157669319492,0.23,SAC
2024,-1.2165111128229467,0.8998499330222728,0.23,SAC
2025,-1.0072302974649523,0.7176958711445042,0.26,SAC
2026,-1.722255001026861,0.8980694583870769,0.2,SAC
2027,-1.3072721648444976,0.965554771838027,0.21,SAC
2028,-1.0303011750367732,0.9801957784087434,0.25,SAC
2029,-1.780431767695071,0.790659629220393,0.16,SAC
2030,-1.3435821602787559,0.8908578662817426,0.22,SAC
2031,-0.957751442270406,1.0007206027441982,0.25,SAC
2032,-1.4417785236129654,0.8255905289501446,0.25,SAC
2033,-0.9906759365340612,0.9398473873102646,0.28,SAC
2034,-1.67288895881944,0.7187394741696943,0.19,SAC
2035,-1.1470606066683595,0.8781957805659131,0.27,SAC
2036,-0.9918331011491693,1.0656623904242761,0.26,SAC
2037,-1.1904203365043684,0.7425276619020685,0.19,SAC
2038,-0.980330864814574,0.9263491216477856,0.29,SAC
2039,-1.1596888275312331,0.875321442329872,0.24,SAC
2040,-1.0574706761769277,1.0421239403267162,0.29,SAC
2041,-1.2286190043179341,0.891874079842235,0.25,SAC
2042,-1.356959051542071,0.9562923281641822,0.26,SAC
2043,-1.7403653664091814,0.6875217582249167,0.21,SAC
2044,-1.5453856396059742,0.7971960241480225,0.17,SAC
2045,-1.1729712035120436,0.9266188444345604,0.22,SAC
2046,-0.9629224001204338,0.9287046285593812,0.33,SAC
2047,-1.0424112015051632,0.9355615275519602,0.25,SAC
2048,-1.4475401670977488,0.9058199439935302,0.24,SAC
2049,-1.0731844829583395,0.8497400709833213,0.23,SAC
2050,-1.7644750955464348,0.8011930226264486,0.21,SAC
2051,-1.7636152120513453,0.7637421971323388,0.22,SAC
2052,-1.680216909711207,0.7924679253006844,0.24,SAC
2053,-1.027984673219174,0.9781544025136344,0.25,SAC
2054,-1.2243998862941383,0.8177668412720049,0.23,SAC
2055,-1.517908787963914,0.8397933987560038,0.2,SAC
2056,-1.3656718548107454,0.8620434644473575,0.16,SAC
2057,-1.1230910276460762,1.0449460670175184,0.25,SAC
2058,-1.013573994697303,0.9551695962383405,0.29,SAC
2059,-1.021456743395569,0.8999143494077902,0.27,SAC
2060,-0.779654927598197,0.9244523674180339,0.24,SAC
2061,-1.0150115037452212,0.9597941249585847,0.17,SAC
2062,-1.029969383093137,0.9512453706108882,0.24,SAC
2063,-1.2476494629186279,0.9916913739935674,0.29,SAC
2064,-1.0803748955896837,0.9360279137625814,0.21,SAC
2065,-1.045463447223807,0.8466312083101181,0.29,SAC
2066,-1.8283552378709163,0.6581096710022386,0.21,SAC
2067,-0.925457771563496,0.9024461167535806,0.28,SAC
2068,-1.3506238052923976,0.838706621634827,0.28,SAC
2069,-1.3258489613446511,0.9774746256294715,0.21,SAC
2070,-1.0411283107779834,0.9394793875334639,0.28,SAC
2071,-1.214057849365801,0.8888669052057788,0.22,SAC
2072,-0.8069852990799372,1.05540578495618,0.32,SAC
2073,-1.4509318042487178,0.8054190760476962,0.22,SAC
2074,-0.6258753242761546,0.8423258018388902,0.29,SAC
2075,-1.716247911367706,0.8968778255798303,0.23,SAC
2076,-0.7431414720031725,0.9700455149153487,0.27,SAC
2077,-0.9353605810508285,0.9397018845235694,0.26,SAC
2078,-1.1416661730757354,0.8851684446538108,0.27,SAC
2079,-1.4795501750782711,0.9002036840005324,0.23,SAC
2080,-1.008309911589565,0.9235938512325464,0.28,SAC
2081,-1.3541507262322425,0.8629123520465705,0.25,SAC
2082,-0.6361976460484395,1.129113000459819,0.31,SAC
2083,-1.5586769714620785,0.8085586998540266,0.21,SAC
2084,-1.641533809326499,0.7083179238493783,0.17,SAC
2085,-1.2443286305382097,0.795558701342279,0.18,SAC
2086,-1.2022525889745732,0.9234726848251477,0.24,SAC
2087,-0.7628067569704708,0.8715145729235041,0.28,SAC
2088,-1.2821699411434893,0.9569835259047166,0.28,SAC
2089,-1.4134551471229235,0.8233420239451306,0.17,SAC
2090,-1.3178042361858036,0.8584598753632302,0.3,SAC
2091,-1.410528375235733,0.8951761308494581,0.23,SAC
2092,-1.678858999527428,0.8362132673402313,0.18,SAC
2093,-1.490991694885837,0.9739106134658095,0.24,SAC
2094,-0.5976352001836811,0.9873920661241972,0.28,SAC
2095,-1.1736741340288226,0.9267109587094587,0.23,SAC
2096,-0.6540228968729886,0.9816523187597315,0.33,SAC
2097,-1.1272684932695582,0.8923700207285534,0.28,SAC
2098,-0.9921228101794054,0.9059974821964376,0.27,SAC
2099,-1.3202742890700423,0.826266932348219,0.26,SAC
2100,-1.7021999732074198,0.7637925337942046,0.18,SAC
2101,-1.0155510967562997,0.8808650494702428,0.25,SAC
2102,-1.2666216414204015,0.8114184658572927,0.31,SAC
2103,-1.1995012043262183,0.9833461499277414,0.25,SAC
2104,-1.2410696049091456,0.8790920867480908,0.24,SAC
2105,-1.202708001380699,0.8878576973885071,0.25,SAC
2106,-1.396358701217103,0.7765222693855433,0.22,SAC
2107,-1.4562287899448605,0.7337273358057511,0.19,SAC
2108,-1.3138913340510643,0.7757642465619267,0.21,SAC
2109,-1.1424076853181604,0.937250470050912,0.26,SAC
2110,-1.2442268148604274,0.8334260876378882,0.23,SAC
2111,-1.5347910901057367,0.8734765728777728,0.17,SAC
2112,-0.9687707278242145,0.9767222771053173,0.27,SAC
2113,-1.2723614105975516,0.7963966784096114,0.23,SAC
2114,-1.7132188842804852,0.7835531330264804,0.14,SAC
2115,-0.8450271397210364,0.9042686602425342,0.27,SAC
2116,-1.0314915112346197,0.8419457716864711,0.31,SAC
2117,-1.3182955862532253,0.8329311424030251,0.26,SAC
2118,-0.9824763890321577,0.9013979827925169,0.33,SAC
2119,-1.7063229984054038,0.7049450191779204,0.22,SAC
2120,-0.9019329984368849,0.8656826784140422,0.28,SAC
2121,-1.0523942265319726,0.9487929013056936,0.17,SAC
2122,-0.8053478697631065,1.0418412010720821,0.31,SAC
2123,-1.087287280543148,0.9763193519482214,0.33,SAC
2124,-1.5556189624447585,0.7152242842033236,0.19,SAC
2125,-1.2135169549303078,0.9484924469674432,0.33,SAC
2126,-1.0710824139471917,1.0007665224459157,0.24,SAC
2127,-0.9980270904203838,0.8960962978518477,0.21,SAC
2128,-0.9316219757583333,0.9709657591501901,0.28,SAC
2129,-1.4466759888145793,0.8600950884538644,0.19,SAC
2130,-1.1833805365165213,0.8642960931868037,0.27,SAC
2131,-1.3545811489681916,0.9562573368301578,0.19,SAC
2132,-0.8764625845976667,0.9909695408001932,0.27,SAC
2133,-1.9136704339351729,0.7775515921873221,0.12,SAC
2134,-1.5176325200511025,0.8251064769042187,0.28,SAC
2135,-1.4132547510169218,0.8376798721791776,0.24,SAC
2136,-1.2462347848930033,0.7491219082245593,0.22,SAC
2137,-0.8207227364940657,0.9191296382127985,0.28,SAC
2138,-1.186660950612804,0.8898915669508655,0.23,SAC
2139,-1.455523452978525,0.9287373362433664,0.23,SAC
2140,-1.1865613182410404,0.9705038360776179,0.25,SAC
2141,-0.8653947439082014,0.8792848924527681,0.29,SAC
2142,-1.0014216837474117,0.7890057160637245,0.32,SAC
2143,-1.081430941391859,0.8511510000181676,0.22,SAC
2144,-0.7327003069426934,1.0547732341067144,0.24,SAC
2145,-1.4682737415494964,0.8811211011383477,0.26,SAC
2146,-0.8883928093616853,0.9604543409137081,0.25,SAC
2147,-1.022026087034368,0.9359373571141569,0.33,SAC
2148,-0.8210068079284746,1.0087130740585821,0.3,SAC
2149,-0.8867566602516015,0.9620368336668172,0.3,SAC
2150,-1.0913947357901455,0.8476264767561952,0.27,SAC
2151,-1.4143300415970967,0.7728335990369548,0.25,SAC
2152,-0.9292376171589309,1.0989411909030624,0.24,SAC
2153,-0.9744966371357517,0.9648805400058243,0.24,SAC
2154,-1.1189862196445213,1.0622890738730317,0.29,SAC
2155,-1.027016676987934,0.8766303399853154,0.26,SAC
2156,-0.7313731557437082,1.080903466427087,0.31,SAC
2157,-0.6016552180196284,1.0368316126492727,0.25,SAC
2158,-1.2336160097103959,1.0094769623913726,0.27,SAC
2159,-1.5890457358736625,0.7806684235289849,0.23,SAC
2160,-1.3180141613490324,0.7249555910333524,0.21,SAC
2161,-1.2580609603272677,0.8465723138758446,0.35,SAC
2162,-1.3569245300686998,0.8047844449793109,0.29,SAC
2163,-0.9228364645888919,1.049918961408075,0.29,SAC
2164,-1.1891832261320914,0.849647297622742,0.28,SAC
2165,-1.3369465364011988,0.8402420032791124,0.25,SAC
2166,-1.136208397784455,0.8721401967808631,0.29,SAC
2167,-1.3922398343172702,0.8943798807853899,0.26,SAC
2168,-0.7244478290526757,0.9604443607437564,0.28,SAC
2169,-1.212720415619921,0.859950960522087,0.2,SAC
2170,-0.978106893948384,1.0552340541044347,0.26,SAC
2171,-0.6027651974074534,0.9228077587659077,0.39,SAC
2172,-0.8509568914730802,0.8432882161079407,0.26,SAC
2173,-1.0474884460710978,0.8659365705379162,0.2,SAC
2174,-0.9950006606102703,1.003680576534391,0.26,SAC
2175,-0.6015662888010346,0.9502499691177958,0.36,SAC
2176,-1.6364280506729247,0.8150935982324213,0.17,SAC
2177,-1.7185627149941718,0.74644384027172,0.17,SAC
2178,-1.0080168375926106,0.9610583977625042,0.27,SAC
2179,-1.084889473027475,0.9695710337038581,0.24,SAC
2180,-1.1980566018470054,0.8306037692041047,0.22,SAC
2181,-1.1127967696432348,0.9889691630124507,0.24,SAC
2182,-1.014180561160685,0.884380672430628,0.22,SAC
2183,-0.9017762935584307,0.9074543719578604,0.28,SAC
2184,-1.752088023206965,0.664947223656292,0.16,SAC
2185,-1.8178861160400857,0.6697426008284089,0.18,SAC
2186,-1.1753673070045907,0.9149184891891761,0.27,SAC
2187,-1.3901188727733498,0.8257628643363318,0.17,SAC
2188,-1.1343400083731467,0.9498369589073715,0.28,SAC
2189,-1.1289583160541639,0.9109376632598489,0.24,SAC
2190,-1.6912174360609833,0.7584325577740487,0.17,SAC
2191,-1.9567064699308745,0.6977387271311604,0.24,SAC
2192,-1.0823692853688698,0.8642942746251494,0.34,SAC
2193,-0.9246936877790022,0.9905868198377098,0.28,SAC
2194,-1.400919849143538,0.8261904952558444,0.22,SAC
2195,-1.0632744344856564,0.8356327208220068,0.31,SAC
2196,-1.194174463227087,0.9245167060714937,0.25,SAC
2197,-2.1629233289497356,0.6489091804884269,0.21,SAC
2198,-0.9686918029900611,0.913158074675976,0.22,SAC
2199,-1.236163989001879,0.7869244859354536,0.22,SAC
2200,-0.8588309338702119,1.03994943019574,0.35,SAC
2201,-1.0817484967327076,0.9528199350748687,0.24,SAC
2202,-1.107627746243918,0.9991069633419271,0.28,SAC
2203,-1.1300197649063493,0.8395729454591304,0.28,SAC
2204,-1.1752818131113978,0.9153828873662253,0.23,SAC
2205,-1.5245141841462335,0.8149635109593855,0.2,SAC
2206,-1.1096437760271216,1.0003424883506498,0.24,SAC
2207,-1.109773182245366,0.9019656403865071,0.21,SAC
2208,-0.6746198197951325,1.0449391560945116,0.31,SAC
2209,-1.4237366558874671,0.7869822484179161,0.21,SAC
2210,-1.1613197401313156,0.9333218498825276,0.25,SAC
2211,-1.7566106038443972,0.8977673906153874,0.14,SAC
2212,-1.0640988549998476,0.884170281312014,0.22,SAC
2213,-1.422734676358571,0.8280423458445878,0.26,SAC
2214,-1.4082037205088125,0.7646645329477793,0.28,SAC
2215,-0.9181258207930573,0.907933420513255,0.26,SAC
2216,-0.9446973823036334,0.9353852922919775,0.26,SAC
2217,-1.2775615283381447,0.956917447815759,0.3,SAC
2218,-1.1945571651279194,0.9333814432490759,0.22,SAC
2219,-1.3753785132660226,0.9568122230336092,0.24,SAC
2220,-1.154513425517695,0.9268234343650554,0.26,SAC
2221,-1.354442312970542,0.8121696752601438,0.23,SAC
2222,-0.9519760358877184,0.9365286650043975,0.27,SAC
2223,-1.5117697921363251,0.7698754274008692,0.23,SAC
2224,-0.8382723573128342,0.9627418925262341,0.21,SAC
2225,-1.4041285297410508,0.845467441334257,0.3,SAC
2226,-0.8962965751221074,0.9382381366037542,0.25,SAC
2227,-1.7333415784470234,0.8873725519623327,0.2,SAC
2228,-1.3613721864490784,0.9527170041418077,0.25,SAC
2229,-1.530690129695554,0.7734548005489915,0.18,SAC
2230,-1.4331396331491686,0.8032657978059438,0.18,SAC
2231,-0.6812474858886592,1.016292359508575,0.26,SAC
2232,-1.3032269607933755,0.9497668157468858,0.2,SAC
2233,-1.2747490129935373,0.9418973098326888,0.27,SAC
2234,-1.110823514707161,0.9274489209655442,0.27,SAC
2235,-1.1373294988343847,0.8649146733857394,0.21,SAC
2236,-1.3727479370421694,0.728436434047276,0.14,SAC
2237,-1.233165650716908,0.9377175594704136,0.27,SAC
2238,-1.12177832091321,1.0084471228412992,0.27,SAC
2239,-1.2254242908650241,0.8555308811479563,0.21,SAC
2240,-0.9423852737378163,0.9808217613407496,0.32,SAC
2241,-0.9261326137055258,1.0238068017963404,0.28,SAC
2242,-1.2282026561114447,1.0283270003036078,0.26,SAC
2243,-1.1476468558100643,0.872491083596693,0.29,SAC
2244,-1.5722233035845798,0.7554219613042668,0.17,SAC
2245,-1.0821189251188745,0.9407061035484987,0.3,SAC
2246,-1.3189377666819317,0.8273732042466935,0.23,SAC
2247,-0.7794662177789491,1.0846004546838428,0.29,SAC
2248,-1.5147554537542565,0.7965664566903397,0.23,SAC
2249,-0.9776746097744529,0.8825087229267353,0.3,SAC
2250,-1.2904410536733142,0.9049324492887285,0.22,SAC
2251,-1.3176205286434972,0.8130940016089154,0.2,SAC
2252,-1.4493071878799066,0.815998197679213,0.19,SAC
2253,-0.9576035885742132,0.9833255766882926,0.31,SAC
2254,-1.2487808130587588,0.7688185266561137,0.25,SAC
2255,-1.1024717695293067,0.9466320791622493,0.21,SAC
2256,-1.3560615324991157,0.8064998396285101,0.22,SAC
2257,-1.6160156449281475,0.7455703107444412,0.21,SAC
2258,-0.7411187529861629,1.0830692176229753,0.31,SAC
2259,-1.341097986461491,0.8671224233186792,0.18,SAC
2260,-1.228307592597572,0.84631179956599,0.21,SAC
2261,-1.044777550702136,0.9723320722618801,0.24,SAC
2262,-1.475324522955538,0.8808703051696826,0.21,SAC
2263,-1.005140162039919,1.0846985138943124,0.3,SAC
2264,-0.8095872457383539,1.0482634652871707,0.23,SAC
2265,-1.3095800345999786,0.8032911505667693,0.25,SAC
2266,-0.985195747035791,1.0787411665913864,0.29,SAC
2267,-1.1637205546323512,0.9530157922579877,0.25,SAC
2268,-1.2955148390113231,0.8326268087387045,0.24,SAC
2269,-1.6627163245956729,0.6816229694399867,0.2,SAC
2270,-1.2503544843563175,0.8361207173080206,0.22,SAC
2271,-1.788139927825679,0.7672772869606348,0.21,SAC
2272,-1.151776575122474,0.9123212552297427,0.26,SAC
2273,-1.2307386586626365,0.8654097108807002,0.24,SAC
2274,-1.3125166798064245,0.8244132330099148,0.2,SAC
2275,-1.4087059016652126,0.7618530653073783,0.21,SAC
2276,-1.3811387302426916,0.8175234379905544,0.23,SAC
2277,-1.0345572766466133,1.0234790544425454,0.26,SAC
2278,-1.512110720069265,0.6659157256505489,0.25,SAC
2279,-1.3832418660049546,0.9081350584407588,0.18,SAC
2280,-1.5953192050867546,0.7674550686531153,0.24,SAC
2281,-1.451304891152835,0.8447170381996097,0.21,SAC
2282,-1.2168042660375753,0.9340475362893494,0.28,SAC
2283,-1.3354756131133616,0.8675504303145687,0.21,SAC
2284,-1.2780583822837555,0.8711205572126707,0.19,SAC
2285,-1.053101163390249,0.994456016125405,0.22,SAC
2286,-1.0340806598669057,0.9586739322025801,0.25,SAC
2287,-1.1229734232306336,0.9620949045037129,0.18,SAC
2288,-1.5083032780707395,0.8720714309553802,0.22,SAC
2289,-0.7383141640972335,1.1226963939076529,0.28,SAC
2290,-1.0425361471243357,0.9530879110577166,0.27,SAC
2291,-0.63282658177025,1.040164102378257,0.24,SAC
2292,-1.2021373495862597,0.8242009318558611,0.3,SAC
2293,-1.333591916028781,0.9033755072215206,0.27,SAC
2294,-1.3494792101450457,0.9040870507002352,0.22,SAC
2295,-1.2185409404131569,0.8664690258438073,0.21,SAC
2296,-1.1246591367912688,1.008805840914895,0.3,SAC
2297,-0.9741229528904739,0.8754321721598497,0.25,SAC
2298,-0.9669256251306976,1.0826231642284925,0.28,SAC
2299,-1.0230805012847828,0.9962372783710189,0.27,SAC
2300,-1.278540388744335,0.9475443645733166,0.26,SAC
2301,-0.5655239385273788,1.1299026489398163,0.29,SAC
2302,-1.204469819772611,0.9520089423571787,0.19,SAC
2303,-1.454406046429069,0.8855579046421775,0.22,SAC
2304,-0.9172158294551626,1.013988795748972,0.24,SAC
2305,-1.467879767197425,0.7801331711889847,0.17,SAC
2306,-0.9468334049522918,0.9620182621987865,0.24,SAC
2307,-1.1963245529947375,1.0228738211049457,0.21,SAC
2308,-0.9070224779312918,0.9802062981602572,0.25,SAC
2309,-1.123055666935623,0.8193211595673353,0.23,SAC
2310,-1.386998416130665,0.8402592885064871,0.24,SAC
2311,-1.4454102433574574,0.7869767979058543,0.27,SAC
2312,-1.1629902883763057,0.8603373428776693,0.27,SAC
2313,-1.1147630154812769,0.8912119607737603,0.25,SAC
2314,-0.8360938766142786,1.031699290916926,0.3,SAC
2315,-0.8543936455280834,0.9484664650537528,0.28,SAC
2316,-0.7654104400435665,1.010256488721883,0.27,SAC
2317,-0.9185524840394699,0.8353348253953186,0.29,SAC
2318,-1.4417047177715097,0.9021090423944351,0.23,SAC
2319,-1.0460853235784922,0.927709728688024,0.31,SAC
2320,-0.9156119018593469,1.078217805740957,0.26,SAC
2321,-1.1625984252941217,0.9546175634987983,0.23,SAC
2322,-1.1391642821838128,0.9297129187594108,0.27,SAC
2323,-1.3231633343578033,0.7553982111546214,0.26,SAC
2324,-1.0878764998390218,0.9732075921439115,0.28,SAC
2325,-0.9174499907435149,0.9428716778636251,0.25,SAC
2326,-0.9924125145730995,0.936048293166435,0.28,SAC
2327,-1.408897265695724,0.8891324234590582,0.21,SAC
2328,-0.5943907174268293,1.1041469591787025,0.3,SAC
2329,-1.6174430030252223,0.8260663621763891,0.26,SAC
2330,-1.5893480139973133,0.8032623816128331,0.16,SAC
2331,-0.9276366717631371,0.9298785799767982,0.26,SAC
2332,-1.4588315700594991,0.7991871205197372,0.2,SAC
2333,-1.5741193790580013,0.7386178829243706,0.17,SAC
2334,-0.6288359571409079,1.0367149945969911,0.31,SAC
2335,-1.0625506872682025,1.0160995228839453,0.34,SAC
2336,-0.8653269849701926,0.9937158528990944,0.34,SAC
2337,-1.0541755400945048,0.9071302578501244,0.28,SAC
2338,-1.0908726298709894,0.8491508665375977,0.26,SAC
2339,-1.5536418294073662,0.7595439045379654,0.19,SAC
2340,-1.0637848050059007,0.7408003776238539,0.22,SAC
2341,-1.2747089960257707,0.9313021647641239,0.2,SAC
2342,-1.5879141145975817,0.7887795704157863,0.2,SAC
2343,-1.5379181921232572,0.8462567170187473,0.22,SAC
2344,-1.0908836289605253,0.9433853034144655,0.21,SAC
2345,-1.4591516142091243,0.8292416436814607,0.25,SAC
2346,-1.202507869624648,0.8875197059232817,0.27,SAC
2347,-1.191874010016368,0.9507203332224394,0.21,SAC
2348,-1.0876050198628722,0.8315491911536768,0.25,SAC
2349,-0.997842868481539,1.0829400001268146,0.31,SAC
2350,-0.9643957342615964,0.8655469345696255,0.31,SAC
2351,-1.0517694481117845,0.97961240779396,0.24,SAC
2352,-0.20485562660712542,1.3202125966811582,0.4,SAC
2353,-0.5152994136146747,1.1039803040587373,0.31,SAC
2354,-0.9487917483838904,0.9087729615343255,0.28,SAC
2355,-0.7681764995071808,0.8725473396967333,0.34,SAC
2356,-1.3460106438917532,0.8519079266807839,0.23,SAC
2357,-1.4362713739538437,0.6904900728441271,0.25,SAC
2358,-0.5575289251679483,1.0404648590767056,0.29,SAC
2359,-1.6855969571248945,0.7989511930656501,0.2,SAC
2360,-0.9386372657756946,0.9510101963264109,0.25,SAC
2361,-0.9485417143770474,0.8028456254666777,0.27,SAC
2362,-1.2782980852498727,0.9946204757363969,0.23,SAC
2363,-1.1647732600887937,0.8568371185542064,0.2,SAC
2364,-0.9508835982181287,0.9555045433552577,0.28,SAC
2365,-1.001044070759978,1.0549950446554026,0.22,SAC
2366,-0.6175705008137498,0.9535614432522697,0.32,SAC
2367,-0.5255856972658559,1.120909185017028,0.32,SAC
2368,-1.4658831678602002,0.8326799571628003,0.18,SAC
2369,-1.2023683861797059,0.8789570314296621,0.27,SAC
2370,-1.8110588257208853,0.8074004645785177,0.2,SAC
2371,-1.0306997855714384,0.9449941199916374,0.23,SAC
2372,-1.2505454309905983,0.8051341752338189,0.12,SAC
2373,-0.9868172300249882,0.8216628463601148,0.22,SAC
2374,-1.4414162858238757,0.7565772470947032,0.26,SAC
2375,-1.2143450269653189,0.9657913214503344,0.17,SAC
2376,-1.0229492527191981,1.0482625180218699,0.24,SAC
2377,-1.5980446027090127,0.8713561562604224,0.24,SAC
2378,-1.7210661437212043,0.6946390130064636,0.18,SAC
2379,-0.8479892701097921,1.1276980390261135,0.28,SAC
2380,-1.1108660415453562,0.877549815350375,0.27,SAC
2381,-1.58020823952605,0.7099791087303177,0.2,SAC
2382,-1.325924700140867,0.9189972402195131,0.23,SAC
2383,-0.8780759540743069,0.9543194574049193,0.28,SAC
2384,-1.5052380117326143,0.8318683683857675,0.19,SAC
2385,-0.797866331570562,0.9395688817943018,0.25,SAC
2386,-1.3278385296486843,0.8706339962028876,0.24,SAC
2387,-1.0305317283936044,0.9868356080171808,0.34,SAC
2388,-1.5387193415257996,0.8294335845695001,0.25,SAC
2389,-1.0307108527210855,1.0327856910861966,0.26,SAC
2390,-0.9594604485654525,0.8929805865781943,0.26,SAC
2391,-1.2906853142838777,0.8241778179219881,0.25,SAC
2392,-1.3796024014735104,0.8376971871780292,0.27,SAC
2393,-0.6131706379496114,0.953172893452092,0.31,SAC
2394,-1.0764055110894388,1.0141703051732656,0.22,SAC
2395,-1.7493793158716158,0.7087862028534896,0.18,SAC
2396,-0.8818001894041418,0.9703099204204908,0.31,SAC
2397,-1.558738333002797,0.783870619946701,0.18,SAC
2398,-0.8268543517554844,0.9464867313337061,0.3,SAC
2399,-1.1457125570602682,1.0140424165429573,0.22,SAC
2400,-0.9624523259283283,1.1102048161628033,0.27,SAC
2401,-1.2488406141118613,0.9126968166397157,0.23,SAC
2402,-1.7807985319462745,0.815237433874124,0.2,SAC
2403,-1.4351613465975774,0.8042563557157086,0.16,SAC
2404,-1.1353584934559038,0.8991045955969622,0.22,SAC
2405,-0.9035937152669614,0.840970516469982,0.28,SAC
2406,-1.1509292023401148,0.9845042959511331,0.27,SAC
2407,-1.3521130646487793,0.9657786730094063,0.25,SAC
2408,-1.3445677431800194,0.934049050861638,0.24,SAC
2409,-1.286304271246482,0.9680050723400901,0.27,SAC
2410,-0.9210236895057043,1.084091453840735,0.31,SAC
2411,-1.2599989094483188,0.7954322329718564,0.24,SAC
2412,-1.650765380012763,0.7863508953044369,0.26,SAC
2413,-1.0730113598306779,0.8791161019101594,0.22,SAC
2414,-1.2768493631397575,0.8488975745916574,0.17,SAC
2415,-0.7512519967142482,1.0197494762954171,0.27,SAC
2416,-0.833021512903646,0.9923293371376737,0.27,SAC
2417,-1.4904346427006008,0.7874172372237745,0.22,SAC
2418,-1.5803910190541421,0.9200456331912846,0.12,SAC
2419,-1.2029910818332608,1.0194961026218785,0.26,SAC
2420,-1.2826697395483522,0.8757510149404368,0.25,SAC
2421,-0.987480834859003,0.9832284325291856,0.22,SAC
2422,-1.2812154314817956,0.8979012142806362,0.23,SAC
2423,-0.6007223316502409,1.1000021561493047,0.22,SAC
2424,-1.069783085358659,0.9658980154948292,0.3,SAC
2425,-1.0628919328086206,0.9603804984447801,0.25,SAC
2426,-1.0291309216268976,0.9315685455214087,0.27,SAC
2427,-1.8551599489510948,0.7643704663248461,0.17,SAC
2428,-1.6427862233549866,0.8504816373591427,0.21,SAC
2429,-1.3262773265546488,0.7486735790179039,0.23,SAC
2430,-1.4347525203054878,0.8351592879086789,0.2,SAC
2431,-0.6199474447348485,1.1194499619470053,0.33,SAC
2432,-1.1969591526584589,0.918523857495739,0.27,SAC
2433,-0.9264490427616028,0.8963924207168499,0.3,SAC
2434,-1.9070811829030188,0.6271057026831693,0.16,SAC
2435,-1.448816207465961,0.7646434852808764,0.21,SAC
2436,-0.8910792734117915,1.0004867313550712,0.3,SAC
2437,-1.2510599552216382,0.8562823920334268,0.29,SAC
2438,-0.6168960415083561,1.0594236116604785,0.2,SAC
2439,-1.3601750055614628,0.8701787746344407,0.26,SAC
2440,-1.1442682765365022,0.7918739014089895,0.28,SAC
2441,-1.4670858274937157,0.8846435637995589,0.19,SAC
2442,-1.1907678395077845,0.8480447563451157,0.19,SAC
2443,-1.2619478196776979,0.8334763485655929,0.25,SAC
2444,-1.2092843701909664,0.8998124693476086,0.15,SAC
2445,-1.26743376870663,0.8538866885006862,0.3,SAC
2446,-1.1400058231716677,1.0360677624041492,0.25,SAC
2447,-1.1815130221804622,0.9153951779180451,0.2,SAC
2448,-1.3176898846663372,0.9664999695392088,0.24,SAC
2449,-1.0978622989871263,0.9282888578564698,0.22,SAC
2450,-1.2289268945359233,0.8595218495738903,0.22,SAC
2451,-1.2444728729045702,0.7991076038503241,0.27,SAC
2452,-0.803588420247084,1.0365193232662162,0.3,SAC
2453,-1.0464326752024116,0.9814495630397988,0.18,SAC
2454,-1.1937014558649317,0.9741959323919758,0.24,SAC
2455,-1.0488351533584515,0.9553370949280939,0.28,SAC
2456,-0.7995505127963476,0.9892190162438422,0.24,SAC
2457,-1.118175771019723,0.8493193441021775,0.18,SAC
2458,-1.377798246997171,0.795527774847853,0.2,SAC
2459,-1.1465341184291014,0.8146901055675931,0.22,SAC
2460,-1.336390565025412,0.8926795021409969,0.27,SAC
2461,-1.2171250397932178,0.7371327452084709,0.21,SAC
2462,-0.48975892922783004,1.0495043420581907,0.28,SAC
2463,-0.5173268785819451,1.0563365884619123,0.27,SAC
2464,-0.9911874398806967,0.9673129767907082,0.25,SAC
2465,-1.2578303896186036,0.924379147041885,0.25,SAC
2466,-1.2682447580432588,0.8995946115188863,0.25,SAC
2467,-1.2718507519051578,0.9887767985149367,0.27,SAC
2468,-1.3413858208085088,0.8421110614526078,0.31,SAC
2469,-1.342130312270448,0.8072846917460016,0.26,SAC
2470,-1.0429892695871752,0.9596300339368663,0.19,SAC
2471,-1.0906305364088953,1.0483593231285881,0.2,SAC
2472,-1.6938117099039791,0.6716879759144143,0.2,SAC
2473,-1.487118987915598,0.9118892080413749,0.2,SAC
2474,-0.7342004062645069,0.9830520732716278,0.34,SAC
2475,-1.182106144635218,0.8837045533315349,0.28,SAC
2476,-1.2298988890675209,0.9940095528987452,0.29,SAC
2477,-1.2637548448309246,0.8493848520583562,0.2,SAC
2478,-0.822983614020701,1.0275800028476405,0.3,SAC
2479,-0.8470061951596043,0.9260613404996273,0.23,SAC
2480,-1.1114494501301049,0.8829061966750293,0.23,SAC
2481,-1.4826796489487122,0.8661138598075396,0.22,SAC
2482,-0.900706099081125,0.9616157532284688,0.3,SAC
2483,-0.7255914189708942,1.0097941543353512,0.31,SAC
2484,-1.383795238912104,0.9280975225517177,0.23,SAC
2485,-1.2798407748581075,0.8421091807277129,0.25,SAC
2486,-1.3959656999886407,0.7944487463768979,0.32,SAC
2487,-0.9995560252502083,0.8657403472905648,0.25,SAC
2488,-1.2723846619748052,0.853737384288243,0.26,SAC
2489,-1.3134486810488388,0.9353368283683159,0.25,SAC
2490,-1.2591175540568047,0.8290342405272623,0.25,SAC
2491,-1.4030547703094791,0.8622750678279247,0.27,SAC
2492,-1.1276555875469516,0.863965195499191,0.22,SAC
2493,-1.241458798274566,0.930498817307523,0.21,SAC
2494,-0.6376946200271382,1.1238723372670325,0.27,SAC
2495,-1.4881212122536658,0.8965360107237941,0.17,SAC
2496,-0.7726888759923607,1.0710272897107143,0.3,SAC
2497,-1.6030331942049705,0.7587332053533625,0.23,SAC
2498,-1.149062981309418,0.8024974985147911,0.29,SAC
2499,-1.3566696415705233,0.9595350273714374,0.25,SAC
2500,-0.6951739692186032,1.0308986033164451,0.3,SAC
2501,-1.3232632472548098,0.7833980643784298,0.16,SAC
2502,-1.0651625439670156,0.8465285228385595,0.27,SAC
2503,-1.1738694998626984,0.8702645885670254,0.24,SAC
2504,-0.9501779987444035,0.9641292292880381,0.25,SAC
2505,-1.0352881427191092,0.9157909407056525,0.31,SAC
2506,-1.3978574528398782,0.9073439247781865,0.29,SAC
2507,-1.0241682120930258,0.9883408231602323,0.32,SAC
2508,-0.791430816472159,0.9956737974419582,0.26,SAC
2509,-1.3462580026697109,0.7939931525169238,0.24,SAC
2510,-1.2340058454304246,0.8249047343077546,0.25,SAC
2511,-1.1640067604689834,1.0131386976765586,0.23,SAC
2512,-1.867785506232674,0.7119915721609448,0.28,SAC
2513,-1.4534443876652288,0.7289239415557041,0.21,SAC
2514,-0.9899776082563929,0.9281619226586646,0.28,SAC
2515,-1.4352106241121048,0.7866172248220371,0.22,SAC
2516,-1.1329830498481137,0.9509972286093058,0.28,SAC
2517,-0.9131951497364938,0.9853666969151511,0.33,SAC
2518,-1.000192297503661,0.8848954818479359,0.21,SAC
2519,-1.7273217316734624,0.8324477898256332,0.19,SAC
2520,-1.2221373173973595,0.8907812935463003,0.21,SAC
2521,-1.294270599104599,0.9245974257444073,0.16,SAC
2522,-0.8047935461965825,1.049376388026989,0.23,SAC
2523,-1.1360720643658326,0.9942859507997747,0.32,SAC
2524,-0.7819284098286068,0.9664484389130625,0.23,SAC
2525,-1.0873557285006108,0.9512911767628485,0.25,SAC
2526,-1.0395923036718815,0.9572721642863974,0.18,SAC
2527,-1.6801930809666756,0.7325326498067966,0.16,SAC
2528,-1.145324245280961,0.9273893584934102,0.28,SAC
2529,-1.2468310734383932,0.7587524511399394,0.2,SAC
2530,-1.7019432249087472,0.7927224923727474,0.17,SAC
2531,-0.7871490006322449,1.0350990554548551,0.25,SAC
2532,-0.9823727915820548,0.8939331782500274,0.25,SAC
2533,-0.8424863233076973,0.9867706592096436,0.26,SAC
2534,-1.2453483891982307,0.9043995632835083,0.25,SAC
2535,-1.5189601990553518,0.8093711715573292,0.25,SAC
2536,-1.1118365146499753,0.9298811570988704,0.21,SAC
2537,-1.4324537454256674,0.8527609209531656,0.24,SAC
2538,-1.40467333063027,0.8814556983391949,0.21,SAC
2539,-1.2873688203985887,0.8772532893547854,0.21,SAC
2540,-1.334513170268172,0.8666306515441223,0.19,SAC
2541,-1.1259072333608815,0.8821589553982576,0.25,SAC
2542,-1.2183163762828815,0.8222331209094031,0.16,SAC
2543,-1.0713064104305239,0.864917715565023,0.21,SAC
2544,-1.5704474101713928,0.7106124294033882,0.2,SAC
2545,-1.4400674254602712,0.6364844166213405,0.19,SAC
2546,-0.8559651095538575,0.9380457268951864,0.25,SAC
2547,-1.079979603163604,0.9779888989044018,0.25,SAC
2548,-1.6451355649766761,0.7074505262560719,0.2,SAC
2549,-1.5585873814800504,0.8108629149431527,0.21,SAC
2550,-1.5353261975934311,0.9034364040425998,0.24,SAC
2551,-1.1842848680807754,0.9302875446653144,0.22,SAC
2552,-1.3279572697978574,0.9210956867521078,0.18,SAC
2553,-0.3798746301365978,1.1140540068985016,0.26,SAC
2554,-0.9186554647482272,1.0928112200249176,0.29,SAC
2555,-0.8550529113666352,0.8679555583804324,0.26,SAC
2556,-0.9296136205607953,0.9751629474828039,0.27,SAC
2557,-1.3480511312148764,0.9751565679884112,0.22,SAC
2558,-1.050897318474656,0.9209179494037728,0.24,SAC
2559,-0.8034952597914199,0.9246149235831266,0.32,SAC
2560,-1.2559755497712957,0.8241972876371316,0.21,SAC
2561,-1.1622118698934434,0.9712023306833931,0.19,SAC
2562,-1.3016263222943627,0.8188240286241684,0.24,SAC
2563,-1.6733573831456128,0.7730049790428236,0.18,SAC
2564,-1.2231158786228689,0.848161513203486,0.24,SAC
2565,-0.8285681726797983,1.027963759658117,0.26,SAC
2566,-1.5710694227964785,0.7909716615618748,0.25,SAC
2567,-1.394506905260823,0.9061915465105637,0.29,SAC
2568,-1.0880386707789715,0.9891571090649606,0.28,SAC
2569,-0.8037638955290352,0.9944047533175275,0.22,SAC
2570,-1.2478790603632637,0.843065879559867,0.18,SAC
2571,-1.2257238866030742,0.8995330655729529,0.3,SAC
2572,-0.9411045854549032,0.9084139882410001,0.28,SAC
2573,-1.2972761613677743,0.9578827930760621,0.18,SAC
2574,-1.2043087884915011,0.9206159861310563,0.24,SAC
2575,-1.2288872762476928,0.9172510342867299,0.2,SAC
2576,-1.3288564921316857,0.9727589341037098,0.3,SAC
2577,-0.8391740862160311,1.028171022411174,0.26,SAC
2578,-0.9753361313480363,0.9117300438571055,0.3,SAC
2579,-1.0281185913755506,1.0045884055296594,0.28,SAC
2580,-1.3875238323876584,0.7315227083007505,0.21,SAC
2581,-0.8322921703035651,0.9958654784778238,0.25,SAC
2582,-1.0530323907556554,0.7712943282839627,0.25,SAC
2583,-1.369944840360004,0.9277207849797148,0.18,SAC
2584,-0.7564786691341209,1.0376878428175234,0.27,SAC
2585,-1.1255463512288555,0.8802877291089561,0.31,SAC
2586,-1.780682680325496,0.8047668482825457,0.21,SAC
2587,-1.1648990003981674,0.9347698941256926,0.29,SAC
2588,-1.7160056767211285,0.6920586883042803,0.24,SAC
2589,-1.2065469409000227,0.91465847652538,0.28,SAC
2590,-1.0072861450459225,0.9983521204874887,0.28,SAC
2591,-1.1829896815072558,0.8554908301557205,0.23,SAC
2592,-1.0557105170205279,0.7402308384615068,0.25,SAC
2593,-1.142874739453387,0.961232877663282,0.3,SAC
2594,-1.2293852382273487,0.8540457632151148,0.27,SAC
2595,-1.5858107859831991,0.7893008215617026,0.2,SAC
2596,-1.0016457351597121,0.9045965193987595,0.26,SAC
2597,-1.2050680504990379,0.8936315479218115,0.21,SAC
2598,-1.1612228003778446,0.9531142290125075,0.29,SAC
2599,-0.3627760658130925,1.0333616192916466,0.29,SAC
2600,-1.581505485774988,0.8564408994854218,0.2,SAC
2601,-1.5307391278200828,0.7964842928795381,0.19,SAC
2602,-0.8896487330485072,1.0964676507678859,0.31,SAC
2603,-0.9565269191098803,0.9672208489799504,0.29,SAC
2604,-0.8240993023920331,1.085700346612467,0.28,SAC
2605,-1.268272251324639,0.9030469933169999,0.23,SAC
2606,-1.683426981129893,0.7328799332260033,0.21,SAC
2607,-1.5017123430891994,0.7785960033559362,0.21,SAC
2608,-1.7356436316458874,0.7756924692601648,0.19,SAC
2609,-1.3563072113332606,0.763878769284385,0.19,SAC
2610,-1.9341605481301665,0.8394738993291843,0.18,SAC
2611,-0.9572865272076657,1.0161527385182278,0.26,SAC
2612,-0.9781609128614462,0.9762115119088349,0.3,SAC
2613,-1.0916380878087621,0.9050876689577982,0.26,SAC
2614,-1.082346090396412,0.9597918246496968,0.26,SAC
2615,-1.3643988094168404,0.9471151260909519,0.2,SAC
2616,-0.9037745305865864,0.9811477048779627,0.25,SAC
2617,-1.0155646222662456,0.8664533776564174,0.25,SAC
2618,-1.281129697920972,0.8498337963986928,0.22,SAC
2619,-1.028281604142637,0.9265294625170121,0.27,SAC
2620,-0.9402395554714704,0.9087305920774971,0.27,SAC
2621,-1.35811557463687,0.9491573253952833,0.25,SAC
2622,-0.8998602508382062,1.0121924382575842,0.26,SAC
2623,-1.6172007375954534,0.8121182060999621,0.14,SAC
2624,-1.0108851487630348,1.0057190517686636,0.33,SAC
2625,-1.1177419824902226,0.9290198462250268,0.32,SAC
2626,-1.2675129994198455,0.7929697477391211,0.23,SAC
2627,-1.1150917463732417,0.8163612227390954,0.23,SAC
2628,-1.1450348881326002,0.9156409791257218,0.24,SAC
2629,-1.1507349817475174,0.945717591941821,0.22,SAC
2630,-0.9107607462080771,1.0062525791320776,0.31,SAC
2631,-1.2517432888643922,0.8672824142523012,0.24,SAC
2632,-1.0189953662272995,0.8442085028214873,0.26,SAC
2633,-1.5117352031327167,0.8172296830382108,0.17,SAC
2634,-0.833702117865812,0.9442233831728452,0.31,SAC
2635,-1.4095722914123252,0.8228598862451577,0.23,SAC
2636,-0.6582647144403135,1.1228897282991692,0.26,SAC
2637,-1.6846562737302953,0.7904710711905527,0.18,SAC
2638,-1.3325718191397842,0.8168360125713499,0.17,SAC
2639,-1.4038048366332248,0.8186932756309077,0.22,SAC
2640,-0.9850288054517087,1.006072970081518,0.21,SAC
2641,-1.4673853072045808,0.8534709074802538,0.25,SAC
2642,-1.1258882986415286,0.9977570845542515,0.31,SAC
2643,-1.0482648687989955,0.8965138139787667,0.23,SAC
2644,-1.3060368061807566,0.8875815448943751,0.21,SAC
2645,-1.009057606969388,0.9372866490311086,0.22,SAC
2646,-1.2704714261112953,0.7348155997480015,0.21,SAC
2647,-1.512177389579013,0.9115645704694407,0.28,SAC
2648,-1.2981207457213992,0.9835754543146094,0.24,SAC
2649,-1.5105673785456195,0.7296919603870222,0.2,SAC
2650,-1.0598094831866087,1.0564462045922043,0.24,SAC
2651,-1.242717781520512,0.8977569232696797,0.24,SAC
2652,-1.6715491874545267,0.7819695158282972,0.15,SAC
2653,-1.809548884101699,0.6519837900704395,0.29,SAC
2654,-1.4650581331492132,0.8097557813185783,0.21,SAC
2655,-0.9122932555351173,0.9687700970951267,0.26,SAC
2656,-0.9890169551857839,0.9859265609827197,0.26,SAC
2657,-1.2919339911921843,0.9077187782315461,0.21,SAC
2658,-1.1379370694151556,0.9534922261986472,0.28,SAC
2659,-1.1772833736840607,0.8602020925200529,0.26,SAC
2660,-1.5726621940446832,0.9151547676136499,0.19,SAC
2661,-1.636404152413668,0.7374678632365643,0.18,SAC
2662,-0.8470166706853155,1.134571519121871,0.29,SAC
2663,-1.4695560031271842,0.8363062156491791,0.27,SAC
2664,-0.8691086855900049,1.1046461923811977,0.25,SAC
2665,-1.281137165179387,0.8701820041572199,0.21,SAC
2666,-0.9823730825133227,1.1050365782821343,0.33,SAC
2667,-1.047418654991616,0.9982410793061021,0.26,SAC
2668,-1.1265396668529715,0.9640269600339576,0.28,SAC
2669,-1.202393680734117,0.8764717299277516,0.24,SAC
2670,-1.4105028544162366,0.7764675640858499,0.23,SAC
2671,-1.0827603877425676,0.7845958406316242,0.25,SAC
2672,-1.7286787565281767,0.7138230404253615,0.19,SAC
2673,-0.7535669899331111,0.8537999664508807,0.25,SAC
2674,-1.2784631054426596,0.9781895923503307,0.19,SAC
2675,-1.2247174538241459,0.78039488434259,0.23,SAC
2676,-1.3437854413409658,0.8024850331088799,0.17,SAC
2677,-0.9093758469859271,0.9132757795043526,0.25,SAC
2678,-1.4131221376949188,0.9210026337222597,0.19,SAC
2679,-1.2525428570813741,0.8180220397877177,0.24,SAC
2680,-1.1860927460432038,0.9188151873748264,0.2,SAC
2681,-1.3694339957404684,0.9522301814007712,0.24,SAC
2682,-0.8876366929262786,0.9973441710373129,0.24,SAC
2683,-1.033101372494211,0.9945239495691657,0.3,SAC
2684,-1.5765970618014564,0.7969872129541183,0.19,SAC
2685,-1.2874716642367454,0.7654913067753668,0.23,SAC
2686,-1.0247262511637953,1.0794974162539197,0.22,SAC
2687,-1.3555150087645174,0.9037683093421554,0.23,SAC
2688,-1.3169900700775583,0.8905003876490075,0.26,SAC
2689,-1.1969900539540062,0.9030503107516665,0.19,SAC
2690,-1.230230430700147,0.9405258145704586,0.29,SAC
2691,-1.7084284613086225,0.741326614269155,0.18,SAC
2692,-1.2606345875766922,1.018925458756264,0.18,SAC
2693,-1.187583491300712,0.8837499102566987,0.22,SAC
2694,-0.5961086543545648,0.9217645248982612,0.28,SAC
2695,-1.485814404258816,0.9374546838554381,0.21,SAC
2696,-1.1904402495632294,0.9629086299735603,0.28,SAC
2697,-1.3288159005011502,0.8765984161959491,0.26,SAC
2698,-0.7773303867342078,0.9850786928839385,0.26,SAC
2699,-0.983881173620288,1.0779766273028433,0.27,SAC
2700,-0.5813521423936467,1.0766842900011282,0.27,SAC
2701,-1.808625538552525,0.758445035307938,0.2,SAC
2702,-1.1963812970667602,0.8208679213001401,0.23,SAC
2703,-1.265163353362745,0.8124275975315177,0.22,SAC
2704,-1.5833268854127525,0.7406365653325787,0.12,SAC
2705,-1.0835787333348896,0.9149462203516728,0.28,SAC
2706,-1.6009980622633042,0.8306373679734494,0.22,SAC
2707,-0.8666204338805098,1.0324993928479658,0.31,SAC
2708,-1.1042423366638352,0.7922303367013867,0.2,SAC
2709,-1.5547088767448833,0.7518481719613027,0.22,SAC
2710,-1.5433081421430939,0.8355545016716478,0.27,SAC
2711,-0.9376659695632878,0.870340881623781,0.23,SAC
2712,-0.7643371929078948,0.9425772864685102,0.34,SAC
2713,-1.330675723163266,0.7278247272437853,0.22,SAC
2714,-0.9366374472460716,0.9822325027856013,0.28,SAC
2715,-0.9785716568786187,0.9194654398123641,0.27,SAC
2716,-0.8922563927814348,0.99950851710007,0.28,SAC
2717,-1.1197429182841243,0.7956782511147877,0.26,SAC
2718,-0.9120805750016098,0.9566036192151958,0.27,SAC
2719,-0.8954243917797416,1.0266658415594676,0.29,SAC
2720,-1.4752611997695118,0.8762845246262231,0.21,SAC
2721,-1.447526229788516,0.923679953946657,0.25,SAC
2722,-1.1987779089655093,0.8832127973683006,0.23,SAC
2723,-1.709493280787234,0.8156553803918288,0.2,SAC
2724,-1.1646408450866264,0.857837455831629,0.24,SAC
2725,-1.0995314716912958,0.9724972901609027,0.25,SAC
2726,-1.6481050532333317,0.7561349456077209,0.22,SAC
2727,-1.5697672735470116,0.8906062832377117,0.19,SAC
2728,-0.8702529845148451,1.1027528705171297,0.26,SAC
2729,-1.3642933444618424,0.9075083326862833,0.27,SAC
2730,-1.2017412067428166,0.9158648882287421,0.22,SAC
2731,-1.0274964360334355,0.9735687168113999,0.29,SAC
2732,-0.9476814400180857,1.029039897055877,0.33,SAC
2733,-1.2809717883378258,0.7795053639129054,0.26,SAC
2734,-0.864252557700155,0.9296616611877991,0.23,SAC
2735,-1.2827657471107108,0.81522194214111,0.23,SAC
2736,-1.0575965020727967,0.9423915215252395,0.29,SAC
2737,-1.8735401068766526,0.6956299724569857,0.18,SAC
2738,-1.4863493611146268,0.870951974356002,0.21,SAC
2739,-0.8520071460115599,0.9266405610946887,0.34,SAC
2740,-1.688692984560907,0.9324204402781154,0.19,SAC
2741,-1.2111261030641476,0.9977392624900329,0.27,SAC
2742,-1.0376145113213218,0.9098657087634717,0.29,SAC
2743,-0.9310835206086927,0.897315122256412,0.33,SAC
2744,-1.0291462976555452,0.9089489284890767,0.27,SAC
2745,-1.5036212695732656,0.8613232429968484,0.18,SAC
2746,-0.7790878400486898,0.9440104268365068,0.32,SAC
2747,-0.8524485246969136,1.0413730390694431,0.21,SAC
2748,-0.9446291566596802,0.898440626328913,0.27,SAC
2749,-1.238143099462719,0.9984417873807078,0.24,SAC
2750,-1.3149333136778245,0.7632846461052368,0.16,SAC
2751,-1.235392984286674,0.9153722782339568,0.24,SAC
2752,-1.505996512216978,0.7730287256767611,0.17,SAC
2753,-1.3892376233302386,0.8919121063878775,0.3,SAC
2754,-1.2181336410570993,0.7678201845422657,0.21,SAC
2755,-1.2731048579136888,0.7632116026417995,0.21,SAC
2756,-1.4382327638582393,0.8170803511303226,0.15,SAC
2757,-0.9902676862693214,0.8768749136413271,0.24,SAC
2758,-1.326397265363629,0.8992395311877397,0.24,SAC
2759,-1.0235208945321237,0.9580138023242415,0.25,SAC
2760,-0.9098661103314122,0.9133973506488315,0.29,SAC
2761,-1.643014799361587,0.8212023261016279,0.2,SAC
2762,-0.9278826835220457,0.9644858379216765,0.24,SAC
2763,-1.324709871818947,0.9169798162240069,0.18,SAC
2764,-1.0457293049743095,0.840142313810841,0.25,SAC
2765,-1.1515425338095773,0.9542450237156413,0.25,SAC
2766,-1.1479534852781075,0.9015174167687334,0.22,SAC
2767,-0.95184084048431,0.8551625858186882,0.27,SAC
2768,-1.138513735961346,0.8065929987657473,0.24,SAC
2769,-0.7546051690268262,0.9466132925961331,0.32,SAC
2770,-1.034770910494345,0.9072168759191619,0.27,SAC
2771,-1.2548000984823198,0.8732356646640776,0.23,SAC
2772,-1.5553559614320038,0.8768413008457472,0.21,SAC
2773,-1.0150273122560163,0.9804885892266235,0.21,SAC
2774,-1.416796578784845,0.7646250944192922,0.23,SAC
2775,-0.8465371657595578,1.063020982169075,0.29,SAC
2776,-1.1992015063424033,1.0024426136775124,0.3,SAC
2777,-1.0261905792130404,0.8462446097092422,0.2,SAC
2778,-1.0999442852003947,0.9770735540153842,0.29,SAC
2779,-1.2980371905826886,0.8508424259201856,0.2,SAC
2780,-1.2993912878342109,0.9426868947507291,0.25,SAC
2781,-1.125227037870967,0.905820053149497,0.26,SAC
2782,-0.9170827376393266,0.9532523148118252,0.25,SAC
2783,-1.3392433283587448,0.8915097150794693,0.24,SAC
2784,-1.0026786486565533,0.9760954803674262,0.21,SAC
2785,-1.3961735333751732,0.9358257262811651,0.27,SAC
2786,-1.6402184248640617,0.8573774695628567,0.23,SAC
2787,-0.5295064098861934,1.0514850716965967,0.31,SAC
2788,-1.0351323015854978,0.9931903911444391,0.25,SAC
2789,-1.624273103548037,0.7626978118751248,0.24,SAC
2790,-1.155242743454255,0.8080424428973754,0.32,SAC
2791,-1.606028312272119,0.8269230552493066,0.18,SAC
2792,-1.3771134279814061,0.8676578329307848,0.21,SAC
2793,-1.2155529980690853,0.9210734843521837,0.28,SAC
2794,-0.8518784969899498,1.00083364537042,0.27,SAC
2795,-1.0197740004835487,0.9604855493283045,0.27,SAC
2796,-1.424074107302488,0.8119584855367517,0.23,SAC
2797,-1.3481828258716573,0.8843264423340473,0.22,SAC
2798,-1.0766361910971733,0.9105281014002843,0.26,SAC
2799,-1.391708862387146,0.8745531699420362,0.24,SAC
2800,-0.5445984035441621,1.0199052838805955,0.28,SAC
2801,-0.5032662158814258,1.123594022291456,0.32,SAC
2802,-1.109088558546422,0.8935465523072758,0.26,SAC
2803,-0.6671736205814228,0.978092888643403,0.3,SAC
2804,-1.1099012291889228,0.8599179083418257,0.29,SAC
2805,-0.9387252485730406,1.005409712808231,0.23,SAC
2806,-1.5242208926751406,0.7495437926868453,0.23,SAC
2807,-1.3409522557859601,0.7813616453155093,0.21,SAC
2808,-0.9201601471741614,1.0067940501173298,0.22,SAC
2809,-1.0279513141685444,0.9953250532473199,0.2,SAC
2810,-1.3407133912389415,0.7753725333345804,0.23,SAC
2811,-1.3167262155018253,0.8841733143692225,0.19,SAC
2812,-1.4546962633861973,0.8210962996252265,0.22,SAC
2813,-1.0332674656106917,0.9633271352506556,0.19,SAC
2814,-1.3322984786094434,0.8466471758755872,0.27,SAC
2815,-1.1303431503584143,0.8984918998463555,0.26,SAC
2816,-1.3410650202611298,0.907286465473394,0.23,SAC
2817,-1.0048327400423616,0.9311350755377711,0.29,SAC
2818,-0.9497325097157987,0.9672556428240613,0.3,SAC
2819,-1.3456638281465376,0.9159552069921846,0.21,SAC
2820,-1.9274324513817742,0.62496195611391,0.21,SAC
2821,-1.705116247750641,0.8023198283697667,0.21,SAC
2822,-1.2506767692048182,0.8989076277176228,0.27,SAC
2823,-0.7692071800990772,1.0357162435888803,0.29,SAC
2824,-1.0930265118114506,0.9126374269700669,0.21,SAC
2825,-1.4600156270689757,0.791021262093717,0.16,SAC
2826,-1.1526525115215203,0.9290863524751513,0.28,SAC
2827,-1.0320242476615151,0.7745097903214015,0.31,SAC
2828,-1.4272191664985643,0.9057766516340061,0.23,SAC
2829,-1.4475892148439482,0.8586128602624385,0.21,SAC
2830,-1.2616984193076668,0.855901430365197,0.21,SAC
2831,-0.9349249700087043,1.0409248398920612,0.24,SAC
2832,-1.4210125190426752,0.8609309145541633,0.24,SAC
2833,-1.2057735628843702,0.843779697526621,0.18,SAC
2834,-0.9932437715601867,0.8485157756175012,0.25,SAC
2835,-1.028775522714905,1.0460097759974811,0.25,SAC
2836,-0.8210951076739923,1.0681737993101468,0.31,SAC
2837,-1.2543234838082566,0.8051149024852619,0.14,SAC
2838,-1.4050900350708773,0.9158631570664341,0.2,SAC
2839,-1.265495417320051,0.9562732871889814,0.22,SAC
2840,-1.3527413091611624,0.906183107425612,0.18,SAC
2841,-1.2139956563763308,0.9316002819334909,0.19,SAC
2842,-1.4573252073533192,0.8988154117885634,0.2,SAC
2843,-1.316452596571142,1.0726704563212652,0.22,SAC
2844,-1.9281249564490144,0.7699599283696823,0.19,SAC
2845,-1.1695277705338791,0.9184858919683532,0.26,SAC
2846,-1.4369386548841216,0.7830084695532155,0.18,SAC
2847,-0.9568960355528442,0.9394333646868986,0.28,SAC
2848,-1.26745792998976,0.9104748212880068,0.25,SAC
2849,-1.6317476211328363,0.7866853730682398,0.21,SAC
2850,-1.3531696133992694,0.901429801656717,0.24,SAC
2851,-1.2394215948448837,0.8907904039723605,0.24,SAC
2852,-1.0130114456941715,0.9452561901260228,0.25,SAC
2853,-1.562755043567753,0.7798897552394783,0.16,SAC
2854,-0.725510264452299,0.991608379882438,0.27,SAC
2855,-0.8388770853464501,0.9041172858542956,0.28,SAC
2856,-0.9965587453568167,0.8828998412835309,0.26,SAC
2857,-1.2435063209443988,0.9275115937727534,0.18,SAC
2858,-1.2378826196377397,0.8632716407599988,0.3,SAC
2859,-0.5731265646321897,1.0534559200810494,0.24,SAC
2860,-1.4547072429390675,0.9775991194541472,0.28,SAC
2861,-1.2286654926184462,0.9732797513711603,0.22,SAC
2862,-1.7993790786479533,0.8449091600365912,0.19,SAC
2863,-1.1185346226368198,0.8756345921791929,0.27,SAC
2864,-1.2246909079748527,0.843146378429981,0.24,SAC
2865,-1.391024421661681,0.908155605552404,0.23,SAC
2866,-1.0467377598715732,0.9370615102179153,0.29,SAC
2867,-1.3717520298709693,0.8305858685409505,0.21,SAC
2868,-1.0068784500977381,0.8873278976083686,0.24,SAC
2869,-1.0932769372582463,0.852268938520031,0.31,SAC
2870,-0.9979252481811419,0.8739296872609763,0.26,SAC
2871,-1.16548759605396,0.9462978976757778,0.24,SAC
2872,-1.2722051364134368,0.8793422604374916,0.21,SAC
2873,-1.1375589404908157,0.9070058187943004,0.24,SAC
2874,-1.5510892805323238,0.9490708895626753,0.24,SAC
2875,-1.5897656598610501,0.9314676191685101,0.23,SAC
2876,-1.5608654390589265,0.8347921653873872,0.19,SAC
2877,-1.0422575546384478,0.9068113909068629,0.29,SAC
2878,-1.2111597860567525,0.8602153177953129,0.31,SAC
2879,-0.9015245393904422,0.9344841909082251,0.28,SAC
2880,-1.1305808496315688,0.8287325352773688,0.24,SAC
2881,-1.0283832945297706,1.026499770241371,0.27,SAC
2882,-0.9850583333600079,1.1517965005083368,0.25,SAC
2883,-1.3662652022260893,0.7066533043166207,0.19,SAC
2884,-1.2019606076325493,0.9095479806899042,0.24,SAC
2885,-1.022138061712369,0.852114675702078,0.22,SAC
2886,-1.4446287735113694,0.8343284603026382,0.17,SAC
2887,-1.2461715088045933,0.9201576979454926,0.2,SAC
2888,-1.232809288390464,0.8243526578826029,0.2,SAC
2889,-1.0745567467217374,0.7132993556868692,0.23,SAC
2890,-1.5223818930307897,0.8534397782780112,0.22,SAC
2891,-0.8495922871763942,0.8959036769004182,0.32,SAC
2892,-1.1192038909319044,0.8683825595581499,0.22,SAC
2893,-1.034373851094675,0.9124241694624463,0.27,SAC
2894,-0.8524305222959103,0.9305585543190074,0.29,SAC
2895,-0.9320346322239795,1.040719454481038,0.23,SAC
2896,-1.2694744653751926,0.8160753475790663,0.23,SAC
2897,-1.7025419113295037,0.7029616785907087,0.21,SAC
2898,-1.2810590774011852,0.9438688066282975,0.28,SAC
2899,-1.072947213983367,0.8739440602005252,0.26,SAC
2900,-1.4728857848010022,0.8044703038772296,0.17,SAC
2901,-0.9644336172054194,0.9517400824650225,0.3,SAC
2902,-1.1560629828122981,0.9491236398991088,0.22,SAC
2903,-1.0785461892721202,1.1171512765648464,0.31,SAC
2904,-0.8849924898339724,0.9551015790524197,0.3,SAC
2905,-1.5083396429201403,0.7757882278546763,0.14,SAC
2906,-0.8885026932185989,0.9222064873215821,0.25,SAC
2907,-1.2680802268150753,0.8859480626799197,0.23,SAC
2908,-1.2971338904918874,0.9621886782823258,0.15,SAC
2909,-1.0963212039574401,0.9548123760217448,0.26,SAC
2910,-0.877957249515471,0.9901745098295731,0.25,SAC
2911,-1.1959983429981955,0.9464478818183979,0.27,SAC
2912,-1.45715602704972,0.7762877463460431,0.21,SAC
2913,-1.026912194462477,0.965787611404092,0.28,SAC
2914,-0.7927084042305447,0.9453389645552707,0.27,SAC
2915,-1.420854155340996,0.8266601320216646,0.19,SAC
2916,-1.166504873473584,0.8997541676628505,0.26,SAC
2917,-0.8790984448145883,0.9583232714261979,0.3,SAC
2918,-1.0322195804997722,0.9514351621692022,0.31,SAC
2919,-1.4661416555683868,0.8261854231602829,0.19,SAC
2920,-0.6625229430146272,1.0714197433236616,0.32,SAC
2921,-0.8869292554651759,1.0355563748628165,0.25,SAC
2922,-1.3557044511461402,0.8175695983370883,0.21,SAC
2923,-1.048357293301777,0.9623968294824341,0.31,SAC
2924,-1.7360272624158979,0.7523515772607816,0.18,SAC
2925,-1.0167571487115277,0.931806155281228,0.24,SAC
2926,-1.2964516520412703,0.814316721147681,0.31,SAC
2927,-1.1688471988102886,0.9647869178620645,0.21,SAC
2928,-1.3747663675687811,0.836259311143718,0.21,SAC
2929,-0.9650883031558819,0.9708303066366568,0.31,SAC
2930,-1.2005058238052746,0.9700980120329322,0.28,SAC
2931,-0.9996971812918198,0.9388410344496042,0.27,SAC
2932,-1.0861225607251415,0.9581718021214695,0.25,SAC
2933,-1.468443703251845,0.943381772419309,0.27,SAC
2934,-1.4610483431510088,0.8314748820231489,0.18,SAC
2935,-0.9463446071445618,1.0870400572722607,0.31,SAC
2936,-0.6561723190706104,1.0227870433430808,0.33,SAC
2937,-0.7133907460820791,1.0420919500379515,0.33,SAC
2938,-1.1518742340307246,1.01899525466853,0.22,SAC
2939,-1.2490044619374354,0.8875570746947594,0.26,SAC
2940,-1.3405127473222287,0.8969285353005886,0.18,SAC
2941,-0.8533029575810902,0.9488083878811406,0.28,SAC
2942,-0.9449111730506584,0.8674018954178868,0.22,SAC
2943,-0.9981071782881624,1.0639968803337168,0.3,SAC
2944,-0.7549327686582167,0.9934401651941652,0.26,SAC
2945,-1.7738538428583863,0.6981237552401268,0.17,SAC
2946,-1.1598735263663542,0.8041017375638182,0.22,SAC
2947,-0.9431257953408734,1.0151657244635117,0.27,SAC
2948,-1.338321937891415,0.9428725526230852,0.2,SAC
2949,-0.894168723598587,1.0173072952135072,0.25,SAC
2950,-1.373030586456806,1.0543200664347814,0.26,SAC
2951,-1.6557113696844015,0.7384548309397588,0.14,SAC
2952,-0.9596650927831775,0.9639019777263297,0.29,SAC
2953,-1.0789601890613725,0.9000120863315203,0.2,SAC
2954,-1.092323896020201,0.9487606064094156,0.24,SAC
2955,-0.6105346348686577,1.0356706252957169,0.3,SAC
2956,-0.8191612967664054,0.9553458166230545,0.29,SAC
2957,-1.070247203063854,0.8537142504547341,0.31,SAC
2958,-0.6276835727480455,1.082724434970006,0.32,SAC
2959,-0.8501219163531738,0.959259331563099,0.21,SAC
2960,-0.9542863383892088,1.0282420830091916,0.24,SAC
2961,-0.9222906583345697,0.9033078490752708,0.29,SAC
2962,-1.4977428920665452,0.7902359631329834,0.25,SAC
2963,-1.5921323328764925,0.8168708507932414,0.22,SAC
2964,-1.14484858802247,0.9345459240105473,0.18,SAC
2965,-1.1394528593682236,0.9344631460910784,0.25,SAC
2966,-0.8077104332192472,1.1995314650783866,0.27,SAC
2967,-1.4363639996417132,0.83053455542488,0.25,SAC
2968,-0.7979195190236443,1.0173100839961677,0.28,SAC
2969,-0.8373888293740686,1.0720417752807452,0.24,SAC
2970,-1.4052162236231078,1.073702839129545,0.2,SAC
2971,-1.287064909096144,1.0337518563735886,0.18,SAC
2972,-1.1495643163676599,0.7928366441718196,0.23,SAC
2973,-0.8105138380536274,1.0025180200255206,0.27,SAC
2974,-1.5220087478127242,0.7856940490509622,0.24,SAC
2975,-0.7510293184753206,0.9074807670499939,0.26,SAC
2976,-0.7404631470835318,1.0715080537877126,0.2,SAC
2977,-1.044102967139101,0.860322092274363,0.29,SAC
2978,-1.179988267390687,0.8132111980538859,0.25,SAC
2979,-0.7414670857910153,1.1273782661233822,0.27,SAC
2980,-1.0528833238572677,0.9640822929063292,0.25,SAC
2981,-1.7121635699831288,0.7810762944725487,0.21,SAC
2982,-1.4387446433098676,0.8191465970341573,0.21,SAC
2983,-1.2947743919325967,0.8452722995660261,0.25,SAC
2984,-1.2261974194222396,0.8424762202659147,0.21,SAC
2985,-1.5412620110030892,0.6778762849294309,0.2,SAC
2986,-1.3575614052913776,0.7943565483980968,0.21,SAC
2987,-1.681242556949687,0.6833171674001683,0.19,SAC
2988,-0.8612617438287881,0.9098668175651635,0.3,SAC
2989,-1.3932003516291687,0.7785123192043923,0.26,SAC
2990,-1.277361369162451,0.9513849574230617,0.24,SAC
2991,-1.3088426412806933,0.716343537714177,0.27,SAC
2992,-1.6054251694241004,0.8904684926837827,0.26,SAC
2993,-1.461948871481184,0.8264020605190376,0.19,SAC
2994,-0.6493199674852909,1.1151861953847437,0.23,SAC
2995,-1.54209668239256,0.7838764047059986,0.24,SAC
2996,-1.232340347475642,0.9710471901156681,0.18,SAC
2997,-0.8710024187839954,0.9634519414522563,0.25,SAC
2998,-1.5158143016312997,0.8066425701797325,0.2,SAC
2999,-1.158624651415087,0.8674454836982052,0.34,SAC
3000,-1.3765582744330047,0.8222177358308208,0.18,SAC
