episode,avg_reward,avg_secrecy_sum,qos_satisfaction_rate
1,-3.827075925954461,0.8721073429098014,0.07
2,-3.9506748441825006,0.8960063881386514,0.07
3,-4.105833317744111,0.7717320935267247,0.02
4,-4.13178007570648,0.8805199343718709,0.02
5,-3.84714790081114,0.8040919802239668,0.05
6,-4.094421217993781,0.8277584314980561,0.04
7,-3.444624488887402,0.9582616925601655,0.08
8,-4.213642399066441,0.8160629871795265,0.03
9,-4.109206805163289,0.851426153417682,0.08
10,-4.314537950639497,0.7066727920485506,0.05
11,-3.293294190941355,1.1313347249808892,0.05
12,-2.672023403432373,0.9704564278865813,0.05
13,-2.02416877286894,0.9700610683290231,0.02
14,-1.6366722720343965,1.0579947244072088,0.01
15,-1.540612210008193,1.0394242148553063,0.0
16,-1.3592388752354017,1.1244797123050252,0.0
17,-1.4310952989610444,1.039062019473995,0.0
18,-1.5706441220136436,0.9755461572756343,0.0
19,-1.0497314659761874,1.1064285830674023,0.0
20,-1.8014329636829305,1.213161144324083,0.0
21,-1.2956596974447316,1.1013958606931686,0.0
22,-1.13043995478787,1.236588207335438,0.0
23,-1.3365317867710322,1.169320129640377,0.0
24,-1.6657981757894655,1.0758019852808705,0.0
25,-1.1910541147001161,1.1780636449639688,0.0
26,-1.352409659686461,1.1999905825741748,0.0
27,-1.5694949481548153,0.9728129991135881,0.0
28,-1.9458510802988973,0.8538110592116319,0.0
29,-1.3007187012229497,1.1576258065928338,0.0
30,-1.4829457154255423,1.1630540675881966,0.0
31,-1.42347091185414,1.071602699197034,0.0
32,-1.762713375964504,0.9930823634027257,0.0
33,-1.2797043997087711,1.2122861777969804,0.0
34,-1.4166835396567177,1.0174381414456262,0.0
35,-0.9866049688180322,1.196514780031449,0.0
36,-1.242403850098117,1.3022195043893294,0.0
37,-1.6962763882855731,1.0048081205691253,0.0
38,-1.3230107448061699,1.131084290354948,0.0
39,-1.4167677942904568,1.0910596810886994,0.0
40,-1.6282137949868507,1.0655464998453235,0.0
41,-1.7295279459674406,1.168881099266003,0.0
42,-1.5918787170413338,1.0453642822002829,0.0
43,-0.9622102588364854,1.170662888115057,0.0
44,-1.7480117576323506,1.0881078618263862,0.0
45,-1.0614863993503716,1.1266783370420967,0.0
46,-1.4703510348826194,1.1691002141164537,0.0
47,-1.7335837077798655,0.9904237631099957,0.0
48,-2.1328697435197457,0.8864784596019288,0.0
49,-1.4500888511187853,1.1366228172389696,0.0
50,-1.5573809565253343,1.1002945448544172,0.0
51,-1.4540930141465491,1.0601043933868608,0.0
52,-1.688747720490114,0.9692612987558195,0.0
53,-1.3978343981922559,0.9809462730208212,0.0
54,-1.6871323595299588,1.003008974679812,0.0
55,-1.2992022215042878,1.2804682221169026,0.0
56,-1.232638433855677,1.2099160263689923,0.0
57,-1.593138943684956,1.160475885246898,0.0
58,-1.465180084773071,0.9815210350806699,0.0
59,-1.3085841779690817,1.134520844379376,0.0
60,-1.4377228886885043,1.1267113230862322,0.0
61,-1.3073130884787962,1.0737075904676896,0.0
62,-1.7031325292290123,0.9242208486299013,0.0
63,-1.496083292846742,1.0222985595021286,0.0
64,-1.2537178745983126,1.0398375413994396,0.0
65,-1.9428317659597132,0.8252836822413105,0.0
66,-1.4653363931045886,1.1191371131828547,0.0
67,-1.4027877274160543,1.115802851816659,0.0
68,-1.4285258334908155,1.0750769476163164,0.0
69,-0.8651006549214679,1.3119962582835194,0.0
70,-1.357107107444166,1.0620186297240364,0.0
71,-1.4896408208348146,1.025728772404216,0.0
72,-1.2936118225622226,1.027750351540248,0.0
73,-1.8434408502559745,0.8528184591536901,0.0
74,-1.3866509915332295,0.9458033823726331,0.0
75,-1.4545030045950964,0.9298106318572771,0.0
76,-1.7386291577743125,1.1449403881770523,0.0
77,-1.20810945629741,1.327978955029036,0.0
78,-0.7687518697254485,1.2578106562257685,0.0
79,-1.2591144073371812,1.1353129122188945,0.0
80,-1.1811476643970797,1.2178100639250915,0.0
81,-1.3492756430884874,1.0616543923442707,0.0
82,-1.8641014427950875,0.838000521759156,0.0
83,-1.1443600018376432,1.0821059014295928,0.0
84,-1.2041246157979737,1.0849069857597637,0.0
85,-1.043859664643125,1.243596944621519,0.0
86,-1.2845942982374101,1.2010535141295784,0.0
87,-1.4659416690170477,1.1503929567223319,0.0
88,-1.6759685060872054,0.9771532632457257,0.0
89,-1.4195798188347004,1.1147217734358894,0.0
90,-1.710878648079432,1.1888629527789807,0.0
91,-1.4521832587846562,1.151765984103911,0.0
92,-1.7488376915134245,0.9950266169186608,0.0
93,-1.4623777088954615,1.0859435154609423,0.0
94,-1.3954448765729424,0.8926844302073218,0.0
95,-1.0879859619685215,1.0867667062772832,0.0
96,-1.7773322827722748,0.8775769256713319,0.0
97,-1.5224478905846135,1.0739876967235797,0.0
98,-1.3738338153832217,1.1439698901797437,0.0
99,-1.2691033967953955,0.9461630363311575,0.0
100,-1.7758266835041963,1.0181731743570546,0.0
101,-1.6800975805332021,0.9418329250530588,0.0
102,-1.4747851280968174,1.2718663177689578,0.0
103,-1.9955413903150867,0.8060105062354281,0.0
104,-1.583296476926033,1.087296835335696,0.0
105,-1.1425485377214175,1.0780165536979256,0.0
106,-1.7535902775873702,0.9815480451298484,0.0
107,-1.9139860684954075,0.792009611837308,0.0
108,-1.4262960326735594,1.1617360437434385,0.0
109,-1.7796936879603686,0.9088688157414101,0.0
110,-1.5073744800434503,1.0470701878081514,0.0
111,-1.6154651746378637,0.8913581601474304,0.0
112,-1.6753140974084557,0.8805150307413886,0.0
113,-1.5330371055737992,1.080310206489907,0.0
114,-0.9704876167672271,1.25091197587587,0.0
115,-1.5558718338552238,1.0081045753980853,0.0
116,-1.5210983736368875,1.035997723401492,0.0
117,-1.1981985389008978,1.1042617737559681,0.0
118,-1.211458593947612,1.1524573124029092,0.0
119,-1.3718624348044117,1.2634920383396382,0.0
120,-1.3599440759936068,1.121766118104868,0.0
121,-1.4616286442812565,1.0122292368956964,0.0
122,-1.0624393895424733,1.3693049744997774,0.0
123,-1.7885980140716273,1.197655920830134,0.0
124,-1.6878284597921334,0.9106994266928016,0.0
125,-1.6190921780434795,1.0214970544498714,0.0
126,-1.2308725594391465,1.149504760176714,0.0
127,-1.2060474472258271,1.1458852304700637,0.0
128,-1.259927029580594,1.0316378049363524,0.0
129,-1.41287737653158,0.9466294878584779,0.0
130,-1.6715598006192887,1.0219959911856271,0.0
131,-1.272377111428088,1.0469849222194652,0.0
132,-1.0533888587029139,1.1974292227074625,0.0
133,-1.5725568664506406,1.0886808441238376,0.0
134,-1.6877239376422934,0.9558991920502211,0.0
135,-1.2103059864888557,1.116920704725937,0.0
136,-1.1411904319232224,1.1792609064054762,0.0
137,-1.3450843047953278,1.0704729944152702,0.0
138,-1.5038240060724453,1.1034656681451136,0.0
139,-1.2061567854490785,1.2291205373336647,0.0
140,-1.663731000695751,1.0123272666496639,0.0
141,-1.983903188381767,1.1427594423654326,0.0
142,-1.7768851345694368,0.8951684084574083,0.0
143,-1.8254278143637483,0.8942539534033151,0.0
144,-1.4881580633760942,0.98002776504963,0.0
145,-1.1037594032367906,1.2132661546111414,0.0
146,-1.3073133950896638,1.0147773876081871,0.0
147,-1.0922741484470233,1.1111248326884813,0.0
148,-1.3244695973907887,1.160928772743105,0.0
149,-1.3240516376559452,1.1125880069542569,0.0
150,-1.4278651318460223,1.0842306674910334,0.0
151,-1.5524746824794518,0.8981642644872803,0.0
152,-1.4218892014105262,1.1172403460412506,0.0
153,-1.476325762215484,1.0700214941659407,0.0
154,-1.7394860578653144,0.9809131221289447,0.0
155,-1.2657835006206415,1.0949492497324582,0.0
156,-1.310602365146197,1.072968883188619,0.0
157,-1.2462593492192167,1.129696806875381,0.0
158,-1.3779328798440411,1.0575494022571592,0.0
159,-1.723759717822995,1.0802869146430647,0.0
160,-1.2970989882182733,1.2074254902168444,0.0
161,-1.4343204801519267,1.1128310197573896,0.0
162,-1.4139626243269416,1.306521208737213,0.0
163,-1.3666839443464682,1.1744315437140156,0.0
164,-2.096335442133981,0.7190197443156384,0.0
165,-1.4409051750113375,1.1244108149701963,0.0
166,-1.158592159099088,1.1160111591213973,0.0
167,-1.553073261174571,1.1735154119139652,0.0
168,-1.8820969456692194,0.8317722757400641,0.0
169,-1.3617346245775408,1.2064187201612158,0.0
170,-1.553423386238077,0.9920091859102996,0.0
171,-1.905033392480255,0.8557676598000445,0.0
172,-1.1511736012597122,1.2680924604132076,0.0
173,-1.4585906846912908,0.9631235009471405,0.0
174,-1.4052449109674603,1.2216217325539356,0.0
175,-1.7151124707892003,1.0032813272028074,0.0
176,-1.5984822560454186,1.1111965713873917,0.0
177,-1.2921306541505646,1.2357646521620036,0.0
178,-1.639607823265425,1.0963796407272026,0.0
179,-1.5277389755450264,1.258932844394908,0.0
180,-1.239872070307925,1.157241806315656,0.0
181,-1.5164079481221346,0.9586378061185856,0.0
182,-1.280598383073219,1.045375823408557,0.0
183,-1.5562754156747503,1.0187828990084666,0.0
184,-1.5394575138897286,1.0978530088685583,0.0
185,-1.8157072072058147,0.9702826308911062,0.0
186,-1.4754424929559786,1.007139414834585,0.0
187,-1.130908051463909,1.134440006773499,0.0
188,-1.721364016919526,1.1329665574047918,0.0
189,-1.7861102315002177,1.0772823975433419,0.0
190,-1.5769954517781404,0.9232799420811442,0.0
191,-1.8884928155606706,0.8529077007144781,0.0
192,-1.9218004060496492,0.9756739721337224,0.0
193,-1.5315085419234118,1.0101289198399421,0.0
194,-1.060165674108821,1.2805648246353976,0.0
195,-1.2493526664886954,1.2295024788023954,0.0
196,-1.4457980394996006,1.0503209800002613,0.0
197,-1.3509439049021046,1.081095240401442,0.0
198,-1.3584630944792022,1.1804787808923656,0.0
199,-1.6111419811462293,1.0433665714358318,0.0
200,-1.5655448452548029,1.0323931711986518,0.0
201,-1.5497762761702134,0.9674619342013591,0.0
202,-1.1850100348774968,1.1648164041811553,0.0
203,-1.3371770717417713,1.0690436130118357,0.0
204,-2.0112694920846117,0.9297240716744942,0.0
205,-1.2975459578554602,1.346539533616461,0.0
206,-1.6468950177191521,1.0350948166691376,0.0
207,-1.0875193628790403,1.1340630120718105,0.0
208,-1.153386636623281,1.205111980751405,0.0
209,-1.83741957461964,0.9843090572241574,0.0
210,-2.022407550166356,0.965664446648899,0.0
211,-1.13417528661636,1.1583702542150172,0.0
212,-0.9195925963971334,1.2717005262945182,0.0
213,-1.2221426710593286,1.2087319190425208,0.0
214,-1.6126496967785116,0.9891406124426149,0.0
215,-1.1371051915781736,1.2698375982487653,0.0
216,-1.3790316530163285,1.1249737978846281,0.0
217,-1.196074662391211,1.2227616974202555,0.0
218,-1.691779832591442,0.9644671170565163,0.0
219,-2.0654561250256513,0.9650194686381098,0.0
220,-1.5032023142820565,1.0495953398225215,0.0
221,-1.7039954592826236,1.007249082986804,0.0
222,-1.5070674539118203,1.0460936129349805,0.0
223,-1.3247752794603915,0.9664261357706856,0.0
224,-1.2049539357491619,1.2093430338607067,0.0
225,-1.3374208381586925,1.074341977592185,0.0
226,-1.404263238338805,1.1639390009070074,0.0
227,-1.388168204079295,1.1734299520717866,0.0
228,-1.5973075818620281,0.7746610051546798,0.0
229,-1.2829273667759116,1.0838811756902305,0.0
230,-1.49874909750755,1.0068547334160711,0.0
231,-1.3285799909558786,1.0496190869949837,0.0
232,-1.7934626118192396,0.968018565738814,0.0
233,-1.1735345575283838,1.0911712766344903,0.0
234,-0.7090424959479873,1.3154703592262051,0.0
235,-1.5749640270433505,1.08722949429069,0.0
236,-1.4544565542224261,1.1853482967521423,0.0
237,-1.3061050643711434,1.1735570213858677,0.0
238,-1.4724927436157484,1.0196283537072608,0.0
239,-1.1479542447254008,1.134782570261438,0.0
240,-1.506726931710756,1.221417376331013,0.0
241,-1.4936802355785082,1.1193012836967946,0.0
242,-1.903421163488578,0.9778446057847043,0.0
243,-1.0342599609352872,1.164965886690407,0.0
244,-1.2831446062945968,1.2007913060050186,0.0
245,-1.0789641105105843,1.2994565525277404,0.0
246,-1.5931908897940064,1.0268766411806616,0.0
247,-1.1279423100579888,1.2010360154184128,0.0
248,-1.5642615508889974,1.022583612725314,0.0
249,-1.1844582819587846,1.25325398105174,0.0
250,-1.2119398864686743,1.1903854114424246,0.0
251,-1.3863632763539762,1.2284046054197555,0.0
252,-1.355570269889325,1.1586349664526343,0.0
253,-1.5805348684696678,0.9709355667787085,0.0
254,-2.0338340078580623,0.832184949203642,0.0
255,-1.3978965108602421,1.1671440865899698,0.0
256,-1.3385360405546718,1.230121803168298,0.0
257,-1.429759186038887,1.096483139187468,0.0
258,-1.8909777346342194,0.9507009775768474,0.0
259,-1.5475173968928966,1.0195950620696734,0.0
260,-1.4249048876739991,1.0570554417373088,0.0
261,-1.4636862854736996,1.121907416193865,0.0
262,-1.1126470005555884,1.1560989902244856,0.0
263,-1.7346921819222132,0.9713073029097444,0.0
264,-1.3187786523078924,1.2338928645117782,0.0
265,-1.2082077727544083,1.2473893252256827,0.0
266,-1.188753174664002,1.101925244768335,0.0
267,-1.3808249359728262,1.1907982403647397,0.0
268,-1.6567274373304384,1.0454979234408317,0.0
269,-0.9003898762496821,1.3432405242362888,0.0
270,-2.06107259907975,0.8511952252324936,0.0
271,-2.031485955592435,0.9108937998805408,0.0
272,-1.5276535324696028,0.9839675711223285,0.0
273,-1.679037632588742,1.0780987215612299,0.0
274,-1.4949231623930017,1.2374721186707989,0.0
275,-2.0932582772373958,0.8183079754020421,0.0
276,-1.2581077566509942,1.0500918318026156,0.0
277,-1.5925895424186864,1.0755377005237652,0.0
278,-1.719699797697933,0.9760583360642019,0.0
279,-1.5398384816125716,0.8988759625183763,0.0
280,-1.712285338872261,1.0275947305116124,0.0
281,-1.6843114091898865,1.052852453433419,0.0
282,-1.5451226209568512,0.9602675383706806,0.0
283,-1.6334505675563178,1.1039167180823306,0.0
284,-1.4375150596323545,1.1508474065880003,0.0
285,-1.2126943899923612,1.1526971309775351,0.0
286,-1.43075310378753,1.0867236247252285,0.0
287,-1.7983510096686675,1.1479646842688092,0.0
288,-1.8990646659401178,1.081184565235372,0.0
289,-1.5925214955677172,1.1706805609231472,0.0
290,-1.6980111278202883,0.9565962929842313,0.0
291,-1.9788923485320933,0.9411066205446694,0.0
292,-1.667260566132383,1.082679254426731,0.0
293,-2.006543077865821,0.917179865600355,0.0
294,-1.3142707533628573,1.066977818758746,0.0
295,-1.4211447327466524,1.0834168677245888,0.0
296,-1.0954436106996446,1.246155109632021,0.0
297,-1.4543834211754512,1.0269964253602477,0.0
298,-1.612975160330806,0.99530377181754,0.0
299,-1.310252209470542,0.9764576630804698,0.0
300,-1.286090751004639,1.1723606571835334,0.0
301,-1.567120568804848,1.0877421569982877,0.0
302,-1.9406464444892182,0.8523051200902492,0.0
303,-1.960983800843948,0.9465476556882004,0.0
304,-1.5906142366633036,1.015478034526611,0.0
305,-1.5113940088548137,1.0642768602487058,0.0
306,-1.3751023048859756,1.2572027585999472,0.0
307,-1.6061582983920795,1.2202489159048293,0.0
308,-1.943986268804838,0.8457164787146315,0.0
309,-0.866684098691036,1.4640123249156658,0.0
310,-0.8112485753554336,1.2875810828584449,0.0
311,-1.334403599260545,1.0975424194153878,0.0
312,-1.641728361996915,0.9993259569109975,0.0
313,-1.3163024554367118,1.2047815912540696,0.0
314,-1.2571684231254203,1.1311171009558774,0.0
315,-1.3661625556880992,1.0722749620369993,0.0
316,-1.35251142585406,1.0744935712174546,0.0
317,-1.1815491730522403,1.2203398303066055,0.0
318,-1.9503593118370273,0.8578609777276125,0.0
319,-1.133713545362126,1.1947445940757353,0.0
320,-2.3484887842102,0.8756503372991371,0.0
321,-1.1530320496609374,1.12256228934896,0.0
322,-1.7111568301500306,1.0425989488016847,0.0
323,-1.726856014184722,1.0561619272325091,0.0
324,-1.4156725288818064,1.177738620360149,0.0
325,-1.0638634725861358,1.2389665066259146,0.0
326,-1.2953712641559354,1.0921586995520434,0.0
327,-1.4805891150163593,1.1255637632397515,0.0
328,-1.9588470129742754,1.020222254455948,0.0
329,-1.0445413522469849,1.221163153649703,0.0
330,-1.4954704088543815,0.9435658178789302,0.0
331,-1.04193278296633,1.247492665644855,0.0
332,-1.4271402017183064,1.0455049755632617,0.0
333,-1.112134698983338,1.1683239261432516,0.0
334,-1.5356763656278174,1.1480953653771424,0.0
335,-1.8465199221249309,1.0300148886067955,0.0
336,-1.8050400548104508,0.9704967856220823,0.0
337,-1.619017996097554,0.9104009250610708,0.0
338,-1.2830406254596465,1.1552459676040547,0.0
339,-1.6623864228290588,1.230716288454427,0.0
340,-1.3685460407452823,1.0980411757087836,0.0
341,-1.3135876422041095,1.104074831799729,0.0
342,-1.2492498098986327,1.1063122977335806,0.0
343,-1.2811555873580713,1.152323593498576,0.0
344,-1.5340498376290699,1.0383608350871047,0.0
345,-1.0931701257111133,1.146358339963795,0.0
346,-1.3682279919493678,1.1032126445170998,0.0
347,-1.7791208266865683,0.8962944909192985,0.0
348,-1.8412273915431907,0.83665767708252,0.0
349,-1.254189203518275,1.0500689527865072,0.0
350,-1.3741816351086913,1.014307529209782,0.0
351,-1.517102626810304,1.0337010201161372,0.0
352,-1.576319826076474,0.9973631502823795,0.01
353,-1.5595461421539878,1.0906742526934599,0.06
354,-1.317704084427297,1.1319083995522135,0.04
355,-1.491103738571725,0.9209344897481825,0.16
356,-1.4201651078824642,0.9756052688289282,0.15
357,-1.304563425704291,0.900260051976201,0.17
358,-1.0397790577764963,1.1470282258081805,0.17
359,-1.1084984239025741,1.0577322170500685,0.13
360,-1.8504291224888316,0.8182936598037783,0.08
361,-0.9301686964802208,1.0619321429119126,0.23
362,-1.7885801818103744,0.8225796489629815,0.12
363,-1.1638391020666359,1.1151371210298664,0.19
364,-1.3496200364045752,0.9997558293310376,0.18
365,-0.6607350014968381,1.0115451637888357,0.19
366,-1.4924911368566902,0.9068198323568761,0.15
367,-1.4321117832746275,0.9475667052925436,0.16
368,-1.5200586515458447,0.7811151590592909,0.13
369,-1.5248089858995357,0.8989451022647895,0.16
370,-1.3079859275606418,0.8826146890043555,0.16
371,-1.25892744835661,0.9743046066691196,0.19
372,-1.7026194310558256,0.8112078455885947,0.13
373,-1.6916035139542194,0.9691684185973428,0.17
374,-1.6531236265507343,0.8691495976024415,0.17
375,-1.2436073035467137,1.0092238257223096,0.16
376,-1.385057887371041,0.8160813287609423,0.14
377,-1.311431448681551,0.9272272732380321,0.19
378,-1.9216635254656182,0.8545518293131232,0.13
379,-1.324156774606966,0.9680729493958357,0.2
380,-1.436388754696929,1.0523441873989867,0.12
381,-1.3281432501485273,0.9026526975030247,0.25
382,-0.876751984890284,1.0070669839622213,0.27
383,-1.3508823330539799,1.0989885349504835,0.18
384,-1.2679259283222764,0.9731355144367878,0.15
385,-0.7526619850308104,1.087937944920262,0.24
386,-1.2266480002685967,0.9092986457909276,0.22
387,-1.7081931998739868,0.9855872006723966,0.15
388,-0.8223212248174789,1.2502331634860098,0.22
389,-1.373698052267718,0.8529732944298317,0.19
390,-1.2120575336721569,1.039034825101654,0.11
391,-1.5241167207188735,0.9324397202399081,0.17
392,-1.4868589069338836,0.9091831922212341,0.24
393,-1.5025028580796025,0.9547626724255095,0.22
394,-1.1398972780186705,0.9831970296413644,0.19
395,-1.3604505124600776,0.867675043857043,0.23
396,-1.7355271190670118,0.899986164166761,0.16
397,-1.2230650870789888,1.1122456680260757,0.13
398,-1.191102454257657,0.9843721405995604,0.16
399,-1.5336005382497648,0.9017943349628927,0.16
400,-1.5601254619717424,0.9692088293536725,0.16
401,-1.3728911642884052,0.7752093285096759,0.23
402,-1.6364874413714015,0.7421229680549278,0.2
403,-1.4567706761450057,0.9509203769001615,0.22
404,-0.961294783278056,0.9999173954651225,0.26
405,-1.5351021606282385,0.8937090058996071,0.15
406,-1.3583675937008888,0.8274151382784836,0.2
407,-1.3637816051648597,0.8345753820798553,0.19
408,-1.5252134657416527,0.9378495473089191,0.2
409,-1.0327740879260958,0.9499920279860692,0.21
410,-1.1760892240731746,0.9391820533336027,0.14
411,-1.3468577379382756,1.0660309484595327,0.08
412,-1.4401813138996582,0.9659459051430183,0.17
413,-1.0983427331602307,0.9351112061756544,0.16
414,-1.4668604087159947,0.8996262479043557,0.17
415,-1.2560139911176205,0.9301663681228459,0.18
416,-1.2419790753815898,0.9613114540590599,0.21
417,-0.6156471378332019,1.2475187565731054,0.26
418,-1.3637884916725653,0.9721491480448645,0.15
419,-0.8897433912024009,1.0693347251014635,0.14
420,-0.8885993858278263,1.0836814266845012,0.19
421,-1.2215227172332506,0.9795664797978975,0.22
422,-1.411862523072356,0.9275384017975834,0.14
423,-0.4607449911162193,1.2494311464659136,0.28
424,-0.9132258957913447,1.0328384266411426,0.14
425,-1.2687286491363918,1.0582013660838432,0.17
426,-1.2341320267845037,0.9799791096617639,0.2
427,-0.9247966322511586,0.9674368431895738,0.25
428,-1.5760049247976011,0.856325115109386,0.26
429,-1.3412620340279298,0.9257207035521782,0.19
430,-1.4583530379815641,0.874681163589811,0.17
431,-1.7040504358555852,0.8568032719550814,0.14
432,-0.6933857275017096,0.9811515932502622,0.24
433,-1.3578885631861883,0.9325922325915532,0.21
434,-1.0593370640134994,0.9928986032025429,0.22
435,-1.5962410388782338,0.7853964120781779,0.13
436,-1.0308926876568558,1.0231918632303607,0.22
437,-1.1790589863097947,0.9355445379214484,0.21
438,-1.1040894731841333,1.0262279969702528,0.23
439,-1.207201634035061,1.033004750148738,0.19
440,-1.3732927583462817,0.9890177763060553,0.19
441,-1.0101044049050942,1.0713155827236844,0.22
442,-0.9354728787907151,0.9046023270929683,0.2
443,-0.9753778463848697,1.0895610574097372,0.22
444,-1.4130180718705372,0.8657289109736552,0.2
445,-1.2571015974369735,0.8935848773136569,0.25
446,-0.5130365512881186,1.0711377372707735,0.37
447,-1.6841480899280483,0.82344167427363,0.21
448,-1.5762187855362664,0.8273868651189084,0.19
449,-1.3577912416681304,0.837893416374569,0.19
450,-1.5166432086438113,0.7704176214531838,0.2
451,-0.8412318327383079,1.0628973281177547,0.26
452,-1.414272798057782,0.7759531133903939,0.25
453,-1.5670961868647715,0.7889588769365511,0.2
454,-1.2463921767913004,0.9585726361508543,0.21
455,-1.061983135693027,0.8058561597010636,0.27
456,-1.462670755740303,0.8701305088741694,0.22
457,-1.3039292276939074,0.8114447630270415,0.25
458,-1.4417065942521718,0.8491873327581856,0.14
459,-1.1992389210665986,0.9393599686010335,0.23
460,-1.2771470393497546,1.080390896088459,0.21
461,-0.5890470550284972,1.1292085184115368,0.21
462,-1.4163474579675985,0.9295880801192014,0.13
463,-1.1621335150743328,0.9351923420930681,0.2
464,-1.2480440398097157,0.8432530097791852,0.18
465,-1.0725869024619066,0.9038444614082758,0.17
466,-1.2235019149200363,0.8728533606498953,0.2
467,-1.1461948763201537,0.8502064022078244,0.24
468,-0.9141343820223217,0.907132127808446,0.26
469,-1.2958920051003662,0.9444935995041223,0.26
470,-1.4283291141676278,0.8811683890940957,0.22
471,-1.4401769226390146,0.8832636992816958,0.24
472,-1.419812707098958,0.7843089698553295,0.23
473,-1.2740352887737303,0.772069712899264,0.16
474,-1.3505986796475338,0.8831516414663553,0.23
475,-0.849230469105522,1.0045484935607112,0.21
476,-0.9877183639855215,1.068467248126111,0.24
477,-1.4813729047829987,0.8041424904009062,0.29
478,-1.2212431254904192,0.9791588945818759,0.23
479,-0.9634695804154798,0.9690451564130091,0.29
480,-1.7261446649624415,0.7333611250219718,0.16
481,-1.3332133867674503,0.7912926992315141,0.25
482,-1.3217826924395828,0.8346107881665084,0.18
483,-1.2931769833587825,0.8251926285186929,0.22
484,-1.5316557539716016,0.9230498242816839,0.23
485,-1.0314055225178962,0.9843603842547058,0.17
486,-1.2154018368138144,0.9043641444555655,0.23
487,-1.3120484428273778,0.8639082736433288,0.25
488,-0.9670383971239853,0.9285940536267016,0.22
489,-1.4339715503407822,0.8611270337359984,0.22
490,-1.0253093834945834,0.8596595703351925,0.24
491,-1.1729207840639508,1.02204344416377,0.22
492,-1.0746205027947022,0.9575809473387816,0.28
493,-1.260525681044681,0.9482072620196675,0.23
494,-1.2205818469042857,0.8660327729505309,0.17
495,-1.3416584655919466,0.8638330458959456,0.22
496,-0.8719123234611402,0.9040828242644829,0.24
497,-1.3467873021182546,0.8370185389616374,0.2
498,-1.6183044263495086,0.8048782887372044,0.17
499,-0.8932017329882715,1.073864992943113,0.22
500,-1.4245785079057143,0.9018542882158179,0.19
501,-1.3535445413503782,0.850600165134156,0.24
502,-1.4319646771766346,0.7884008533807517,0.18
503,-1.21883407668293,0.933955404104887,0.21
504,-1.3525009365882612,0.8449762117858319,0.14
505,-1.283194398556675,1.0577146330943306,0.18
506,-1.3415039225249676,0.8288480587508738,0.24
507,-1.2234880739461138,0.8844611317466874,0.19
508,-1.2381492558573906,1.0906923865981435,0.21
509,-1.0913581209141656,0.9230531110539839,0.24
510,-1.2487885248823345,0.7833874036592787,0.28
511,-1.2056073967566971,0.7581961281038154,0.21
512,-1.2485877234145173,0.7566627724659466,0.21
513,-1.5051185682863804,0.7470604796225909,0.22
514,-0.7557664254945906,1.054582829205965,0.15
515,-0.7828564422612873,1.054028705287596,0.29
516,-1.2808710249824855,0.8685968726406788,0.2
517,-0.896090711524171,0.907816082320564,0.28
518,-1.3255651078975654,0.8186047603344576,0.22
519,-1.3673634651760065,0.8740930742168501,0.15
520,-1.3302985846910098,0.9561284696888142,0.17
521,-1.241541083615198,0.8761446053732321,0.2
522,-0.7185974277727254,1.1792060931326152,0.29
523,-1.4742073292839808,0.8359108203782465,0.2
524,-1.2326366177103323,0.9525632842760345,0.24
525,-1.0990158545844784,0.9073624223111542,0.21
526,-0.8004892475581709,1.0529173477308404,0.25
527,-1.2134474701676095,0.9152842124151236,0.25
528,-1.1435024870109232,0.9184499370515653,0.24
529,-1.3321380284666904,0.9842837632127734,0.2
530,-1.22490806436412,1.005953944071561,0.2
531,-1.304176244414624,0.9002581249311405,0.23
532,-0.7063915382737613,1.0038380998887346,0.28
533,-1.2699217329225236,0.7853488920832647,0.21
534,-1.3051575352854843,1.0068234046784164,0.16
535,-1.547922658655896,0.7965471853459823,0.17
536,-1.3347610287728588,0.8661677089050502,0.19
537,-1.1028146325262171,0.885419516569436,0.2
538,-1.3769015660010029,0.8995751432695098,0.21
539,-1.1067426541850856,0.8876218443767848,0.16
540,-1.4095916735897356,0.882981729461937,0.15
541,-1.188067385295652,0.8800294312005704,0.23
542,-0.7769801379352438,1.0285205733085814,0.27
543,-1.3515682982745778,0.9126033444332373,0.24
544,-1.397419970719848,0.9057807276232174,0.19
545,-1.4414588405192348,0.8419626035110399,0.22
546,-1.3857333946483212,0.8742207273129098,0.23
547,-0.9684379701977355,0.9950183480738997,0.27
548,-1.450101069807833,0.9221871950668973,0.18
549,-1.1431764739589556,0.9965320224399582,0.21
550,-1.7877442513454782,0.9375995188433515,0.22
551,-1.0845420022160313,0.9683819204582876,0.2
552,-1.370554872554042,0.8858267352363608,0.21
553,-0.8794317989310919,0.9518090871695906,0.25
554,-1.6944362897009717,0.7160155264544737,0.19
555,-1.290486655862651,0.9040028335480117,0.22
556,-1.418664226180357,0.7121523858331638,0.18
557,-0.7144913640155234,1.1850812210871575,0.29
558,-1.2223098988609815,0.8763175400852893,0.19
559,-1.6107393415295435,0.7773710897838002,0.22
560,-2.1363999240995666,0.6864559266568032,0.19
561,-0.8387867181093361,0.9246466215433733,0.23
562,-1.0036324339283886,0.929466167961,0.26
563,-0.8822683838666113,0.990058018209733,0.23
564,-1.6444868111509154,0.8968458539230675,0.15
565,-1.4421687973659743,0.8948607964102449,0.26
566,-1.4260601147061087,0.7783496228580471,0.25
567,-1.1532064181942434,0.8709586966720502,0.19
568,-1.2753694220567848,0.7894066388105521,0.19
569,-0.8365384763792026,0.9757263319381384,0.29
570,-1.5632855881674763,0.9373836367416021,0.23
571,-0.5844677062614418,1.0154738266637267,0.26
572,-0.819015575203394,1.0778805725191656,0.24
573,-1.4177702105160879,0.848871573605026,0.24
574,-1.035202824460676,0.9543986156315531,0.18
575,-1.2559071664540808,0.816461966187021,0.22
576,-1.1403406515659495,0.8616739156077269,0.24
577,-1.0603734283766588,0.9858609281080032,0.27
578,-1.284681318932341,0.8050277458817674,0.23
579,-1.3735376703052875,0.9135115991373991,0.18
580,-1.5487394659908995,0.930648897796012,0.19
581,-1.1842548235414783,0.9089755196233889,0.26
582,-1.237174412878935,0.8149629568026175,0.17
583,-1.346504964325556,0.9873759801406317,0.26
584,-1.1110443818688576,0.9270434740975468,0.22
585,-0.8292371872028584,0.9255235657473193,0.27
586,-1.3085558542616453,0.9459586218473853,0.28
587,-0.8306938501898479,1.0356434318653078,0.25
588,-1.4320100437230316,0.8034504974629101,0.18
589,-1.206045980947311,0.6998113482146404,0.28
590,-1.3303667259089107,0.8437080685752463,0.2
591,-1.4592910212461323,0.7922248655237791,0.2
592,-1.5714668178008748,0.9209989120058283,0.26
593,-1.182194597353615,0.8712773938573477,0.22
594,-1.4114893318587074,0.9352267138699285,0.17
595,-1.3235618790816988,0.8356135632713958,0.21
596,-0.9225571464823265,1.0408377067082606,0.27
597,-1.300678793458774,0.9074135643725465,0.19
598,-1.1425877219906666,0.8882974559007323,0.23
599,-1.1813940444562936,0.9359948783787416,0.2
600,-1.1586765328935698,0.9392626187894326,0.16
601,-1.2130994374284,0.7743855113912539,0.17
602,-1.0680216971134384,1.054533241959125,0.28
603,-0.8711045830494974,0.9197682169434549,0.27
604,-0.9626017348452934,1.1282204578157615,0.25
605,-1.0743933103650574,0.9084414324129979,0.2
606,-0.9993561500725052,0.883936881319296,0.26
607,-1.6697712647947107,0.8392796887640597,0.15
608,-1.3357467717992113,0.895029519291513,0.27
609,-0.6449349724106775,0.9328220477178035,0.27
610,-1.1711513247711443,0.8915602917883938,0.2
611,-1.1834631453384268,0.9013459474717199,0.22
612,-1.3021097169091698,0.8297329089585415,0.23
613,-1.2081027129733355,0.8967908941105505,0.18
614,-0.9538300713428985,0.9275309487079553,0.3
615,-1.0559020451531687,0.9209838206216463,0.19
616,-1.4780359656692539,0.9541050439711632,0.27
617,-0.9357734000434067,0.9729473275941619,0.21
618,-1.423475165371473,0.8628734515425225,0.25
619,-1.3328225021859241,0.8918486915501503,0.24
620,-1.3685747087995015,0.8621841344645492,0.14
621,-1.191609667194774,0.9894835055486927,0.24
622,-0.9152666726584989,0.8633892317159275,0.26
623,-1.4470308043021134,0.7902257746660348,0.18
624,-0.7025673578114313,1.041543981893046,0.21
625,-1.2223708651036926,0.9287180454510068,0.21
626,-1.0472850950457875,1.0239229255385363,0.2
627,-0.6392060299021098,1.0822886793873863,0.19
628,-1.0814006045826707,0.9201057223595208,0.2
629,-0.8556443746271153,1.0118269059288174,0.28
630,-1.6531902413392503,0.8815267486449931,0.21
631,-1.0331367784635983,0.8433411480329973,0.26
632,-1.328018181239853,0.8268736622492748,0.23
633,-1.8606566560145827,0.8244143979781845,0.19
634,-1.3156745209082796,0.8408264153972814,0.2
635,-1.2547312220058213,0.882806147585267,0.22
636,-1.0906964118310694,1.006497327185346,0.24
637,-1.334196030741234,0.8434291791172949,0.25
638,-1.5947945704631123,0.7879493369648233,0.19
639,-1.3336348882238445,0.8995915232322605,0.17
640,-1.595464796938993,0.7771473754143524,0.17
641,-1.5302656898686176,0.7267746343237779,0.19
642,-1.891167844434982,0.6269079447226317,0.14
643,-1.0417243114877028,0.87257752882498,0.26
644,-1.3209705649543455,0.8391118915416282,0.21
645,-1.6756527331030258,0.8204927284334416,0.18
646,-1.2992596004625154,0.8742975580988999,0.32
647,-1.271185707361417,0.857577752303448,0.18
648,-1.4153688150679267,0.8376813039625727,0.19
649,-1.1360461932339794,0.8134698210639643,0.24
650,-1.3465295153636194,0.9038390974416614,0.25
651,-0.9660493789623678,1.0737613876225225,0.26
652,-1.0742980856171849,0.936708850504871,0.3
653,-1.0157802332142662,0.9018637058383331,0.24
654,-1.3427496040581164,0.899251567228935,0.23
655,-1.4094073558703912,0.8050798203585231,0.2
656,-1.9328271895922384,0.8226055305570038,0.23
657,-1.1955603863819058,0.8616647418955938,0.23
658,-1.2620874076068462,0.7918875685485852,0.18
659,-1.106396636310691,0.9416542975645739,0.29
660,-1.2240141700123592,0.827452919200778,0.27
661,-0.5790744869419665,0.9938284743170605,0.3
662,-0.810413944549579,1.0968255038707158,0.26
663,-1.2102464849683492,0.8590479448353472,0.19
664,-1.3897513645031787,0.9022842033791162,0.23
665,-1.4611614341132835,0.7679682133078432,0.25
666,-1.6068556820982642,0.8499445502871441,0.18
667,-1.3088925416881636,0.7671293202279618,0.21
668,-1.2375888248979705,0.8584364649823217,0.23
669,-1.4200736765135196,0.8242660170176681,0.27
670,-1.2614910100229333,0.8803447325434771,0.22
671,-1.0755056636383822,1.020590350413128,0.26
672,-1.3343801483603257,0.7791490562128394,0.27
673,-0.996908836371048,0.9111497250635808,0.28
674,-1.211636675531292,0.8516957695550157,0.21
675,-1.4550312813012827,0.8837851252241572,0.17
676,-0.8486894357114947,0.9736513086990606,0.28
677,-1.1094881460392843,1.0387670544674696,0.27
678,-1.2263121953717673,0.8176406390369984,0.23
679,-1.4709892136530387,0.8599164596110492,0.17
680,-1.5344600198023597,0.8127764755570422,0.25
681,-1.7288249667648017,0.7914683204128409,0.23
682,-1.5694261200610253,0.8502120051533977,0.21
683,-1.4029506183155247,0.9833528961825047,0.22
684,-1.0725320254845112,0.9062802796064627,0.2
685,-1.206825977494832,1.1265508533430846,0.26
686,-1.2738719794959226,1.0597548609410077,0.19
687,-1.3063666435015862,0.8449305490378833,0.27
688,-0.9690455299515484,0.8144448712448158,0.21
689,-1.2669555794812555,0.746268732153379,0.16
690,-1.3536582146839007,0.8329235325620384,0.21
691,-1.4243070547618342,0.845557711560511,0.21
692,-1.0966058942408408,0.9210047984705482,0.28
693,-1.198032271094106,0.9206141549511124,0.25
694,-1.0758624114185902,0.8761693321379979,0.22
695,-1.0608201876037344,0.8549367170210802,0.29
696,-1.1526328606912528,0.8047971621870594,0.2
697,-1.1835765592707244,0.9402243854646113,0.22
698,-1.1425355464108036,0.9148010978375966,0.23
699,-1.2177570210400877,1.0438586097441516,0.27
700,-1.1973140515194562,0.9073325571840811,0.23
701,-1.256632268587405,0.8968270238340564,0.2
702,-0.9763958253179168,0.8858180575604736,0.25
703,-0.9767177616190537,0.8535378234071593,0.23
704,-1.3703300151403082,0.9198110415853822,0.2
705,-1.3197875422419427,0.9432854447060828,0.22
706,-1.7585137676611293,0.7522395157086815,0.18
707,-1.2244281952186795,0.9341572460632842,0.26
708,-1.5012455192346394,0.76654591025258,0.23
709,-1.2946484761063062,0.7392478717418882,0.2
710,-1.045700579390828,0.8518856559348851,0.22
711,-1.5355230436226333,0.6981759345856802,0.21
712,-1.0629573631261595,0.9222430285739257,0.23
713,-0.8493830641847968,1.0085092156075413,0.27
714,-1.1869650660222595,0.9424955030981649,0.18
715,-1.004692436676394,0.8851179485421835,0.28
716,-1.1354386292472731,0.8428866294549671,0.25
717,-1.1743800923318988,0.945056871336944,0.21
718,-1.288317176247979,0.8867546543723551,0.25
719,-1.0788952572734094,0.853297301683622,0.29
720,-1.4767364686634168,0.7107299458223835,0.24
721,-0.8939156568248908,0.9843363504413827,0.25
722,-1.543587692415973,0.67315322387816,0.21
723,-1.347883552151054,0.8489323539269479,0.25
724,-1.2848790714337293,0.8131919795757782,0.18
725,-1.3296717762346126,0.8724959112287979,0.22
726,-0.7674654871554664,0.8954133196366137,0.17
727,-0.8737290948919508,1.0476322748976974,0.26
728,-1.487185639012995,0.8861922184814953,0.17
729,-0.916529390530089,0.9664664912658613,0.25
730,-1.540538198479671,0.8276295013698968,0.19
731,-1.3324855141158567,0.9142260149520669,0.22
732,-1.3245483798342237,0.9136132407914961,0.24
733,-1.8353269736240343,0.77268972962736,0.24
734,-1.7094579936196885,0.7429679640369428,0.18
735,-1.1394241640487344,0.950147871323557,0.25
736,-1.3829688961974023,0.6890960352514629,0.27
737,-1.4929516664517481,0.7536466929688155,0.13
738,-1.2354641644022057,1.0051275011706617,0.21
739,-1.3543291041614833,0.9139915886707286,0.27
740,-0.9383977324732085,0.9978495871676738,0.24
741,-1.5693828720100171,0.8970467301710392,0.17
742,-1.0405802577064027,0.9011818531441375,0.23
743,-1.2192416959278725,0.8938604368111781,0.19
744,-1.486720746113002,0.845271008139964,0.25
745,-0.8869954686573513,1.0576133129783072,0.25
746,-1.4141861715148656,0.9079236648462661,0.23
747,-1.0842575624922315,0.9823833601686417,0.18
748,-1.393881966078791,0.9054092731538337,0.28
749,-1.4868955515166657,0.7531274831680651,0.21
750,-1.3144887946764796,0.880346219048639,0.21
751,-1.402374311388744,0.8305918353844086,0.32
752,-1.144506858016046,0.9592390651402877,0.22
753,-1.382503207656165,0.7619200437024074,0.27
754,-1.2376863872350499,0.9882371354723292,0.24
755,-0.8058620675704433,0.9763005710267657,0.24
756,-0.749895210687118,1.1283418265262528,0.27
757,-1.152443407682653,0.8441898276300834,0.26
758,-1.8128241834889567,0.8084072256539132,0.21
759,-1.4960093985081955,0.8371251232519288,0.16
760,-1.0977425354047194,1.0239097460508229,0.29
761,-1.314106105632155,0.8823261880178193,0.23
762,-1.2175633148384417,0.9912469352858774,0.27
763,-1.546933083886361,0.8192035037357672,0.2
764,-0.9486693135686302,0.9375288276870961,0.22
765,-1.5540240978826474,0.807788914665901,0.22
766,-1.271271609331645,0.9304888599269893,0.24
767,-1.2347502618742192,0.9066531835696319,0.13
768,-1.0733120760572277,0.892900625581686,0.28
769,-1.1969607701295297,0.9877147513996773,0.21
770,-1.2796939153267712,0.8904172915789436,0.15
771,-0.723187068415413,0.8715316603086783,0.29
772,-1.577523491312796,0.8663676610670714,0.19
773,-1.3301298762255742,0.9125750298911318,0.16
774,-1.5352244316900536,0.700418741365491,0.21
775,-1.2755926589312536,0.8987102675484213,0.25
776,-1.3561220171344295,0.7552668133449767,0.21
777,-1.2330971742362995,0.9156343940339333,0.2
778,-1.25450112091782,1.016280150742986,0.21
779,-1.5582591135849533,0.8115737525194955,0.19
780,-1.1846754255292995,0.8828891397915183,0.21
781,-1.0071169687487675,1.0269720671478073,0.2
782,-1.078355481553931,1.0112028286060228,0.27
783,-1.1675834131415508,0.8814480079693132,0.21
784,-1.1314136653188236,0.9163003335811765,0.21
785,-1.8407150142533089,0.7968403445626895,0.19
786,-1.1056086091513768,0.8979554530188432,0.28
787,-0.9357164288592789,0.9512562167467722,0.24
788,-1.6796159199374623,0.780052842616535,0.15
789,-0.882306698591011,0.9832939945360815,0.29
790,-1.2047457882665398,0.8946948033777854,0.19
791,-1.3684303745197561,0.8433781536014513,0.17
792,-0.8084774166365121,0.9567729208317272,0.34
793,-0.9405607642043293,0.938726750695873,0.24
794,-1.880302222412163,0.7391225298942246,0.16
795,-0.9905321252126619,1.0206121334744647,0.3
796,-1.2831158020605822,0.7631661939243378,0.2
797,-1.0013155632832578,0.8981121647853678,0.27
798,-1.6986718111337975,0.8764540600597224,0.2
799,-1.1730695380387597,0.8785588094830621,0.26
800,-1.0553626369523046,0.9092002686800398,0.26
801,-1.3403350904105087,0.8344172213135121,0.24
802,-1.9253120986162253,0.7410109985541143,0.25
803,-1.1799786569929722,0.864663920151804,0.23
804,-1.3516812147659487,0.8573773432292058,0.24
805,-1.1224084384723871,0.8729706178065616,0.26
806,-0.7647854691483991,0.9307276770797693,0.25
807,-1.1854106273669291,0.9614805950657693,0.19
808,-1.3224987527201677,0.7045822979830345,0.29
809,-0.938604272057099,0.9303733488815912,0.23
810,-1.38521599963194,0.8587837084664888,0.18
811,-1.3160203579365082,0.9621501256336279,0.23
812,-1.4531027258431686,0.816553366488734,0.2
813,-0.9704503831498681,0.9473942717381266,0.26
814,-0.9737278545218928,1.052285357523293,0.23
815,-0.9808692017411969,0.905315401250715,0.3
816,-1.1713908728322011,0.8612801560417287,0.26
817,-1.0348757835103732,1.031316648083605,0.28
818,-1.6458942050495207,0.8059970330328952,0.25
819,-1.3638264324368685,0.9303907392130262,0.19
820,-1.633948912709498,0.80192636327862,0.23
821,-1.0155054209782817,0.7969141548480677,0.26
822,-0.880039681636295,0.9389396011469369,0.26
823,-1.1085051870442817,1.0240239600267826,0.29
824,-1.1579220220842301,0.8046479152645322,0.21
825,-1.190725282460436,0.918728305999843,0.22
826,-0.817123505910457,1.0872126499477253,0.23
827,-0.5515330220725532,1.144688771356235,0.33
828,-1.1117833953670004,1.0256619728635912,0.31
829,-1.0969462879458969,0.9080610982832081,0.28
830,-1.2577634776140492,0.8979539276398938,0.23
831,-0.8842813966421699,1.0210501639875806,0.26
832,-1.5209999817672972,0.868340034444061,0.17
833,-0.8420278390682178,0.9841160135878688,0.24
834,-1.201454035175406,1.0043979807290047,0.21
835,-0.9153661871270669,0.9960813108724893,0.26
836,-1.1873127690407483,0.9695764229307868,0.23
837,-1.4572356147547456,0.878203884287051,0.22
838,-1.2786872797662703,0.77303889790431,0.24
839,-1.3390768436925484,0.9026949158210393,0.23
840,-1.242357108999542,0.8633375105043269,0.25
841,-1.2100767344290277,0.9398820866927583,0.22
842,-1.136977287505726,0.9467740485729066,0.25
843,-1.0599205912558034,0.9068695611307673,0.22
844,-1.3302919833962132,0.7802881701348773,0.23
845,-1.9511430128555378,0.7933128493639271,0.19
846,-0.8504300873326142,0.9259078079638424,0.25
847,-1.4317371222669857,0.8474257887074268,0.15
848,-1.1559309422193402,0.9841870153615776,0.19
849,-0.9504959266482182,1.0773526777247746,0.26
850,-1.3898314417793178,0.8850693721944086,0.21
851,-0.8593605248721182,0.9408780855660747,0.25
852,-1.0389009627800332,1.014204640933971,0.28
853,-1.345490122792783,0.7980967864156479,0.2
854,-1.3194333775328682,0.7619193708953429,0.23
855,-1.1877824751612582,0.9462510137085997,0.17
856,-0.9820804109087276,0.9997985613014784,0.21
857,-0.9181408405932414,0.9171866144625205,0.29
858,-1.2090029953490633,0.8878077020600845,0.31
859,-1.3197535967181733,0.7558207712971591,0.21
860,-1.4913677830912433,0.7968959947321137,0.22
861,-1.0904051826357308,0.7766351140810669,0.23
862,-1.1757345072295216,0.969207261615603,0.25
863,-0.9945549090746073,0.9091917109981987,0.27
864,-1.0143992868695346,0.9683753688806273,0.22
865,-1.272951708958528,0.9789147313098054,0.18
866,-1.1523527316960787,0.8311258099269233,0.22
867,-1.2252881120986665,0.8625780375648304,0.16
868,-0.978310335133845,0.9499177552253328,0.27
869,-1.0355361729778882,0.9664714309405646,0.23
870,-1.2920102825378441,0.7952283128066534,0.26
871,-1.2443187440571117,0.8687262318827439,0.24
872,-1.4317366238684628,0.947545822489668,0.2
873,-1.4930306388837797,0.9364026926227486,0.24
874,-1.517380418435187,0.7820481663781753,0.19
875,-1.3830891566550918,0.8007182538099807,0.15
876,-0.6085998525557749,1.0498058867148636,0.31
877,-1.092343690356178,0.842006426098857,0.24
878,-1.1050769560257963,0.8218543374402831,0.26
879,-1.1472116106750543,0.9634966707939389,0.21
880,-1.468772775556475,0.8091590099594521,0.2
881,-0.8630148679077613,0.8856870599669832,0.31
882,-1.2891162496434592,0.8236218467661689,0.25
883,-1.2444576727841716,0.8701415881330858,0.24
884,-1.1166179634394968,0.8931440059059623,0.25
885,-1.3828894651875643,0.8275486015771313,0.23
886,-1.0592857664224529,0.9435484442159549,0.19
887,-1.2838892404756514,0.8035425428981235,0.28
888,-1.2762524489812288,0.7428175659944921,0.22
889,-1.306723704280943,0.8167510399187633,0.16
890,-1.1693842032059216,0.9543294227144754,0.22
891,-1.0949788462132104,0.9664686696671884,0.22
892,-1.259278934071329,0.8669669552017943,0.23
893,-1.5414131147831371,0.9365047281569281,0.19
894,-1.2349868022572423,0.9926662269106467,0.23
895,-1.4479945783021813,0.8311601420320391,0.25
896,-1.4209943192905397,0.8229390579816994,0.16
897,-0.7583604830639823,0.9564812016836742,0.24
898,-1.3338872659418772,0.951735594125385,0.21
899,-1.591029633711174,0.7989605193759561,0.21
900,-1.2451582930620313,0.831187972601843,0.21
901,-1.4905148851043588,0.746793902134107,0.23
902,-1.334725797569889,0.7992229339845219,0.21
903,-1.1177129439088893,0.9522780651457482,0.29
904,-1.4352530283968323,0.9218223216173156,0.22
905,-0.9050930226099542,1.0081538641214691,0.23
906,-1.1696564555623232,0.9485701574516661,0.25
907,-1.3348578612700959,0.7425624210930569,0.2
908,-1.3020928661128863,0.8915745071821938,0.23
909,-1.1268201326811962,0.9128880816363855,0.18
910,-1.4618499917949606,0.9599868075858293,0.25
911,-1.2955230890187095,0.7581418487636765,0.18
912,-0.7413668799715429,1.0411789099417568,0.33
913,-1.2211726493417632,0.907891421610226,0.21
914,-1.5418734563091925,0.7208995719622774,0.2
915,-1.4511724469649026,0.7000307433777134,0.19
916,-1.5414298127757708,0.79962699183984,0.24
917,-0.9276973750581762,0.932414595252145,0.21
918,-1.142873514726963,0.8363600365531545,0.19
919,-1.9135273494649434,0.7271463744450608,0.18
920,-0.5417705029502216,1.1658692724313706,0.28
921,-0.7945521915080019,0.9775764435720052,0.27
922,-1.0604464048706375,0.929611819981771,0.23
923,-0.9831412235292509,0.9921664337490012,0.2
924,-1.1711666068674338,0.9064193824227871,0.27
925,-0.6358963390933612,1.015019503439727,0.29
926,-1.2587427556948256,0.9247062951064348,0.2
927,-0.49588105143192784,1.0983505461240202,0.25
928,-1.284683248814847,0.9269119392600652,0.2
929,-1.278519992194715,0.8418520591525882,0.22
930,-1.0499457730398598,0.9744534505113971,0.27
931,-1.2019942975693356,0.9490480524550321,0.26
932,-0.4326657474339767,1.1358682908727693,0.32
933,-0.975694730884789,0.874685040897939,0.25
934,-1.3047112759169164,0.8956399303236963,0.21
935,-1.4874179904855913,0.7599493084717288,0.19
936,-1.5701613758894388,0.855214418698069,0.2
937,-1.1963424925942039,0.8775767659468753,0.23
938,-1.149865979479259,0.8580058141218094,0.28
939,-1.315245855331423,0.8274406569529574,0.2
940,-1.1065231693570061,0.9429985951035146,0.25
941,-0.909512188409926,1.017167674149679,0.26
942,-1.3550794768979526,0.8072825645585808,0.18
943,-1.0695974690736714,0.9916248531408742,0.28
944,-0.7387461806209689,0.9285638630471028,0.25
945,-0.9544372720247811,0.8988902365320415,0.3
946,-0.5368971598439246,1.142718832397631,0.28
947,-1.2906860031040934,0.8813545581063268,0.26
948,-1.4453836141408902,0.8681676345514278,0.21
949,-0.9516871698211341,0.9811534116264055,0.24
950,-1.7400759628415587,0.7486669113515424,0.18
951,-1.0641322491508434,0.8322929962425775,0.23
952,-1.320246253522473,0.8593901522015288,0.22
953,-1.282598451694689,0.9276667225047208,0.21
954,-1.1360511597381546,0.8711217076276402,0.23
955,-1.6997397211058927,0.8137064904999146,0.23
956,-1.216838862339674,0.8502903982796641,0.19
957,-1.2651540706587192,0.7432191587548127,0.2
958,-1.1558842977854216,0.8500491184162133,0.23
959,-0.91771992949164,1.0015789673513844,0.24
960,-1.0954524044560146,0.7443064007253303,0.27
961,-1.0453047498624115,0.947693572462366,0.26
962,-1.514045758469974,0.8118585019846423,0.18
963,-1.2613103611068615,0.9174619072715785,0.23
964,-1.3182401371733943,0.8420189593938975,0.26
965,-0.9941543400790849,0.9186876046195295,0.25
966,-1.0575594878747048,0.9802091550624332,0.16
967,-1.129911705691903,1.0649453437956304,0.26
968,-1.3783336990137327,0.9366821504797187,0.28
969,-1.168286410408671,0.9047302461807676,0.21
970,-0.8799993514080701,1.0341861642010848,0.24
971,-1.292427013401691,0.9227749752126612,0.18
972,-0.791159400188263,0.9653114786673415,0.23
973,-1.3650806657775323,0.8932271907153715,0.26
974,-1.1624755607826087,0.87333934680487,0.24
975,-1.3187666892796595,0.8797090085132261,0.25
976,-1.780872700779488,0.6689076090073398,0.21
977,-1.1257395452826753,0.8647399438292771,0.25
978,-0.9385681068480127,0.9925988083888897,0.24
979,-1.1457355711658195,0.9234235470878809,0.2
980,-1.3164459673602358,0.8871264744060791,0.27
981,-0.7399441647276147,1.0835392220297952,0.26
982,-1.0848285610448245,0.8873662678075642,0.19
983,-1.3574130454415774,0.9180110431813349,0.18
984,-1.2809788315726018,0.8499002976789783,0.26
985,-0.9694901602280543,0.9164957105465146,0.29
986,-0.9991511369285633,0.9075569234863697,0.3
987,-1.0443730526950994,0.8801114909219041,0.29
988,-1.547417810654555,0.776935570459655,0.21
989,-0.8965480394882729,0.9329762160247667,0.27
990,-0.9782806616192992,1.0420700455664296,0.3
991,-1.3642533126522645,0.9020136984528537,0.22
992,-1.164594707639735,0.9313843509815196,0.26
993,-1.1263434999702506,0.9266987408857154,0.23
994,-1.43940242289686,0.8614434626883825,0.32
995,-1.4193023168449088,0.9035516078118451,0.24
996,-1.078917294051908,0.906462808946051,0.23
997,-1.152809162519614,0.8579447608075715,0.21
998,-1.2214279811607027,0.813686130213839,0.29
999,-1.0492870994078252,0.9105588810314942,0.21
1000,-1.6655547640288433,0.7491855450445047,0.17
1001,-0.6980412608071463,0.9671895615822086,0.21
1002,-1.496544488344518,0.6662614633890576,0.19
1003,-1.29030081110012,0.9159643392961503,0.23
1004,-0.6518908202651654,1.027275418818603,0.37
1005,-0.9779022911741516,1.012764005398867,0.29
1006,-0.6572730444249945,0.9611879322223449,0.29
1007,-1.568337334792907,0.6267823864151357,0.16
1008,-0.8971678102908033,0.9768904408599915,0.26
1009,-1.1270523591166663,1.0486606151475062,0.22
1010,-1.0398959781271062,0.8879992783599856,0.29
1011,-1.4756711291798583,0.9534379745782183,0.24
1012,-0.9604268473815609,0.9090975851011933,0.23
1013,-0.722334475406962,0.9649925435843458,0.29
1014,-1.6990264101916528,0.705333915364741,0.24
1015,-1.6491696594772407,0.863956124258574,0.19
1016,-1.5467298889416776,0.8361619915204835,0.23
1017,-0.9394587183707482,0.9394116605347326,0.22
1018,-1.1920742515894878,0.9100699814783104,0.2
1019,-1.4018398277462034,0.7041989785596062,0.25
1020,-1.2701712517763317,0.8274489943477137,0.23
1021,-0.9198139334549299,1.1053515953316815,0.28
1022,-0.6714091341254701,0.9071330059304691,0.29
1023,-0.970439631526911,0.9241688103728058,0.25
1024,-0.9120503443870196,0.9908064587761303,0.24
1025,-0.7555323392069764,1.096899235397052,0.22
1026,-1.168403834040455,0.800932017552756,0.26
1027,-1.3465330751298696,0.8045474439530854,0.21
1028,-0.648994053017818,1.1215872789925951,0.29
1029,-1.177329414939862,0.8191054250692956,0.24
1030,-1.5440628017997142,0.8788387619960345,0.21
1031,-1.3604348976827023,0.8568441248522802,0.23
1032,-0.9772447340088936,1.0126987500208642,0.29
1033,-0.9510118945723207,1.0091127455104294,0.27
1034,-0.8050460431968592,0.9141890322584697,0.27
1035,-1.2836140711283057,0.9147606474418437,0.17
1036,-0.9430968333697877,1.0249256270158988,0.22
1037,-1.181332946353419,0.8208849358716573,0.2
1038,-0.9459315990573066,1.0744823626062903,0.27
1039,-1.4393804025815868,0.8767699372094758,0.19
1040,-1.3355459300895618,0.8232930191570482,0.18
1041,-1.1722291170424817,0.8301104627396668,0.2
1042,-1.1263504837794376,0.9494283177183829,0.2
1043,-1.1398293544380436,0.9249962878279877,0.31
1044,-1.1844036920193324,0.9197646060877606,0.17
1045,-1.2055085674400192,0.8249038217956338,0.21
1046,-1.2694285213814265,0.88810335972443,0.18
1047,-1.37900562018227,0.917005581414016,0.3
1048,-1.0054204026117204,1.0970347595795895,0.26
1049,-1.5715346803150314,0.8163318518303704,0.2
1050,-1.137413153087119,0.873185729351694,0.24
1051,-1.163802676991395,0.873215680632226,0.15
1052,-1.0774470669590472,1.0360144554147874,0.34
1053,-1.3310325203920377,0.8432631526839885,0.27
1054,-1.3095308938814179,0.8052556559225523,0.23
1055,-0.9668861469773321,1.031773882113867,0.26
1056,-1.2367434519968556,0.8428666754965279,0.21
1057,-1.5199586072837465,0.8798857303751535,0.21
1058,-0.6654819956918466,1.0399444315730206,0.23
1059,-1.3475976417790785,0.917427173644016,0.25
1060,-0.9451731190288258,0.9426581923881205,0.22
1061,-1.131865994576645,0.9618493421932119,0.24
1062,-0.8895813467294543,0.9924649548227851,0.3
1063,-1.0633340986220206,0.8812797832268854,0.23
1064,-1.4297920163629139,0.8569034809586341,0.22
1065,-1.2364953965831855,0.9406030983649023,0.25
1066,-1.3640490946546806,0.8825110647146256,0.21
1067,-1.0871786370564742,0.9843307161635644,0.32
1068,-1.2443375490044553,0.826307436304308,0.2
1069,-1.1489081336889473,0.8981367480132958,0.2
1070,-1.478477605809919,0.8723701063947934,0.23
1071,-1.24094607116397,1.0032524653446722,0.24
1072,-1.2883829724918132,0.8430190968852006,0.25
1073,-1.0375269126386746,0.9522601902079189,0.24
1074,-1.7460909389611277,0.7475461358614797,0.22
1075,-1.207923799891905,0.8321052373958823,0.26
1076,-1.2127369343497265,0.7492736376973042,0.25
1077,-1.5138853440506903,0.8022509109901699,0.16
1078,-1.194699049590573,0.9069139819373541,0.18
1079,-0.9156179801735536,0.9455751126457917,0.26
1080,-1.331401340548468,0.7822860649313003,0.22
1081,-1.6043216411459238,0.7711241127546683,0.22
1082,-1.3323553638325085,0.8401098175933412,0.21
1083,-0.855215868207423,1.0335352157251996,0.32
1084,-1.415609715897793,0.7817249435233746,0.22
1085,-1.4211782572487177,0.8690936099725534,0.23
1086,-1.1188083051936843,0.9550789715489431,0.24
1087,-1.138916583274477,0.8488760208140447,0.22
1088,-1.3952750991413096,0.9386033704564483,0.26
1089,-1.2710521732621287,0.8900632807253946,0.28
1090,-1.332620522645741,0.7597019461575709,0.23
1091,-1.1370154527640024,0.7447367983753139,0.2
1092,-0.9875573135015138,0.9095978813048637,0.26
1093,-1.6343956589116575,0.711345938393476,0.17
1094,-1.1256379954964413,0.9493225734604155,0.21
1095,-1.4322384236413226,0.8504943077935435,0.22
1096,-1.204038873941716,0.9018902938522628,0.22
1097,-1.114290134127471,0.9805268961117771,0.31
1098,-0.9735401707565086,0.8782416690606553,0.23
1099,-1.5034031194483046,0.8367880827460334,0.16
1100,-1.3969700314850022,0.8286355377961039,0.19
1101,-1.4794605641504839,0.9334239724973874,0.19
1102,-0.6580104239975083,0.9779485510176881,0.31
1103,-0.8982800878091988,1.0473567975926696,0.19
1104,-1.1030394789911742,0.8843998056899569,0.27
1105,-1.0051038651726143,0.8538095043837016,0.25
1106,-1.138629789921315,1.0706955613984155,0.23
1107,-1.053859552547821,0.9341488109132233,0.18
1108,-1.312661220694082,0.7839262947142436,0.18
1109,-1.1633566108286253,0.933164466324801,0.19
1110,-1.1429095851013071,0.7806399931332682,0.21
1111,-0.41482858841144166,1.16606453733755,0.26
1112,-1.0679451843933594,0.8650816926242543,0.2
1113,-1.1585502000394745,0.8913441849821742,0.24
1114,-1.3680234708843741,0.8577618203541374,0.26
1115,-0.7280710453441783,1.1220582670542023,0.32
1116,-1.2423922566981702,0.9375365617645254,0.25
1117,-1.2102910015006685,0.8589792893001307,0.36
1118,-0.7940303200776367,1.0151455419825341,0.31
1119,-1.4292990303261248,0.8951218403576306,0.21
1120,-1.082861324829628,0.794418341131788,0.22
1121,-1.4640314153945997,0.8612231560343809,0.29
1122,-1.0276644674442423,0.9597715946246901,0.24
1123,-1.2306047092796133,0.898826932363975,0.24
1124,-1.0146616722323523,1.0633813180768266,0.23
1125,-1.4913073626387214,0.682289064318661,0.16
1126,-1.0995366152902428,0.8616460694098411,0.23
1127,-1.0372518359888816,0.9040361572616995,0.25
1128,-1.210452575036653,0.9047590978679143,0.22
1129,-0.6687709380451673,1.0961326254177104,0.28
1130,-2.196323657655908,0.7581695360871222,0.16
1131,-1.0360313357674789,0.8444715669870233,0.29
1132,-1.2189934509299376,0.8665593122423821,0.28
1133,-1.2706971708394479,0.7706364245718298,0.16
1134,-0.9798075880318335,0.9874008078176331,0.24
1135,-1.2879346370296096,0.7833539032695188,0.22
1136,-1.5013480255957918,0.8792168738057164,0.21
1137,-0.8701879363993541,1.0402670302112376,0.33
1138,-1.2772188401937732,0.8539419072924843,0.21
1139,-1.55280694362056,0.8282583037269821,0.22
1140,-1.0375056132772322,0.8933032343775005,0.24
1141,-1.0852094498600013,0.9019769970104234,0.28
1142,-1.0973333669795156,0.7932338077550153,0.22
1143,-1.5544403934197581,0.8930741206182765,0.21
1144,-1.6603340592526552,0.6123336367289905,0.18
1145,-1.4441484027428277,0.7374261509200172,0.18
1146,-1.5542948670245271,0.8572458634042767,0.2
1147,-1.5159134521505033,0.762121573222521,0.22
1148,-0.6072794556645347,1.243419869590233,0.23
1149,-1.6021511954123244,0.8754864459535996,0.21
1150,-1.4676570310060615,0.8557593915855379,0.16
1151,-1.3471726786092872,0.8815729229396954,0.21
1152,-1.5723879421266693,0.7786613360089906,0.24
1153,-0.9485072951027557,0.9207433145888712,0.26
1154,-1.3808324521467057,0.8843159016438542,0.13
1155,-1.3219321552223442,0.9617594665610235,0.22
1156,-1.1560241953878978,0.8150896373907434,0.25
1157,-1.3595424342051998,0.8545943467342053,0.21
1158,-1.0796298845671655,0.7413327551128832,0.23
1159,-1.283203696408296,0.6806870363631724,0.21
1160,-1.0328664892524086,0.9840080331355103,0.27
1161,-0.7103097960875934,0.9410531769289726,0.17
1162,-1.1156446020392838,1.0241727075505087,0.28
1163,-1.260636476213609,0.8650897925335004,0.25
1164,-1.4064614153923074,0.8983626371066833,0.26
1165,-1.2886318618040582,0.8634410435615678,0.18
1166,-0.9266588529326502,0.9787480936823685,0.22
1167,-1.637239252029251,0.7359344329540494,0.21
1168,-0.7738131736477953,1.0198814036694166,0.24
1169,-1.1190576441681583,0.9102126818906835,0.28
1170,-1.041014943515283,0.9730804637509918,0.22
1171,-0.835365159427959,0.9633103794240574,0.25
1172,-1.3864291319717088,0.7381133030877106,0.23
1173,-1.116696356810595,0.9233556262713764,0.28
1174,-1.390631970190807,0.8924936593195433,0.17
1175,-1.33282302096969,0.8378816074677622,0.25
1176,-1.4218620358892928,0.9030865493264737,0.18
1177,-1.4694696376620804,0.7533672752252774,0.18
1178,-1.3427020186740026,0.8653016775208073,0.26
1179,-1.105385649707331,0.8918568586010703,0.18
1180,-0.8779731068328316,1.0684890178412774,0.24
1181,-1.5142262728010538,0.8556128909796739,0.26
1182,-1.0636464142922655,0.7892794987724967,0.28
1183,-1.3346512054270607,0.9205266637250427,0.23
1184,-1.6559750442013048,0.7611699582183352,0.21
1185,-1.0630305115589858,1.0568348168008805,0.23
1186,-1.1392654036687284,0.7840664468441715,0.28
1187,-0.9802897413738602,1.0657154644620648,0.2
1188,-1.3007015461704807,0.837693220691029,0.18
1189,-1.3333867001569581,0.9287422835623298,0.22
1190,-0.7395930114681804,0.9663422294791826,0.31
1191,-1.811693617040245,0.8259949487617263,0.15
1192,-1.3439735920460825,0.8053233043782242,0.23
1193,-1.0907281848629244,0.934521115930904,0.24
1194,-0.7440704639860418,0.925161570595375,0.37
1195,-1.3982513265263108,0.9554257211043732,0.26
1196,-1.315185908456614,0.785796983088573,0.23
1197,-1.2806495339540118,0.9287290490083311,0.22
1198,-0.8490853607857499,1.0536385432096762,0.3
1199,-1.054933607150734,0.8103516044258741,0.22
1200,-1.1968917944638755,0.7794551255551683,0.23
1201,-1.196198752625148,0.8693397583440224,0.19
1202,-0.8328943270562962,0.8795728361587,0.24
1203,-0.8626488367441446,1.0672052639328002,0.29
1204,-1.158217440537246,0.7748939380005928,0.21
1205,-0.8365885252999942,0.9656634945248413,0.3
1206,-1.0686622142794555,0.8636675384516147,0.22
1207,-1.2710773254070715,0.8036475234047948,0.21
1208,-1.5405135907570957,0.7361374648818316,0.23
1209,-0.7121402004800563,0.9199488611983385,0.27
1210,-1.2872909414048106,1.0138463012303915,0.29
1211,-0.9334766867142181,1.0377707353621084,0.23
1212,-0.9370160123990172,1.04883394955962,0.22
1213,-0.987743512459923,0.8641885886121642,0.22
1214,-0.9308716071741147,0.9432471567488104,0.32
1215,-1.090173682062307,1.1035236873633623,0.26
1216,-0.8038016942158269,1.0196929429692347,0.26
1217,-0.5697371062565317,1.0519944143403492,0.32
1218,-1.2742036835046582,0.8568606833593012,0.23
1219,-1.0339111253128166,0.9609576879145343,0.2
1220,-1.39620037592376,0.8628851638483032,0.3
1221,-1.4245086088048982,0.853953698323223,0.21
1222,-1.6680769761597514,0.7868740800760291,0.18
1223,-1.402150777517739,0.8451182462064666,0.26
1224,-1.7474163022859122,0.7312175506717351,0.15
1225,-0.699707940628114,0.8874323746449981,0.25
1226,-1.4716827960295495,0.7233640526188782,0.22
1227,-1.0940194978533868,0.9277022744989671,0.29
1228,-1.314567926078351,0.7638959156215904,0.24
1229,-1.507792103817374,0.8163108955376169,0.27
1230,-1.4287691433541636,0.865561418077059,0.25
1231,-1.2088068948365307,0.9718563787735122,0.22
1232,-0.539130943660912,1.0984646436825687,0.33
1233,-1.3021585420672956,0.8439884149442816,0.27
1234,-1.0273942304001162,1.1107514214865954,0.27
1235,-1.7526219624307051,0.6686718491989226,0.17
1236,-0.8058194559716754,0.8445307899157406,0.25
1237,-1.2241194950872887,0.7373608415158125,0.17
1238,-0.8582524954886256,1.017869961284416,0.27
1239,-0.9835329122376767,0.8994948074741145,0.2
1240,-1.1919470444658744,0.8489632621536451,0.23
1241,-1.3736462149629707,0.8339919050537603,0.18
1242,-0.8557516708620854,0.8881163520331122,0.25
1243,-1.4959225233022817,0.6642797192342229,0.21
1244,-1.3181991524648322,0.9568038490497726,0.29
1245,-1.5914229201718757,0.8293126840275119,0.21
1246,-1.0186318174965239,0.9690326681588829,0.24
1247,-0.847791796254148,0.9178991890701188,0.27
1248,-1.5261767497379728,0.8546241448422888,0.21
1249,-1.2800948989640595,0.8248241105089074,0.16
1250,-1.2801806347771145,0.9311263394922398,0.21
1251,-1.0115383164300387,1.0025591732813859,0.24
1252,-1.3410955821514365,0.9366842868586549,0.21
1253,-1.5531754540461078,0.9014154957268855,0.21
1254,-1.1070465114899621,0.8852477996255774,0.19
1255,-1.5194906165561302,0.8367269783555628,0.21
1256,-1.5707583878271254,0.850960870284348,0.21
1257,-1.2932803387143306,0.9769364604284889,0.29
1258,-1.4883374482721168,0.7237710365567058,0.18
1259,-1.0261282609978546,1.0159135077454127,0.18
1260,-1.285740005657128,0.8866463228207049,0.24
1261,-1.1461504310330117,0.9839235950017796,0.24
1262,-0.9055359179677283,0.9601966221857988,0.26
1263,-0.8988056066773638,1.0182122168113228,0.3
1264,-1.5780386713254961,0.8461663685848028,0.21
1265,-0.9524644030603021,0.9075561723086956,0.28
1266,-1.2765686478358382,0.8982897228433554,0.23
1267,-1.2854991757868115,0.8799843538388542,0.2
1268,-0.9688359325333732,0.9445451240097826,0.3
1269,-1.1446344898545293,1.062357461789178,0.21
1270,-1.2537688354923362,0.8586745489115547,0.24
1271,-1.1833944507062066,0.9118346010663761,0.25
1272,-0.7197286288349359,1.0210341376608523,0.28
1273,-1.5817172545410927,0.9151927019045907,0.16
1274,-0.9953152653674493,0.8343724190915747,0.25
1275,-1.3687157237839986,0.8410375877862379,0.27
1276,-1.0214053413677595,0.91310601574997,0.21
1277,-1.6255891874821244,0.9053551369532832,0.21
1278,-0.9218236827018128,0.9147660969663569,0.22
1279,-1.4244501198965809,0.7005971255481965,0.34
1280,-1.7401587480146008,0.8289798316540292,0.18
1281,-0.8291344766623533,0.9988038114382128,0.27
1282,-0.937434637645119,1.022110625193155,0.29
1283,-1.0841038193626038,0.8749841380295595,0.2
1284,-1.0259489883593715,0.9788361903338489,0.24
1285,-0.8377114335907333,0.9564096739917569,0.32
1286,-1.1141697811677072,0.9489930577345044,0.22
1287,-1.0218647080558645,0.8711505214213315,0.24
1288,-1.4113577924139014,0.8730583480226073,0.24
1289,-1.2808711993657556,0.8581664576877941,0.29
1290,-0.8301651999076403,1.1005981613969233,0.23
1291,-1.1508171672883962,0.7949144616052193,0.25
1292,-1.0810626221010282,0.8168708884684408,0.29
1293,-0.9388400292949722,0.849321244170203,0.28
1294,-1.2691864841950136,0.8720029303352165,0.21
1295,-1.376871516690989,1.092574969282832,0.26
1296,-1.0144098745277796,0.9644463454673589,0.24
1297,-0.7003692783904181,1.1006918275463016,0.31
1298,-1.1790069935092085,0.9170818841608308,0.23
1299,-1.137814379881825,0.9833709473523276,0.22
1300,-1.6921991156568028,0.7035519920939385,0.13
1301,-1.5142570141220884,0.764589192295881,0.2
1302,-1.0755759278530979,0.8779026485685597,0.28
1303,-1.5179597127535585,0.7791169566576169,0.17
1304,-1.6006519772109287,0.7459932278883328,0.22
1305,-0.883038784353069,0.9949607786349278,0.26
1306,-1.1881707080479895,0.962710709519763,0.24
1307,-1.244957818500383,0.825070421917139,0.26
1308,-1.4549597666082135,0.8556773408750731,0.19
1309,-1.1574166958667051,0.9669269276764869,0.24
1310,-0.460479454125376,0.9827672767460779,0.3
1311,-1.4144026211331737,0.8806485700969753,0.17
1312,-1.1140116067701873,0.8748650306912021,0.27
1313,-1.7845505174240586,0.8188862407629397,0.19
1314,-1.1138231646802257,0.7883015317137868,0.25
1315,-1.1977840443816294,0.9684221903314516,0.25
1316,-1.0036767219878449,0.9559446766756021,0.25
1317,-1.3822279536323248,0.9001352245035384,0.22
1318,-1.5733530956356236,0.7679226434501936,0.2
1319,-1.1234499940750922,0.8464170952733024,0.2
1320,-1.2691847297562235,0.8766608470448685,0.24
1321,-1.5053285934398486,0.8712536765720128,0.2
1322,-1.2147519400844724,0.8293175524694182,0.24
1323,-0.8206187432640552,1.0568055823727485,0.27
1324,-1.192361493515265,0.9123325656971667,0.29
1325,-1.1333988022180137,0.8408851033380228,0.22
1326,-1.2743642587370405,0.8745802293915774,0.23
1327,-1.451927372453445,0.874998451837581,0.17
1328,-1.2555627314003033,0.8648960049474985,0.19
1329,-1.410485126070239,0.8719273498320493,0.27
1330,-1.4377364591080422,0.9606849970856554,0.21
1331,-1.5782451439259475,0.7509291655967831,0.19
1332,-0.9760914474378373,1.0963874199363859,0.19
1333,-1.2303151592768424,0.8959595131988142,0.17
1334,-1.1612223893348281,0.863178701022153,0.18
1335,-0.9558954533671644,1.01259307270558,0.24
1336,-1.4683318638631064,0.7898925121138531,0.23
1337,-0.5102012935686002,1.0993235734464497,0.24
1338,-1.0850743841319046,0.7838689171711701,0.26
1339,-1.7143509588113373,0.7387494885707866,0.19
1340,-1.3591869229861433,0.8365124440414959,0.28
1341,-1.045274585989655,0.907884453940202,0.2
1342,-0.6213638215369831,1.055945510157487,0.28
1343,-1.6334592148210394,0.8283345024277702,0.18
1344,-1.087346699223602,1.0317789669483495,0.19
1345,-1.0551986699532712,0.8005901458374421,0.28
1346,-1.191605195111839,0.8530090277513277,0.29
1347,-1.7608519087389047,0.8068756815444842,0.19
1348,-1.5513375459477694,0.7111609309314801,0.19
1349,-0.9600401963908741,0.9977824422932667,0.23
1350,-0.96763977670805,0.9533714417411907,0.28
1351,-1.3165104564489996,0.9844754595569206,0.22
1352,-1.2103819154838897,0.9453582799288595,0.22
1353,-0.6840708641106942,0.974360800485681,0.19
1354,-0.9249566467492794,0.9550576392511877,0.27
1355,-1.0306129473339842,0.8556492590531939,0.22
1356,-1.1631353673697786,0.8235889874148321,0.2
1357,-1.2539655449295406,0.93187020748352,0.29
1358,-1.1502855109573245,0.9232012293846552,0.22
1359,-1.2337685541462096,0.7572982034883674,0.17
1360,-1.6911094367080028,0.796812830045022,0.22
1361,-0.8813793281527305,0.9539792800772507,0.2
1362,-1.5444767939709316,0.8514357535280679,0.21
1363,-1.459385575335264,0.7522045971063998,0.25
1364,-1.2330978315436283,0.9429619903113436,0.2
1365,-1.460936176749473,0.8881170841869098,0.18
1366,-0.7559670907714369,1.0593375444667505,0.23
1367,-1.1976965500422536,0.8807508564370825,0.23
1368,-1.3305917552053075,0.963251579826247,0.26
1369,-1.7240906796533062,0.9003564762478997,0.28
1370,-1.1709912510624285,0.8830654041544084,0.22
1371,-1.1452317639115908,0.9966324906507782,0.21
1372,-1.1869700005250585,0.8126392810478832,0.2
1373,-1.2058611665469403,0.918945324330691,0.18
1374,-1.0925929077919563,0.9270469793690175,0.19
1375,-0.8790969915957784,1.02760649564691,0.26
1376,-1.546837068548621,0.874008515167564,0.18
1377,-1.7336627613862468,0.6627675692688304,0.19
1378,-1.5554799385733844,0.7712297987510632,0.18
1379,-1.5012035195306965,0.8549710360671295,0.14
1380,-1.3462416760177445,0.9253391484763638,0.15
1381,-1.1581888125518838,0.9066873174824479,0.27
1382,-1.178869172756582,0.9032289472395278,0.24
1383,-1.7323597549703933,0.8379041790053011,0.24
1384,-1.3317318525199346,0.921910859446464,0.18
1385,-1.141140070549353,0.9576782524906416,0.31
1386,-0.8755749882678685,1.011848735949592,0.28
1387,-0.9434679306604061,1.0069960205530202,0.27
1388,-1.3186994618381704,0.7769255910011788,0.19
1389,-0.999456675355953,0.9058029854358532,0.28
1390,-1.3424522676886304,0.7817703796116571,0.2
1391,-1.5028398090472774,0.7224343905287448,0.19
1392,-0.8082230077083067,1.0130817880337863,0.31
1393,-1.3514682279274783,0.9136795027705544,0.21
1394,-1.499659621144228,0.7965718668997503,0.13
1395,-1.3898648565350087,0.8682803160426136,0.28
1396,-0.9049068965764446,0.9055283303535161,0.22
1397,-0.6045512788795395,0.9302709006505309,0.28
1398,-1.4905647476263488,0.7895498107433602,0.27
1399,-0.8412448520556355,0.9775361998681382,0.2
1400,-1.5915778768711792,0.8460891518893348,0.21
1401,-1.6236367408151464,0.6871286535146716,0.19
1402,-1.6734961119334781,0.7487830959082798,0.13
1403,-1.3550213728844938,0.8578915526691901,0.25
1404,-1.2807070112141463,0.8490738129072465,0.25
1405,-1.114185636460377,0.838658130497627,0.29
1406,-1.222978507915142,0.9151101108529349,0.2
1407,-1.338504541458233,0.9314204649746785,0.23
1408,-1.1745348358182763,0.9453776476968474,0.24
1409,-1.0361203833575012,0.8469127941016332,0.24
1410,-1.3498639337815947,0.7715131954520451,0.24
1411,-1.2418139110537822,0.7862010859092831,0.26
1412,-1.2293857027622093,0.8716009697599317,0.22
1413,-1.2672897237986738,1.0026314938850067,0.22
1414,-1.1349634348893063,0.9109603901524028,0.2
1415,-1.3244099355801304,0.8553189505585763,0.26
1416,-1.6025219692164003,0.845422138533879,0.2
1417,-1.780476526711986,0.7200115756754184,0.18
1418,-0.6862943369752631,0.9088379778912938,0.26
1419,-1.0305266930570234,0.9378041872067109,0.25
1420,-0.9716159038345756,0.8421225316841974,0.25
1421,-0.7769549788652788,0.8949968591304993,0.27
1422,-1.2968335705292333,0.8031461936122188,0.27
1423,-1.4960133903798885,0.8241385947195284,0.23
1424,-1.5601426693881493,0.8271552794844743,0.24
1425,-1.2148491442522773,0.8089836478377237,0.24
1426,-1.0574851950628534,0.9436735033583608,0.26
1427,-1.6681239421042386,0.7378266145891456,0.24
1428,-1.083549167041543,0.8589249617680826,0.23
1429,-1.1696271384989045,0.9555773678689526,0.25
1430,-1.006984744594356,0.9178019476436724,0.21
1431,-1.405298512121344,0.8351760697557981,0.18
1432,-1.2246294929826278,0.7901130907251234,0.19
1433,-1.3299940980704783,1.0127966094888738,0.21
1434,-0.9598411647715963,0.9746123692838665,0.24
1435,-0.8347056800248248,0.9247605145863251,0.28
1436,-1.0820202721194756,0.8646243709956387,0.26
1437,-1.3451111934262636,0.9417902616040492,0.24
1438,-1.667694117217489,0.8109231558943851,0.22
1439,-0.8991679449472457,0.9353206513194051,0.3
1440,-1.085912814984849,0.8196726568727993,0.24
1441,-0.7720986599228138,1.0409335844146754,0.23
1442,-0.7999276654273436,0.9201408385981454,0.22
1443,-0.7957058833063998,0.9707631916754862,0.39
1444,-1.1715877439366111,0.8986828806438907,0.24
1445,-1.7206758610617467,0.6715464262801462,0.22
1446,-1.758718600880534,0.6723294228262812,0.22
1447,-1.3678209580965666,0.857770571350152,0.2
1448,-1.2750203657275747,0.7458196009163278,0.17
1449,-0.9135039838458596,1.0645495021224318,0.18
1450,-1.0485170220218663,0.8971646705200912,0.16
1451,-0.8450818702432389,0.9356398708331213,0.26
1452,-1.352774386150761,0.7883867284045585,0.22
1453,-1.530518920643342,0.8451548344475551,0.09
1454,-0.9454915850229326,0.9657091656122745,0.28
1455,-0.972177040986372,1.0037833005858956,0.24
1456,-0.6115062892666973,0.8423706378449565,0.31
1457,-1.2472592825181241,0.8108830114078157,0.25
1458,-0.6829261904116736,1.0123555211394268,0.33
1459,-1.359087728581872,0.9764086435971666,0.2
1460,-0.8029891489495666,1.0618318085067693,0.24
1461,-1.031001090314132,0.9724457313326718,0.23
1462,-0.76827042339632,0.8891722179262497,0.28
1463,-1.2620821624317606,0.7909946919460964,0.21
1464,-0.9808544833883236,1.0192662088809588,0.26
1465,-0.9020658354811283,1.043324223822145,0.27
1466,-1.6271124093277225,0.7821711686977686,0.18
1467,-0.7473730333611074,1.1835142992289294,0.24
1468,-1.3502308404281356,0.8282631760349072,0.21
1469,-1.32213536992869,0.8348845139416047,0.27
1470,-1.5230409266033749,0.8296601992366035,0.23
1471,-1.6673622100217067,0.7718587343980208,0.23
1472,-1.485035241246032,0.8412838153276705,0.24
1473,-1.1466443652560787,0.8535137553559232,0.22
1474,-1.6214285346352362,0.7852510134985669,0.19
1475,-1.2309543983551519,1.0262069852887579,0.26
1476,-1.2218594577163504,0.9495487035007468,0.21
1477,-1.5136883528053169,0.8994042745635579,0.24
1478,-1.2211655185013741,0.8146542720086906,0.21
1479,-1.1524180558269514,0.9446165897809705,0.19
1480,-1.4256035884213087,0.8525235347566352,0.18
1481,-1.3822411047671141,0.8940756765138431,0.23
1482,-0.9949977462848147,0.9943952840759721,0.27
1483,-1.1057533917259774,0.7961236088619869,0.28
1484,-1.2143373638129444,0.9303579910429762,0.29
1485,-1.0140583206315692,0.8974445410741511,0.19
1486,-1.0983242729423475,0.8722106680012555,0.25
1487,-1.4036104164981325,0.929469187630509,0.31
1488,-1.3440516580625115,0.8015272798514919,0.25
1489,-1.0242431595419101,0.8938286241516465,0.28
1490,-1.452535002540355,0.7873682318151566,0.21
1491,-1.0288949053710956,0.9448469503474933,0.23
1492,-1.2990010992542584,0.811915035658535,0.2
1493,-1.1343022925485549,0.7769367249873723,0.22
1494,-0.9330781886055465,1.0476473363316134,0.27
1495,-0.8252447754218273,0.9987277035438429,0.28
1496,-1.1091626421595002,0.9206380510634702,0.23
1497,-0.9555539196164393,0.9486912219197231,0.21
1498,-1.1543443653510104,0.9200450732199182,0.26
1499,-1.5864601511537242,0.8100561341439164,0.24
1500,-0.9941922921152059,0.8653844928418373,0.22
1501,-1.5953796794293558,0.7627619287551375,0.19
1502,-1.4700751857556293,0.7624887406772244,0.21
1503,-1.654345186294019,0.8416059315279683,0.19
1504,-1.76709025678138,0.8987122044080658,0.23
1505,-1.1749649955139498,0.9802809112347473,0.17
1506,-1.186682690231698,0.9957706640255295,0.25
1507,-0.8201328995560395,0.9498900662429166,0.22
1508,-1.5597106031289285,0.7414012599229083,0.24
1509,-1.0528205645172952,0.8396074510708972,0.24
1510,-0.8291315267198316,1.0807391380787847,0.23
1511,-1.3105597133386664,0.9243286130705564,0.14
1512,-1.348565121156173,0.8703235862174394,0.26
1513,-0.6552307583681537,1.030495886810986,0.29
1514,-1.0181124484103,1.027474466225691,0.25
1515,-1.1330553607515745,0.837607620438301,0.23
1516,-1.084367158390857,0.9707134047004052,0.3
1517,-1.6298899359587709,0.9028220139181315,0.24
1518,-1.159673935557946,0.9610995554500106,0.24
1519,-1.251845171330057,0.9067646784577396,0.23
1520,-1.6917131374011125,0.7063910126497173,0.16
1521,-0.982596875848749,0.9063276944759096,0.28
1522,-1.3007652723902459,0.9168794690619393,0.22
1523,-1.4236484480475398,0.8603561618980378,0.24
1524,-0.9158323567400433,0.8507848135024689,0.24
1525,-1.2054130778157939,0.9836492750941792,0.23
1526,-1.230059477115323,0.9338760319042093,0.25
1527,-1.5865599291951427,0.8363563281287897,0.14
1528,-1.2648120867173644,0.8208321627202554,0.17
1529,-1.3035423135032846,0.7597285409966412,0.17
1530,-1.1127194726349616,1.002461828834723,0.23
1531,-0.8575737514316855,0.9997614583085739,0.31
1532,-1.036653123281551,0.9646380620554689,0.26
1533,-1.3499679201652148,0.8139139597141116,0.17
1534,-0.8470630884331112,0.9648532618128318,0.28
1535,-1.5022554212094854,0.7317775762734784,0.2
1536,-1.1716736621932646,0.8146424185136923,0.2
1537,-1.0692149934780422,0.9558089894596107,0.2
1538,-1.1100706122767479,0.9478283833329919,0.21
1539,-1.1678773985438833,0.9807057519298641,0.21
1540,-0.9137565440409228,0.8764818629876833,0.21
1541,-1.5372473759940923,0.778240081360828,0.2
1542,-1.0726787263385293,0.9772792449266607,0.28
1543,-1.3700717135881197,0.8911820910701675,0.15
1544,-0.9267554522230307,0.875808252487184,0.25
1545,-1.1849785418533798,0.840332074836626,0.28
1546,-0.8490368982913021,0.9176724743297017,0.27
1547,-0.7400744550304793,1.0112733966497685,0.3
1548,-1.126399487550075,0.9006309419311275,0.2
1549,-1.370153189003775,0.8732748149111816,0.19
1550,-1.7145310584849218,0.7015473238186953,0.2
1551,-0.808673342834752,1.1271720740393585,0.31
1552,-1.5451743666975404,0.8659991644290403,0.24
1553,-1.006822419068281,0.9480506246119557,0.22
1554,-0.7583593860176994,1.0245683676044341,0.28
1555,-1.349698434889319,0.8989343500603567,0.23
1556,-1.355944961969471,0.8405761197454378,0.27
1557,-1.1618239506193726,0.8308496046818269,0.29
1558,-0.9314820799940571,0.8525178192794215,0.31
1559,-1.116950630843846,0.9380157327257254,0.22
1560,-1.5009120850525954,0.9001660752030759,0.22
1561,-1.2401791117933023,0.9681952415795243,0.18
1562,-1.1576117113367739,0.8631178908015831,0.29
1563,-1.2378396911473142,0.845925474064284,0.24
1564,-1.136389177556274,0.9033097503023072,0.26
1565,-1.13919554889611,0.9396319120852479,0.22
1566,-1.4024504334530095,0.7282293949756443,0.18
1567,-0.9553485256075538,0.8698792728403268,0.21
1568,-1.2287505424091423,0.8777251557350502,0.18
1569,-1.561695600877807,0.8499772876279025,0.27
1570,-1.2643833271827651,0.9667469379375043,0.22
1571,-1.1120459671365952,0.9152246356762533,0.35
1572,-1.1190133261386739,0.8340706665673191,0.24
1573,-1.17887956942646,1.0238423825105496,0.24
1574,-0.761557738191712,0.9392232741081443,0.32
1575,-0.5760218181176956,0.9361416123772445,0.29
1576,-1.1569007066034467,0.8508551796389753,0.26
1577,-1.1853114965466716,0.8232820773427476,0.25
1578,-1.3838260351093172,0.7789939185022928,0.19
1579,-1.3994071639026617,0.927872183053068,0.2
1580,-1.2662974275454415,0.9115862533425162,0.23
1581,-1.0059732476765202,0.970544660817012,0.29
1582,-0.6132735853154805,1.0362956890725104,0.27
1583,-0.9322894600390609,0.9254207815410088,0.23
1584,-0.46159361023135764,1.0688643468663244,0.33
1585,-1.379638337526768,0.7709695015101866,0.29
1586,-1.1422761173146527,0.883883761038403,0.22
1587,-1.0390417714239168,0.9385082210527937,0.27
1588,-1.4335926057064499,0.8710814040947082,0.28
1589,-1.194098178393632,0.8155234892866018,0.24
1590,-1.4159099178485297,0.826558377168421,0.21
1591,-1.597282850801663,0.854993845816302,0.24
1592,-1.6581822294440207,0.7130802467572821,0.18
1593,-1.1261252863086524,0.8069610354275102,0.25
1594,-1.0494255194547308,0.9359489777073783,0.3
1595,-1.3785434999775037,0.8746391522554856,0.18
1596,-0.966167001018816,0.9657291271156114,0.26
1597,-1.2350482180774847,0.8062310339701818,0.26
1598,-1.0607410047555985,0.7846732875662477,0.29
1599,-1.2489394116824566,0.8003627948310915,0.23
1600,-1.2061376923042328,0.8971053734346913,0.24
1601,-0.822323324599614,0.9703358050351923,0.35
1602,-1.090243685617111,0.7764587183099837,0.23
1603,-1.4457324775848814,0.75815560029546,0.21
1604,-0.9774554133773456,0.986926115036373,0.28
1605,-1.158582794761692,1.013030047761744,0.28
1606,-1.2535319754616336,0.8587670273732962,0.15
1607,-1.288714024740371,0.8705484833540321,0.23
1608,-0.870185200915294,0.9339624690603504,0.28
1609,-1.0619734632831253,0.913347157426113,0.23
1610,-1.1528132485753289,0.9762675330756194,0.24
1611,-0.983400290466102,1.0463063849807437,0.3
1612,-0.6361793282735755,0.9865492159093812,0.31
1613,-1.3867739639738843,0.9077108949119307,0.29
1614,-1.5923222354319082,0.7448586021541869,0.19
1615,-1.4815127302189388,0.8521333070108486,0.23
1616,-1.1338772933228771,0.9311515022784026,0.23
1617,-1.4494905171387393,0.8638828402292995,0.26
1618,-1.1399065717807009,0.8747860481379511,0.26
1619,-1.0971012983414772,0.8550751618636415,0.27
1620,-1.2638045699289442,0.805257799621754,0.25
1621,-1.1346148233975004,0.9195307578975086,0.26
1622,-0.8907211333938883,1.1774819713085678,0.29
1623,-0.9081562180352782,0.9938295641779831,0.27
1624,-1.3105125670443314,0.9391051773271406,0.23
1625,-0.8526192285749912,0.856912058428016,0.31
1626,-1.1123700350693693,0.9351282160108595,0.25
1627,-1.0511057538687316,0.9048010171895186,0.25
1628,-1.3370246860982105,0.8827899066284876,0.2
1629,-1.451579200845532,0.8011653886856054,0.25
1630,-1.3864906765166551,0.8576908700382961,0.27
1631,-1.6440724877173813,0.8477206749075787,0.23
1632,-1.2259183905589752,0.9349186323123047,0.22
1633,-1.0232157805962823,0.8981691996155188,0.26
1634,-1.5295236382310102,0.8204893782248806,0.24
1635,-1.22970599655444,0.8232922546402848,0.24
1636,-1.0784844508503735,0.9054198438053953,0.22
1637,-1.188285781841474,0.8187484400360642,0.23
1638,-1.0940672729819072,0.886667331469236,0.34
1639,-1.0498367493614602,1.0365114872286285,0.22
1640,-1.264111701223679,0.78928468809479,0.22
1641,-0.9574678352531772,1.0134184148732017,0.24
1642,-1.3720422011669766,0.9360850649269468,0.27
1643,-1.1477164929267083,0.9939113698203126,0.24
1644,-1.1908044026099964,0.8680488410232767,0.17
1645,-1.2344893202913179,0.9525006971233154,0.28
1646,-0.8447759231256807,1.1331901679438117,0.27
1647,-1.4624358948780536,0.8008118703023352,0.27
1648,-1.2442724272635328,1.0726817393221166,0.2
1649,-1.1331368179479722,0.8818102171683396,0.2
1650,-1.5952814491097584,0.7994205163779475,0.19
1651,-0.9944014214608798,0.94193557199266,0.25
1652,-0.9363125484807314,0.9803149155648555,0.27
1653,-1.2286874790135358,0.823394570174128,0.31
1654,-1.8285458371887773,0.7563744040306797,0.18
1655,-0.7469544343952391,1.0394560745636197,0.27
1656,-1.0077777004450899,0.9087619510426476,0.2
1657,-0.9042100112272651,1.0114474354343788,0.29
1658,-1.1569122042234805,0.9956491737648524,0.33
1659,-1.0815837100504873,0.9305500081102762,0.28
1660,-1.1719932910295376,0.9239751948872877,0.28
1661,-1.466137666894768,0.875463627427622,0.24
1662,-1.2280600107022364,0.8245029691511891,0.26
1663,-1.238922528297224,0.7655594728074252,0.16
1664,-1.0766345318646307,0.9825404857383441,0.26
1665,-0.7291935277312802,1.0404769870146948,0.25
1666,-0.8312344424900266,0.9392264329641175,0.3
1667,-1.2186214344138353,0.7226599507407007,0.31
1668,-1.488347953539678,0.717851250382852,0.19
1669,-1.2715517667416918,0.8943103471234314,0.27
1670,-1.3806228348857406,0.7540350947937317,0.28
1671,-1.3366946489306089,0.8585631667596694,0.27
1672,-1.2820894559238676,0.8212191575985868,0.21
1673,-1.0702612970327943,0.89021630152777,0.23
1674,-0.9600786246210861,0.9375254360054275,0.23
1675,-1.2569862930259779,0.7364114757200465,0.2
1676,-1.0207040113972319,0.9706923682674196,0.27
1677,-1.2792341570792025,0.8438466417238487,0.21
1678,-1.0860008514576018,0.9811174947844647,0.32
1679,-1.4280967667827107,0.7975252025462047,0.21
1680,-1.1887570182356524,0.8821463803620573,0.26
1681,-1.340411570182696,0.8403206014864567,0.24
1682,-1.3711723451623872,0.8530937397087497,0.21
1683,-1.2238186214862627,0.9011137150587704,0.24
1684,-1.586754382180767,0.8456555275755308,0.19
1685,-1.1981401262948694,0.8425367109191995,0.25
1686,-1.3849171885515326,0.9055433895477998,0.25
1687,-1.4550168513357908,0.8627085890992123,0.23
1688,-1.2260356872373825,0.794484372174135,0.26
1689,-1.0111430178469691,0.997694201246228,0.26
1690,-1.1610077452117284,0.9563173138240394,0.18
1691,-1.5349623715256553,0.7971944990073732,0.21
1692,-1.1682965343720768,0.9605284692770677,0.28
1693,-1.2276100463078539,0.7890660191097031,0.19
1694,-1.3965441464768935,0.8278647907066928,0.19
1695,-1.0579963746475431,0.9523953987413075,0.28
1696,-1.1268773325379002,0.9037208741300128,0.26
1697,-1.1537202250434466,0.9947431411761393,0.27
1698,-1.6513327675899692,0.7739687203539153,0.23
1699,-1.0737247903748084,0.8811359251376014,0.25
1700,-1.2139477546318391,0.923164265116254,0.14
1701,-1.4880670859201566,0.8706209333344087,0.25
1702,-1.6820338747251657,0.7785052465453305,0.22
1703,-1.1146822822317333,0.9791601590245891,0.28
1704,-1.057150433750503,0.9385043641994514,0.27
1705,-1.1600777186401845,0.9113517812181154,0.27
1706,-1.9348728249913585,0.6968428964289798,0.14
1707,-1.6124523198684173,0.7911459162038446,0.19
1708,-1.0338333595129785,0.9332573309303135,0.16
1709,-1.3769808039146059,0.778182243987965,0.21
1710,-1.4250981063287065,0.8330221579739857,0.16
1711,-0.9016118931354307,0.95230627307826,0.26
1712,-1.1320603655945922,0.9442609080375768,0.19
1713,-1.6236746045382728,0.794500290564022,0.2
1714,-1.170245775634006,1.0140957645274886,0.24
1715,-0.9635897568596047,0.8867123477202168,0.25
1716,-1.5577450896166594,0.7607097459155977,0.23
1717,-1.3394292912751349,0.8750167872090111,0.21
1718,-1.3748403643133331,0.762746136983821,0.16
1719,-1.0316108444938736,0.9434731813195508,0.3
1720,-1.3768288586390844,0.7284078907906636,0.25
1721,-1.4613070170751843,0.8751913887923486,0.27
1722,-0.8630475098272656,0.9849492192621365,0.3
1723,-1.3260395967658338,0.8580900628447007,0.2
1724,-1.0944652700149475,0.8598231876913056,0.2
1725,-1.3060798193624137,0.8805631357851486,0.22
1726,-1.3478257863976915,0.903449633846789,0.23
1727,-1.2793555645629546,0.9861251904416365,0.23
1728,-0.6337015645411492,1.077985601632924,0.31
1729,-1.5803302093413425,0.7228446658320656,0.2
1730,-1.5866393313712401,0.8554507339087991,0.21
1731,-1.3584281141077021,0.8973876022533357,0.19
1732,-0.961986741876875,0.9892281005915012,0.23
1733,-1.0338129242941831,0.9047064693270918,0.22
1734,-1.2970846187204246,0.8324229324350366,0.24
1735,-1.067063642002731,0.9318162655836474,0.27
1736,-0.6901903615287297,1.0778157914204634,0.23
1737,-1.1131097382344486,0.8845780547448241,0.22
1738,-1.4936109998677733,0.6851237116714577,0.11
1739,-1.7800288795548178,0.7111573592997078,0.19
1740,-0.4846248323919322,1.04052601615533,0.31
1741,-1.6281885561167255,0.8350778182840198,0.19
1742,-1.0594608732631772,0.9445431395540618,0.2
1743,-0.9216413419462894,0.9660313451790223,0.24
1744,-1.298507458883964,0.7723772018923131,0.3
1745,-1.496632090459559,0.8680115607261232,0.2
1746,-1.4394952560109786,0.7261880306706088,0.26
1747,-1.3028468720270048,0.7828774751413399,0.31
1748,-0.7806386597427548,0.9183802631270862,0.3
1749,-1.156799743817014,0.906312294824143,0.25
1750,-0.7371196843020712,1.2402759265372014,0.24
1751,-1.3284492723860535,0.8271721708702785,0.27
1752,-1.9346813523762214,0.6369056159339468,0.22
1753,-0.8511853714409454,1.0569054506446036,0.33
1754,-0.8306673845928123,0.9891374527104315,0.27
1755,-1.2656713922863,0.879997738720055,0.21
1756,-1.1805443298884872,0.8627732348345754,0.26
1757,-1.1551971754723391,0.9756128553444718,0.2
1758,-0.6962360240341968,1.1124001698688124,0.29
1759,-1.3881776817913853,0.8629164326865626,0.24
1760,-1.204934743193576,0.8821052777833502,0.22
1761,-1.0322422590536684,0.878668928384287,0.27
1762,-1.1980155979471492,0.7635465420189752,0.19
1763,-1.1349416721474008,0.8769061557962223,0.21
1764,-1.0070236487469473,0.8834451642529043,0.23
1765,-1.361929880995404,0.9397532843103531,0.27
1766,-1.2879765817142113,0.8980709573190224,0.23
1767,-1.060678164129967,0.9021718828519931,0.28
1768,-1.0227444656654492,0.9294455539700963,0.33
1769,-1.091569020681694,0.8885101393424313,0.31
1770,-1.3949316799536335,0.8784778513950898,0.2
1771,-1.2393514523493172,0.8952149039556899,0.26
1772,-0.9407328021762545,0.979486298778519,0.2
1773,-1.3584568562769732,0.7880897997996638,0.17
1774,-0.9047548121503026,1.0372989380230864,0.34
1775,-1.0791631756631608,0.9903428707675694,0.31
1776,-0.764253189664165,1.089134831772482,0.32
1777,-0.8177682937952936,0.9323987996525241,0.22
1778,-1.4485665187941805,0.8480558259562533,0.19
1779,-0.7838103564993376,1.075281241450809,0.25
1780,-0.8724382956015644,1.102153041347294,0.19
1781,-1.3306259462113206,0.9527826224587205,0.26
1782,-0.6954300388231798,1.1408566716711952,0.32
1783,-1.2740393189816068,0.899722011414804,0.24
1784,-1.7340340181817573,0.7164284325651253,0.18
1785,-1.44371650050893,0.8520387691009687,0.21
1786,-0.8825447501907968,0.9927280697653187,0.3
1787,-1.0961563528822607,0.8554260117559217,0.26
1788,-1.1668672677661651,0.8427298148606134,0.25
1789,-1.1246270791130963,0.9015181784704395,0.29
1790,-1.3176173448811668,0.8641952845657751,0.25
1791,-1.0429918112340015,0.962767125511117,0.25
1792,-1.1418677550217233,0.8587638395029416,0.24
1793,-1.1106410880495812,0.9550131575602693,0.29
1794,-1.0628649132317138,0.9256220533804924,0.27
1795,-0.996518910968681,0.8733727140542514,0.26
1796,-1.1397420700131444,0.7990580645982468,0.19
1797,-0.8238039421123007,1.0089579362893075,0.22
1798,-0.7881761197036091,1.0453956311328716,0.24
1799,-0.8117951672463536,0.8954056479962261,0.29
1800,-1.1203434438454836,0.9948771425519477,0.26
1801,-1.2333812937155992,0.8843536273435266,0.29
1802,-1.0046367377255794,0.806070433209256,0.29
1803,-0.8357424129162518,1.0351659809241354,0.23
1804,-1.3644020068619482,0.8884746797893125,0.23
1805,-0.8856487434866661,0.9577196982637229,0.25
1806,-1.2785763793623388,0.856798631871128,0.17
1807,-1.355026346189958,0.8146390648512407,0.15
1808,-1.1668687924898682,0.9768694045598885,0.26
1809,-1.3352942799876386,0.788851356180304,0.18
1810,-0.9435609602246783,1.058304856204114,0.33
1811,-1.2071035652347255,0.9069381637055361,0.22
1812,-1.257694619899847,0.894598768839627,0.25
1813,-1.0566887002557845,1.0382883809721277,0.24
1814,-1.3013108877133606,0.8220214955225322,0.23
1815,-1.4347902788899767,0.85528697513593,0.2
1816,-1.3452193601653541,0.7254834908732086,0.23
1817,-1.1508738591566168,0.9967075144011561,0.21
1818,-1.0592581758383413,0.9274609705149522,0.26
1819,-1.0090056636486893,0.9008764745818283,0.28
1820,-1.1566553124420875,0.8519538246053229,0.27
1821,-1.4132540620982113,0.9056917547265136,0.21
1822,-1.134785686667549,0.9165182655244614,0.3
1823,-0.8328939408478786,1.0299055556133931,0.34
1824,-1.2159424455172279,0.9148494450049195,0.3
1825,-1.3185461057921213,0.7719392350981316,0.19
1826,-1.2557264676566267,0.8647356151272858,0.25
1827,-1.0332048488332173,0.8970036223861295,0.22
1828,-0.942028041215081,0.9666601035448447,0.25
1829,-1.1730766921973101,0.8687016786408086,0.25
1830,-1.6031807544454415,0.6806109290287339,0.22
1831,-0.6570134064673225,1.0906614828329995,0.26
1832,-1.6611955202510913,0.8228656944067494,0.18
1833,-1.3556428151946422,0.8950511853511202,0.23
1834,-1.3904194146848077,0.8477706637283431,0.19
1835,-0.8338915442303113,0.9376178138256596,0.28
1836,-1.0373253781303686,0.9366597759401946,0.21
1837,-1.5064584138658912,0.8539183303379713,0.21
1838,-1.3331739873928845,0.819422116600197,0.17
1839,-1.171239341943229,0.8228732621908702,0.19
1840,-1.5479354278035746,0.9077504459873609,0.23
1841,-0.9260037018377466,0.904651035691658,0.27
1842,-1.2867103221004519,0.9682848502442392,0.2
1843,-1.1967289640326355,0.9074266000186587,0.27
1844,-1.2258239222128589,0.9392429039443752,0.19
1845,-0.9675145555676365,1.0595754868029916,0.34
1846,-1.1815574330188199,0.8035330736509539,0.22
1847,-0.9911879505104837,0.8198262837123462,0.24
1848,-1.2200224022485664,0.9205907763709054,0.3
1849,-1.0553938349722347,0.9174265642380928,0.24
1850,-1.3909500634202765,0.9022201917928805,0.17
1851,-1.5722912469230597,0.7783806872152611,0.29
1852,-1.1875053366458435,0.9209261417448631,0.23
1853,-0.5545119349192299,1.0426392464126288,0.34
1854,-1.1394863146218177,0.9188074144074275,0.22
1855,-1.1046166450184058,0.8948058346182525,0.21
1856,-1.1465152510239747,0.9163101838012753,0.16
1857,-1.351910790478311,0.8606033463037602,0.24
1858,-1.3958611835583068,0.6835207006325019,0.19
1859,-1.1820251942636164,0.8940441825652847,0.2
1860,-1.7274078929033114,0.8318109818443894,0.2
1861,-1.4326207928075028,0.8435806984189295,0.22
1862,-1.2893027962193562,0.8999498998662107,0.24
1863,-1.2025762388988996,0.9061267220034713,0.29
1864,-1.0820656925749557,0.8939108793998365,0.24
1865,-0.8939287271083444,0.8411259151460784,0.24
1866,-1.1402152317974537,0.8679683755258369,0.21
1867,-0.9073430394788804,1.012962579645336,0.29
1868,-1.1736857138520724,0.7077155845434375,0.27
1869,-1.517028878163647,0.8247147730572987,0.26
1870,-1.6026765915093515,0.8036994502303314,0.16
1871,-0.7415212299917004,1.024642765950773,0.31
1872,-0.9458770263742916,0.9020602397503792,0.25
1873,-0.9651534275195304,0.9826339184562243,0.29
1874,-1.101199636891583,1.0055874742012616,0.24
1875,-0.867063998956886,0.9143427325257432,0.3
1876,-1.3957745805484845,0.7514541765493048,0.28
1877,-1.3764268539501356,0.893979048774883,0.24
1878,-1.3145097244090629,0.9405622391144655,0.24
1879,-1.2216909843359842,0.8379219970687367,0.24
1880,-0.9509515737344983,0.9381768279806583,0.19
1881,-1.4048748198245604,0.8013707716671261,0.2
1882,-0.7719510815414635,0.9557133458001751,0.27
1883,-0.8574448711822423,0.9414463173167148,0.29
1884,-1.324804680910999,0.8546994429986742,0.23
1885,-1.3467772883000917,0.8387197164052619,0.16
1886,-0.916940177088603,0.8793199011427443,0.22
1887,-1.2099662423128181,0.8694062246605793,0.28
1888,-0.9817604611025891,0.8942611066384881,0.18
1889,-1.816989845652198,0.8213998888007926,0.15
1890,-1.4155092708046824,0.7998150476265511,0.21
1891,-1.1350221052600662,0.8724519249563748,0.28
1892,-1.3468661202436119,0.8823581097979575,0.26
1893,-1.2615669531956273,0.8944883817085489,0.28
1894,-1.2199133025047306,0.9371223974189685,0.25
1895,-1.004383585453913,0.9021922052122158,0.27
1896,-1.3396234239410367,0.6953988352985254,0.22
1897,-1.293176095342318,0.8299711366536039,0.23
1898,-0.6564305018149896,1.0906551994935825,0.26
1899,-0.9899701711784888,1.0109860791290144,0.26
1900,-1.1110173326090125,0.92171513341354,0.27
1901,-1.365261283284509,0.9510798605581114,0.24
1902,-1.289348674383817,0.799115371806093,0.25
1903,-1.5420438196423851,0.9427069495606992,0.23
1904,-0.9863563231874697,0.9409338241155951,0.31
1905,-0.8839276228248412,0.9319694199313253,0.29
1906,-0.9207015310235931,0.9976712137720816,0.27
1907,-1.1310430179825859,0.842090664268762,0.24
1908,-0.7593148653310251,1.0541784420814124,0.22
1909,-0.8433891812868923,1.0296662589219152,0.26
1910,-1.2540775291060944,0.8242176019086478,0.22
1911,-1.0192993585228292,0.9923701043264588,0.26
1912,-1.4883570143384495,0.746561302477475,0.16
1913,-1.1193445155372812,0.8106319679539515,0.2
1914,-1.3855679012595368,0.8853764269884182,0.26
1915,-1.8377648936776787,0.9195413963651454,0.22
1916,-0.9675547321632247,0.876946365078964,0.26
1917,-0.7207181659196649,0.9479392540527788,0.23
1918,-1.384236692887958,0.7835377807156452,0.22
1919,-1.613802185021898,0.9080202548517486,0.22
1920,-1.0216772740655053,0.8914690340130531,0.28
1921,-1.0672840386058853,0.9231914591905707,0.23
1922,-1.7036898855786922,0.8121715795458334,0.22
1923,-1.3324221600828525,0.9321717833297586,0.19
1924,-1.5800494885481495,0.8003243441797356,0.16
1925,-1.7363737646730413,0.7295722125332823,0.22
1926,-1.4540704964758118,0.7193629719158475,0.26
1927,-1.0662277779073979,0.9195831534524767,0.22
1928,-1.2449269294867285,0.8055302504171248,0.27
1929,-1.4671380770210607,0.9053667359871495,0.2
1930,-1.3271940575000434,0.8889373172520285,0.28
1931,-1.1815344961617322,0.8841628513583167,0.24
1932,-1.6349099046887527,0.7340906417044119,0.14
1933,-1.040626610187523,0.8848297816473304,0.22
1934,-1.287004626024336,0.8181266711399218,0.21
1935,-1.1918839349163906,0.8460684980001598,0.19
1936,-1.3027963240904605,0.9566186281528408,0.27
1937,-1.1858213685391121,0.7731954006991694,0.24
1938,-1.3153162032854224,0.7593322368648404,0.34
1939,-1.3431680744471095,0.8639120489510306,0.27
1940,-1.0912926247873604,0.9481023686782782,0.21
1941,-1.0441915031363775,0.7538509853681716,0.27
1942,-1.276781028632714,0.8872071852663656,0.18
1943,-1.2570990928730443,0.8600871822293005,0.18
1944,-1.0547564443177693,0.885186166199329,0.27
1945,-0.9500177465681784,1.0339580525946577,0.28
1946,-0.7623754647770785,1.0305641180983895,0.36
1947,-1.3253843216258503,0.8521256211244399,0.22
1948,-1.0049998775452378,0.8753202975904056,0.24
1949,-1.0904778333508067,0.8993248879481783,0.31
1950,-1.1322138941219109,0.9550498400295706,0.16
1951,-0.9947799406009367,0.9228922895381957,0.32
1952,-1.1483059497693255,0.8966097518629161,0.26
1953,-1.5219897851403692,0.8314546171463809,0.18
1954,-0.9674534940273436,0.9261225761997213,0.3
1955,-1.2626327498904681,0.8187546269607948,0.19
1956,-1.0298563394727702,1.027938529756422,0.29
1957,-1.0728742197651302,1.0290432876874247,0.32
1958,-1.1671562435207508,1.0087123940421534,0.2
1959,-0.9230603804251863,0.9139719247823441,0.25
1960,-1.2400572204688358,0.8443714296446792,0.24
1961,-0.8056622969487885,0.9400442391237833,0.26
1962,-0.9021903487915864,0.8869565535793617,0.27
1963,-1.4023697348313606,0.7365382716010409,0.27
1964,-1.199501543321074,0.8755628125397071,0.25
1965,-0.8496987480125925,0.8594602031288112,0.3
1966,-1.0884259344346072,1.0211336440897198,0.22
1967,-0.8595010405517814,1.1054169548897093,0.27
1968,-1.1420406395952127,0.8756330483661773,0.26
1969,-1.0050612888512165,1.010997857891938,0.24
1970,-0.4128533358904697,1.272213283684508,0.32
1971,-1.5909674579099067,0.8376036407530537,0.18
1972,-1.205952205117223,0.961985293418236,0.27
1973,-1.3092609711734162,0.764585740871643,0.18
1974,-1.2618822214331444,0.9246800426710636,0.23
1975,-1.5532719183403976,0.9255627851908551,0.19
1976,-1.4170619553264243,0.8566477213971432,0.27
1977,-0.818592057398711,1.0424062522504176,0.32
1978,-0.9667320760477748,0.8962162434201292,0.24
1979,-1.45316084532676,0.925312789229687,0.28
1980,-1.3450689911007896,0.8363660966884449,0.2
1981,-1.0833094725183086,0.8477282100039361,0.26
1982,-0.7633965554001805,0.9869579327934894,0.26
1983,-0.9981193743342264,0.7902388889081097,0.27
1984,-0.7929082726385226,0.8452690434365399,0.33
1985,-1.0212336120298606,0.9190805929934567,0.27
1986,-0.7995832266748256,0.8388793555252729,0.3
1987,-0.8615480354587542,0.9204144845065083,0.22
1988,-1.7552230303575918,0.7604605923860928,0.21
1989,-0.824123128962743,0.9282661867130909,0.28
1990,-0.6530338496421721,0.9916874917626148,0.29
1991,-0.6530554358240923,0.9526111901408568,0.25
1992,-0.7036431869851612,1.0659052615041853,0.26
1993,-1.1480880272839051,0.8678684107640351,0.24
1994,-1.3789489433039148,0.836298184104171,0.22
1995,-1.0627875213627715,0.9465083808871494,0.23
1996,-1.385747203510308,0.920410024066693,0.28
1997,-0.7461073644856743,0.9717886662142425,0.21
1998,-1.0886582323522362,0.9370511794341929,0.18
1999,-1.2215577930478916,0.8701798275747664,0.28
2000,-1.28442825301868,0.926148311206752,0.26
2001,-1.0729601440344083,0.9035852113125028,0.21
2002,-0.8926137324444967,0.9831632306320717,0.25
2003,-1.868280787645894,0.8733189078906506,0.19
2004,-1.8504123458773625,0.7772866206790909,0.2
2005,-0.8462710794496833,0.9654840659838905,0.23
2006,-1.119031673789096,1.0251673538664192,0.27
2007,-0.569034074963719,0.948623926215211,0.31
2008,-0.9813361072522069,0.8817897759976452,0.28
2009,-0.9806264245640226,0.9417382557803079,0.27
2010,-1.421417016846537,0.7968290564522341,0.2
2011,-1.4235967324998842,0.8011326994984503,0.22
2012,-0.9648554897485537,0.8351717937022575,0.21
2013,-1.357903827413856,0.8711174697645855,0.22
2014,-0.8710550915770096,0.988499650694118,0.29
2015,-1.2194398702711922,0.9751561289016429,0.27
2016,-1.0609116241955392,0.996461993119718,0.27
2017,-0.9229827963067446,1.0028160359280023,0.28
2018,-1.5063663785154666,0.8573788821683702,0.22
2019,-1.210202699076077,0.8799111158184578,0.2
2020,-1.3301456967979162,0.8421691250106101,0.25
2021,-1.0068176145921794,0.8784790997935601,0.31
2022,-1.7809922726248484,0.7500716517462799,0.15
2023,-0.9859939700810023,0.9163157669319492,0.23
2024,-1.2165111128229467,0.8998499330222728,0.23
2025,-1.0072302974649523,0.7176958711445042,0.26
2026,-1.722255001026861,0.8980694583870769,0.2
2027,-1.3072721648444976,0.965554771838027,0.21
2028,-1.0303011750367732,0.9801957784087434,0.25
2029,-1.780431767695071,0.790659629220393,0.16
2030,-1.3435821602787559,0.8908578662817426,0.22
2031,-0.957751442270406,1.0007206027441982,0.25
2032,-1.4417785236129654,0.8255905289501446,0.25
2033,-0.9906759365340612,0.9398473873102646,0.28
2034,-1.67288895881944,0.7187394741696943,0.19
2035,-1.1470606066683595,0.8781957805659131,0.27
2036,-0.9918331011491693,1.0656623904242761,0.26
2037,-1.1904203365043684,0.7425276619020685,0.19
2038,-0.980330864814574,0.9263491216477856,0.29
2039,-1.1596888275312331,0.875321442329872,0.24
2040,-1.0574706761769277,1.0421239403267162,0.29
2041,-1.2286190043179341,0.891874079842235,0.25
2042,-1.356959051542071,0.9562923281641822,0.26
2043,-1.7403653664091814,0.6875217582249167,0.21
2044,-1.5453856396059742,0.7971960241480225,0.17
2045,-1.1729712035120436,0.9266188444345604,0.22
2046,-0.9629224001204338,0.9287046285593812,0.33
2047,-1.0424112015051632,0.9355615275519602,0.25
2048,-1.4475401670977488,0.9058199439935302,0.24
2049,-1.0731844829583395,0.8497400709833213,0.23
2050,-1.7644750955464348,0.8011930226264486,0.21
2051,-1.7636152120513453,0.7637421971323388,0.22
2052,-1.680216909711207,0.7924679253006844,0.24
2053,-1.027984673219174,0.9781544025136344,0.25
2054,-1.2243998862941383,0.8177668412720049,0.23
2055,-1.517908787963914,0.8397933987560038,0.2
2056,-1.3656718548107454,0.8620434644473575,0.16
2057,-1.1230910276460762,1.0449460670175184,0.25
2058,-1.013573994697303,0.9551695962383405,0.29
2059,-1.021456743395569,0.8999143494077902,0.27
2060,-0.779654927598197,0.9244523674180339,0.24
2061,-1.0150115037452212,0.9597941249585847,0.17
2062,-1.029969383093137,0.9512453706108882,0.24
2063,-1.2476494629186279,0.9916913739935674,0.29
2064,-1.0803748955896837,0.9360279137625814,0.21
2065,-1.045463447223807,0.8466312083101181,0.29
2066,-1.8283552378709163,0.6581096710022386,0.21
2067,-0.925457771563496,0.9024461167535806,0.28
2068,-1.3506238052923976,0.838706621634827,0.28
2069,-1.3258489613446511,0.9774746256294715,0.21
2070,-1.0411283107779834,0.9394793875334639,0.28
2071,-1.214057849365801,0.8888669052057788,0.22
2072,-0.8069852990799372,1.05540578495618,0.32
2073,-1.4509318042487178,0.8054190760476962,0.22
2074,-0.6258753242761546,0.8423258018388902,0.29
2075,-1.716247911367706,0.8968778255798303,0.23
2076,-0.7431414720031725,0.9700455149153487,0.27
2077,-0.9353605810508285,0.9397018845235694,0.26
2078,-1.1416661730757354,0.8851684446538108,0.27
2079,-1.4795501750782711,0.9002036840005324,0.23
2080,-1.008309911589565,0.9235938512325464,0.28
2081,-1.3541507262322425,0.8629123520465705,0.25
2082,-0.6361976460484395,1.129113000459819,0.31
2083,-1.5586769714620785,0.8085586998540266,0.21
2084,-1.641533809326499,0.7083179238493783,0.17
2085,-1.2443286305382097,0.795558701342279,0.18
2086,-1.2022525889745732,0.9234726848251477,0.24
2087,-0.7628067569704708,0.8715145729235041,0.28
2088,-1.2821699411434893,0.9569835259047166,0.28
2089,-1.4134551471229235,0.8233420239451306,0.17
2090,-1.3178042361858036,0.8584598753632302,0.3
2091,-1.410528375235733,0.8951761308494581,0.23
2092,-1.678858999527428,0.8362132673402313,0.18
2093,-1.490991694885837,0.9739106134658095,0.24
2094,-0.5976352001836811,0.9873920661241972,0.28
2095,-1.1736741340288226,0.9267109587094587,0.23
2096,-0.6540228968729886,0.9816523187597315,0.33
2097,-1.1272684932695582,0.8923700207285534,0.28
2098,-0.9921228101794054,0.9059974821964376,0.27
2099,-1.3202742890700423,0.826266932348219,0.26
2100,-1.7021999732074198,0.7637925337942046,0.18
2101,-1.0155510967562997,0.8808650494702428,0.25
2102,-1.2666216414204015,0.8114184658572927,0.31
2103,-1.1995012043262183,0.9833461499277414,0.25
2104,-1.2410696049091456,0.8790920867480908,0.24
2105,-1.202708001380699,0.8878576973885071,0.25
2106,-1.396358701217103,0.7765222693855433,0.22
2107,-1.4562287899448605,0.7337273358057511,0.19
2108,-1.3138913340510643,0.7757642465619267,0.21
2109,-1.1424076853181604,0.937250470050912,0.26
2110,-1.2442268148604274,0.8334260876378882,0.23
2111,-1.5347910901057367,0.8734765728777728,0.17
2112,-0.9687707278242145,0.9767222771053173,0.27
2113,-1.2723614105975516,0.7963966784096114,0.23
2114,-1.7132188842804852,0.7835531330264804,0.14
2115,-0.8450271397210364,0.9042686602425342,0.27
2116,-1.0314915112346197,0.8419457716864711,0.31
2117,-1.3182955862532253,0.8329311424030251,0.26
2118,-0.9824763890321577,0.9013979827925169,0.33
2119,-1.7063229984054038,0.7049450191779204,0.22
2120,-0.9019329984368849,0.8656826784140422,0.28
2121,-1.0523942265319726,0.9487929013056936,0.17
2122,-0.8053478697631065,1.0418412010720821,0.31
2123,-1.087287280543148,0.9763193519482214,0.33
2124,-1.5556189624447585,0.7152242842033236,0.19
2125,-1.2135169549303078,0.9484924469674432,0.33
2126,-1.0710824139471917,1.0007665224459157,0.24
2127,-0.9980270904203838,0.8960962978518477,0.21
2128,-0.9316219757583333,0.9709657591501901,0.28
2129,-1.4466759888145793,0.8600950884538644,0.19
2130,-1.1833805365165213,0.8642960931868037,0.27
2131,-1.3545811489681916,0.9562573368301578,0.19
2132,-0.8764625845976667,0.9909695408001932,0.27
2133,-1.9136704339351729,0.7775515921873221,0.12
2134,-1.5176325200511025,0.8251064769042187,0.28
2135,-1.4132547510169218,0.8376798721791776,0.24
2136,-1.2462347848930033,0.7491219082245593,0.22
2137,-0.8207227364940657,0.9191296382127985,0.28
2138,-1.186660950612804,0.8898915669508655,0.23
2139,-1.455523452978525,0.9287373362433664,0.23
2140,-1.1865613182410404,0.9705038360776179,0.25
2141,-0.8653947439082014,0.8792848924527681,0.29
2142,-1.0014216837474117,0.7890057160637245,0.32
2143,-1.081430941391859,0.8511510000181676,0.22
2144,-0.7327003069426934,1.0547732341067144,0.24
2145,-1.4682737415494964,0.8811211011383477,0.26
2146,-0.8883928093616853,0.9604543409137081,0.25
2147,-1.022026087034368,0.9359373571141569,0.33
2148,-0.8210068079284746,1.0087130740585821,0.3
2149,-0.8867566602516015,0.9620368336668172,0.3
2150,-1.0913947357901455,0.8476264767561952,0.27
2151,-1.4143300415970967,0.7728335990369548,0.25
2152,-0.9292376171589309,1.0989411909030624,0.24
2153,-0.9744966371357517,0.9648805400058243,0.24
2154,-1.1189862196445213,1.0622890738730317,0.29
2155,-1.027016676987934,0.8766303399853154,0.26
2156,-0.7313731557437082,1.080903466427087,0.31
2157,-0.6016552180196284,1.0368316126492727,0.25
2158,-1.2336160097103959,1.0094769623913726,0.27
2159,-1.5890457358736625,0.7806684235289849,0.23
2160,-1.3180141613490324,0.7249555910333524,0.21
2161,-1.2580609603272677,0.8465723138758446,0.35
2162,-1.3569245300686998,0.8047844449793109,0.29
2163,-0.9228364645888919,1.049918961408075,0.29
2164,-1.1891832261320914,0.849647297622742,0.28
2165,-1.3369465364011988,0.8402420032791124,0.25
2166,-1.136208397784455,0.8721401967808631,0.29
2167,-1.3922398343172702,0.8943798807853899,0.26
2168,-0.7244478290526757,0.9604443607437564,0.28
2169,-1.212720415619921,0.859950960522087,0.2
2170,-0.978106893948384,1.0552340541044347,0.26
2171,-0.6027651974074534,0.9228077587659077,0.39
2172,-0.8509568914730802,0.8432882161079407,0.26
2173,-1.0474884460710978,0.8659365705379162,0.2
2174,-0.9950006606102703,1.003680576534391,0.26
2175,-0.6015662888010346,0.9502499691177958,0.36
2176,-1.6364280506729247,0.8150935982324213,0.17
2177,-1.7185627149941718,0.74644384027172,0.17
2178,-1.0080168375926106,0.9610583977625042,0.27
2179,-1.084889473027475,0.9695710337038581,0.24
2180,-1.1980566018470054,0.8306037692041047,0.22
2181,-1.1127967696432348,0.9889691630124507,0.24
2182,-1.014180561160685,0.884380672430628,0.22
2183,-0.9017762935584307,0.9074543719578604,0.28
2184,-1.752088023206965,0.664947223656292,0.16
2185,-1.8178861160400857,0.6697426008284089,0.18
2186,-1.1753673070045907,0.9149184891891761,0.27
2187,-1.3901188727733498,0.8257628643363318,0.17
2188,-1.1343400083731467,0.9498369589073715,0.28
2189,-1.1289583160541639,0.9109376632598489,0.24
2190,-1.6912174360609833,0.7584325577740487,0.17
2191,-1.9567064699308745,0.6977387271311604,0.24
2192,-1.0823692853688698,0.8642942746251494,0.34
2193,-0.9246936877790022,0.9905868198377098,0.28
2194,-1.400919849143538,0.8261904952558444,0.22
2195,-1.0632744344856564,0.8356327208220068,0.31
2196,-1.194174463227087,0.9245167060714937,0.25
2197,-2.1629233289497356,0.6489091804884269,0.21
2198,-0.9686918029900611,0.913158074675976,0.22
2199,-1.236163989001879,0.7869244859354536,0.22
2200,-0.8588309338702119,1.03994943019574,0.35
2201,-1.0817484967327076,0.9528199350748687,0.24
2202,-1.107627746243918,0.9991069633419271,0.28
2203,-1.1300197649063493,0.8395729454591304,0.28
2204,-1.1752818131113978,0.9153828873662253,0.23
2205,-1.5245141841462335,0.8149635109593855,0.2
2206,-1.1096437760271216,1.0003424883506498,0.24
2207,-1.109773182245366,0.9019656403865071,0.21
2208,-0.6746198197951325,1.0449391560945116,0.31
2209,-1.4237366558874671,0.7869822484179161,0.21
2210,-1.1613197401313156,0.9333218498825276,0.25
2211,-1.7566106038443972,0.8977673906153874,0.14
2212,-1.0640988549998476,0.884170281312014,0.22
2213,-1.422734676358571,0.8280423458445878,0.26
2214,-1.4082037205088125,0.7646645329477793,0.28
2215,-0.9181258207930573,0.907933420513255,0.26
2216,-0.9446973823036334,0.9353852922919775,0.26
2217,-1.2775615283381447,0.956917447815759,0.3
2218,-1.1945571651279194,0.9333814432490759,0.22
2219,-1.3753785132660226,0.9568122230336092,0.24
2220,-1.154513425517695,0.9268234343650554,0.26
2221,-1.354442312970542,0.8121696752601438,0.23
2222,-0.9519760358877184,0.9365286650043975,0.27
2223,-1.5117697921363251,0.7698754274008692,0.23
2224,-0.8382723573128342,0.9627418925262341,0.21
2225,-1.4041285297410508,0.845467441334257,0.3
2226,-0.8962965751221074,0.9382381366037542,0.25
2227,-1.7333415784470234,0.8873725519623327,0.2
2228,-1.3613721864490784,0.9527170041418077,0.25
2229,-1.530690129695554,0.7734548005489915,0.18
2230,-1.4331396331491686,0.8032657978059438,0.18
2231,-0.6812474858886592,1.016292359508575,0.26
2232,-1.3032269607933755,0.9497668157468858,0.2
2233,-1.2747490129935373,0.9418973098326888,0.27
2234,-1.110823514707161,0.9274489209655442,0.27
2235,-1.1373294988343847,0.8649146733857394,0.21
2236,-1.3727479370421694,0.728436434047276,0.14
2237,-1.233165650716908,0.9377175594704136,0.27
2238,-1.12177832091321,1.0084471228412992,0.27
2239,-1.2254242908650241,0.8555308811479563,0.21
2240,-0.9423852737378163,0.9808217613407496,0.32
2241,-0.9261326137055258,1.0238068017963404,0.28
2242,-1.2282026561114447,1.0283270003036078,0.26
2243,-1.1476468558100643,0.872491083596693,0.29
2244,-1.5722233035845798,0.7554219613042668,0.17
2245,-1.0821189251188745,0.9407061035484987,0.3
2246,-1.3189377666819317,0.8273732042466935,0.23
2247,-0.7794662177789491,1.0846004546838428,0.29
2248,-1.5147554537542565,0.7965664566903397,0.23
2249,-0.9776746097744529,0.8825087229267353,0.3
2250,-1.2904410536733142,0.9049324492887285,0.22
2251,-1.3176205286434972,0.8130940016089154,0.2
2252,-1.4493071878799066,0.815998197679213,0.19
2253,-0.9576035885742132,0.9833255766882926,0.31
2254,-1.2487808130587588,0.7688185266561137,0.25
2255,-1.1024717695293067,0.9466320791622493,0.21
2256,-1.3560615324991157,0.8064998396285101,0.22
2257,-1.6160156449281475,0.7455703107444412,0.21
2258,-0.7411187529861629,1.0830692176229753,0.31
2259,-1.341097986461491,0.8671224233186792,0.18
2260,-1.228307592597572,0.84631179956599,0.21
2261,-1.044777550702136,0.9723320722618801,0.24
2262,-1.475324522955538,0.8808703051696826,0.21
2263,-1.005140162039919,1.0846985138943124,0.3
2264,-0.8095872457383539,1.0482634652871707,0.23
2265,-1.3095800345999786,0.8032911505667693,0.25
2266,-0.985195747035791,1.0787411665913864,0.29
2267,-1.1637205546323512,0.9530157922579877,0.25
2268,-1.2955148390113231,0.8326268087387045,0.24
2269,-1.6627163245956729,0.6816229694399867,0.2
2270,-1.2503544843563175,0.8361207173080206,0.22
2271,-1.788139927825679,0.7672772869606348,0.21
2272,-1.151776575122474,0.9123212552297427,0.26
2273,-1.2307386586626365,0.8654097108807002,0.24
2274,-1.3125166798064245,0.8244132330099148,0.2
2275,-1.4087059016652126,0.7618530653073783,0.21
2276,-1.3811387302426916,0.8175234379905544,0.23
2277,-1.0345572766466133,1.0234790544425454,0.26
2278,-1.512110720069265,0.6659157256505489,0.25
2279,-1.3832418660049546,0.9081350584407588,0.18
2280,-1.5953192050867546,0.7674550686531153,0.24
2281,-1.451304891152835,0.8447170381996097,0.21
2282,-1.2168042660375753,0.9340475362893494,0.28
2283,-1.3354756131133616,0.8675504303145687,0.21
2284,-1.2780583822837555,0.8711205572126707,0.19
2285,-1.053101163390249,0.994456016125405,0.22
2286,-1.0340806598669057,0.9586739322025801,0.25
2287,-1.1229734232306336,0.9620949045037129,0.18
2288,-1.5083032780707395,0.8720714309553802,0.22
2289,-0.7383141640972335,1.1226963939076529,0.28
2290,-1.0425361471243357,0.9530879110577166,0.27
2291,-0.63282658177025,1.040164102378257,0.24
2292,-1.2021373495862597,0.8242009318558611,0.3
2293,-1.333591916028781,0.9033755072215206,0.27
2294,-1.3494792101450457,0.9040870507002352,0.22
2295,-1.2185409404131569,0.8664690258438073,0.21
2296,-1.1246591367912688,1.008805840914895,0.3
2297,-0.9741229528904739,0.8754321721598497,0.25
2298,-0.9669256251306976,1.0826231642284925,0.28
2299,-1.0230805012847828,0.9962372783710189,0.27
2300,-1.278540388744335,0.9475443645733166,0.26
2301,-0.5655239385273788,1.1299026489398163,0.29
2302,-1.204469819772611,0.9520089423571787,0.19
2303,-1.454406046429069,0.8855579046421775,0.22
2304,-0.9172158294551626,1.013988795748972,0.24
2305,-1.467879767197425,0.7801331711889847,0.17
2306,-0.9468334049522918,0.9620182621987865,0.24
2307,-1.1963245529947375,1.0228738211049457,0.21
2308,-0.9070224779312918,0.9802062981602572,0.25
2309,-1.123055666935623,0.8193211595673353,0.23
2310,-1.386998416130665,0.8402592885064871,0.24
2311,-1.4454102433574574,0.7869767979058543,0.27
2312,-1.1629902883763057,0.8603373428776693,0.27
2313,-1.1147630154812769,0.8912119607737603,0.25
2314,-0.8360938766142786,1.031699290916926,0.3
2315,-0.8543936455280834,0.9484664650537528,0.28
2316,-0.7654104400435665,1.010256488721883,0.27
2317,-0.9185524840394699,0.8353348253953186,0.29
2318,-1.4417047177715097,0.9021090423944351,0.23
2319,-1.0460853235784922,0.927709728688024,0.31
2320,-0.9156119018593469,1.078217805740957,0.26
2321,-1.1625984252941217,0.9546175634987983,0.23
2322,-1.1391642821838128,0.9297129187594108,0.27
2323,-1.3231633343578033,0.7553982111546214,0.26
2324,-1.0878764998390218,0.9732075921439115,0.28
2325,-0.9174499907435149,0.9428716778636251,0.25
2326,-0.9924125145730995,0.936048293166435,0.28
2327,-1.408897265695724,0.8891324234590582,0.21
2328,-0.5943907174268293,1.1041469591787025,0.3
2329,-1.6174430030252223,0.8260663621763891,0.26
2330,-1.5893480139973133,0.8032623816128331,0.16
2331,-0.9276366717631371,0.9298785799767982,0.26
2332,-1.4588315700594991,0.7991871205197372,0.2
2333,-1.5741193790580013,0.7386178829243706,0.17
2334,-0.6288359571409079,1.0367149945969911,0.31
2335,-1.0625506872682025,1.0160995228839453,0.34
2336,-0.8653269849701926,0.9937158528990944,0.34
2337,-1.0541755400945048,0.9071302578501244,0.28
2338,-1.0908726298709894,0.8491508665375977,0.26
2339,-1.5536418294073662,0.7595439045379654,0.19
2340,-1.0637848050059007,0.7408003776238539,0.22
2341,-1.2747089960257707,0.9313021647641239,0.2
2342,-1.5879141145975817,0.7887795704157863,0.2
2343,-1.5379181921232572,0.8462567170187473,0.22
2344,-1.0908836289605253,0.9433853034144655,0.21
2345,-1.4591516142091243,0.8292416436814607,0.25
2346,-1.202507869624648,0.8875197059232817,0.27
2347,-1.191874010016368,0.9507203332224394,0.21
2348,-1.0876050198628722,0.8315491911536768,0.25
2349,-0.997842868481539,1.0829400001268146,0.31
2350,-0.9643957342615964,0.8655469345696255,0.31
2351,-1.0517694481117845,0.97961240779396,0.24
2352,-0.20485562660712542,1.3202125966811582,0.4
2353,-0.5152994136146747,1.1039803040587373,0.31
2354,-0.9487917483838904,0.9087729615343255,0.28
2355,-0.7681764995071808,0.8725473396967333,0.34
2356,-1.3460106438917532,0.8519079266807839,0.23
2357,-1.4362713739538437,0.6904900728441271,0.25
2358,-0.5575289251679483,1.0404648590767056,0.29
2359,-1.6855969571248945,0.7989511930656501,0.2
2360,-0.9386372657756946,0.9510101963264109,0.25
2361,-0.9485417143770474,0.8028456254666777,0.27
2362,-1.2782980852498727,0.9946204757363969,0.23
2363,-1.1647732600887937,0.8568371185542064,0.2
2364,-0.9508835982181287,0.9555045433552577,0.28
2365,-1.001044070759978,1.0549950446554026,0.22
2366,-0.6175705008137498,0.9535614432522697,0.32
2367,-0.5255856972658559,1.120909185017028,0.32
2368,-1.4658831678602002,0.8326799571628003,0.18
2369,-1.2023683861797059,0.8789570314296621,0.27
2370,-1.8110588257208853,0.8074004645785177,0.2
2371,-1.0306997855714384,0.9449941199916374,0.23
2372,-1.2505454309905983,0.8051341752338189,0.12
2373,-0.9868172300249882,0.8216628463601148,0.22
2374,-1.4414162858238757,0.7565772470947032,0.26
2375,-1.2143450269653189,0.9657913214503344,0.17
2376,-1.0229492527191981,1.0482625180218699,0.24
2377,-1.5980446027090127,0.8713561562604224,0.24
2378,-1.7210661437212043,0.6946390130064636,0.18
2379,-0.8479892701097921,1.1276980390261135,0.28
2380,-1.1108660415453562,0.877549815350375,0.27
2381,-1.58020823952605,0.7099791087303177,0.2
2382,-1.325924700140867,0.9189972402195131,0.23
2383,-0.8780759540743069,0.9543194574049193,0.28
2384,-1.5052380117326143,0.8318683683857675,0.19
2385,-0.797866331570562,0.9395688817943018,0.25
2386,-1.3278385296486843,0.8706339962028876,0.24
2387,-1.0305317283936044,0.9868356080171808,0.34
2388,-1.5387193415257996,0.8294335845695001,0.25
2389,-1.0307108527210855,1.0327856910861966,0.26
2390,-0.9594604485654525,0.8929805865781943,0.26
2391,-1.2906853142838777,0.8241778179219881,0.25
2392,-1.3796024014735104,0.8376971871780292,0.27
2393,-0.6131706379496114,0.953172893452092,0.31
2394,-1.0764055110894388,1.0141703051732656,0.22
2395,-1.7493793158716158,0.7087862028534896,0.18
2396,-0.8818001894041418,0.9703099204204908,0.31
2397,-1.558738333002797,0.783870619946701,0.18
2398,-0.8268543517554844,0.9464867313337061,0.3
2399,-1.1457125570602682,1.0140424165429573,0.22
2400,-0.9624523259283283,1.1102048161628033,0.27
2401,-1.2488406141118613,0.9126968166397157,0.23
2402,-1.7807985319462745,0.815237433874124,0.2
2403,-1.4351613465975774,0.8042563557157086,0.16
2404,-1.1353584934559038,0.8991045955969622,0.22
2405,-0.9035937152669614,0.840970516469982,0.28
2406,-1.1509292023401148,0.9845042959511331,0.27
2407,-1.3521130646487793,0.9657786730094063,0.25
2408,-1.3445677431800194,0.934049050861638,0.24
2409,-1.286304271246482,0.9680050723400901,0.27
2410,-0.9210236895057043,1.084091453840735,0.31
2411,-1.2599989094483188,0.7954322329718564,0.24
2412,-1.650765380012763,0.7863508953044369,0.26
2413,-1.0730113598306779,0.8791161019101594,0.22
2414,-1.2768493631397575,0.8488975745916574,0.17
2415,-0.7512519967142482,1.0197494762954171,0.27
2416,-0.833021512903646,0.9923293371376737,0.27
2417,-1.4904346427006008,0.7874172372237745,0.22
2418,-1.5803910190541421,0.9200456331912846,0.12
2419,-1.2029910818332608,1.0194961026218785,0.26
2420,-1.2826697395483522,0.8757510149404368,0.25
2421,-0.987480834859003,0.9832284325291856,0.22
2422,-1.2812154314817956,0.8979012142806362,0.23
2423,-0.6007223316502409,1.1000021561493047,0.22
2424,-1.069783085358659,0.9658980154948292,0.3
2425,-1.0628919328086206,0.9603804984447801,0.25
2426,-1.0291309216268976,0.9315685455214087,0.27
2427,-1.8551599489510948,0.7643704663248461,0.17
2428,-1.6427862233549866,0.8504816373591427,0.21
2429,-1.3262773265546488,0.7486735790179039,0.23
2430,-1.4347525203054878,0.8351592879086789,0.2
2431,-0.6199474447348485,1.1194499619470053,0.33
2432,-1.1969591526584589,0.918523857495739,0.27
2433,-0.9264490427616028,0.8963924207168499,0.3
2434,-1.9070811829030188,0.6271057026831693,0.16
2435,-1.448816207465961,0.7646434852808764,0.21
2436,-0.8910792734117915,1.0004867313550712,0.3
2437,-1.2510599552216382,0.8562823920334268,0.29
2438,-0.6168960415083561,1.0594236116604785,0.2
2439,-1.3601750055614628,0.8701787746344407,0.26
2440,-1.1442682765365022,0.7918739014089895,0.28
2441,-1.4670858274937157,0.8846435637995589,0.19
2442,-1.1907678395077845,0.8480447563451157,0.19
2443,-1.2619478196776979,0.8334763485655929,0.25
2444,-1.2092843701909664,0.8998124693476086,0.15
2445,-1.26743376870663,0.8538866885006862,0.3
2446,-1.1400058231716677,1.0360677624041492,0.25
2447,-1.1815130221804622,0.9153951779180451,0.2
2448,-1.3176898846663372,0.9664999695392088,0.24
2449,-1.0978622989871263,0.9282888578564698,0.22
2450,-1.2289268945359233,0.8595218495738903,0.22
2451,-1.2444728729045702,0.7991076038503241,0.27
2452,-0.803588420247084,1.0365193232662162,0.3
2453,-1.0464326752024116,0.9814495630397988,0.18
2454,-1.1937014558649317,0.9741959323919758,0.24
2455,-1.0488351533584515,0.9553370949280939,0.28
2456,-0.7995505127963476,0.9892190162438422,0.24
2457,-1.118175771019723,0.8493193441021775,0.18
2458,-1.377798246997171,0.795527774847853,0.2
2459,-1.1465341184291014,0.8146901055675931,0.22
2460,-1.336390565025412,0.8926795021409969,0.27
2461,-1.2171250397932178,0.7371327452084709,0.21
2462,-0.48975892922783004,1.0495043420581907,0.28
2463,-0.5173268785819451,1.0563365884619123,0.27
2464,-0.9911874398806967,0.9673129767907082,0.25
2465,-1.2578303896186036,0.924379147041885,0.25
2466,-1.2682447580432588,0.8995946115188863,0.25
2467,-1.2718507519051578,0.9887767985149367,0.27
2468,-1.3413858208085088,0.8421110614526078,0.31
2469,-1.342130312270448,0.8072846917460016,0.26
2470,-1.0429892695871752,0.9596300339368663,0.19
2471,-1.0906305364088953,1.0483593231285881,0.2
2472,-1.6938117099039791,0.6716879759144143,0.2
2473,-1.487118987915598,0.9118892080413749,0.2
2474,-0.7342004062645069,0.9830520732716278,0.34
2475,-1.182106144635218,0.8837045533315349,0.28
2476,-1.2298988890675209,0.9940095528987452,0.29
2477,-1.2637548448309246,0.8493848520583562,0.2
2478,-0.822983614020701,1.0275800028476405,0.3
2479,-0.8470061951596043,0.9260613404996273,0.23
2480,-1.1114494501301049,0.8829061966750293,0.23
2481,-1.4826796489487122,0.8661138598075396,0.22
2482,-0.900706099081125,0.9616157532284688,0.3
2483,-0.7255914189708942,1.0097941543353512,0.31
2484,-1.383795238912104,0.9280975225517177,0.23
2485,-1.2798407748581075,0.8421091807277129,0.25
2486,-1.3959656999886407,0.7944487463768979,0.32
2487,-0.9995560252502083,0.8657403472905648,0.25
2488,-1.2723846619748052,0.853737384288243,0.26
2489,-1.3134486810488388,0.9353368283683159,0.25
2490,-1.2591175540568047,0.8290342405272623,0.25
2491,-1.4030547703094791,0.8622750678279247,0.27
2492,-1.1276555875469516,0.863965195499191,0.22
2493,-1.241458798274566,0.930498817307523,0.21
2494,-0.6376946200271382,1.1238723372670325,0.27
2495,-1.4881212122536658,0.8965360107237941,0.17
2496,-0.7726888759923607,1.0710272897107143,0.3
2497,-1.6030331942049705,0.7587332053533625,0.23
2498,-1.149062981309418,0.8024974985147911,0.29
2499,-1.3566696415705233,0.9595350273714374,0.25
2500,-0.6951739692186032,1.0308986033164451,0.3
2501,-1.3232632472548098,0.7833980643784298,0.16
2502,-1.0651625439670156,0.8465285228385595,0.27
2503,-1.1738694998626984,0.8702645885670254,0.24
2504,-0.9501779987444035,0.9641292292880381,0.25
2505,-1.0352881427191092,0.9157909407056525,0.31
2506,-1.3978574528398782,0.9073439247781865,0.29
2507,-1.0241682120930258,0.9883408231602323,0.32
2508,-0.791430816472159,0.9956737974419582,0.26
2509,-1.3462580026697109,0.7939931525169238,0.24
2510,-1.2340058454304246,0.8249047343077546,0.25
2511,-1.1640067604689834,1.0131386976765586,0.23
2512,-1.867785506232674,0.7119915721609448,0.28
2513,-1.4534443876652288,0.7289239415557041,0.21
2514,-0.9899776082563929,0.9281619226586646,0.28
2515,-1.4352106241121048,0.7866172248220371,0.22
2516,-1.1329830498481137,0.9509972286093058,0.28
2517,-0.9131951497364938,0.9853666969151511,0.33
2518,-1.000192297503661,0.8848954818479359,0.21
2519,-1.7273217316734624,0.8324477898256332,0.19
2520,-1.2221373173973595,0.8907812935463003,0.21
2521,-1.294270599104599,0.9245974257444073,0.16
2522,-0.8047935461965825,1.049376388026989,0.23
2523,-1.1360720643658326,0.9942859507997747,0.32
2524,-0.7819284098286068,0.9664484389130625,0.23
2525,-1.0873557285006108,0.9512911767628485,0.25
2526,-1.0395923036718815,0.9572721642863974,0.18
2527,-1.6801930809666756,0.7325326498067966,0.16
2528,-1.145324245280961,0.9273893584934102,0.28
2529,-1.2468310734383932,0.7587524511399394,0.2
2530,-1.7019432249087472,0.7927224923727474,0.17
2531,-0.7871490006322449,1.0350990554548551,0.25
2532,-0.9823727915820548,0.8939331782500274,0.25
2533,-0.8424863233076973,0.9867706592096436,0.26
2534,-1.2453483891982307,0.9043995632835083,0.25
2535,-1.5189601990553518,0.8093711715573292,0.25
2536,-1.1118365146499753,0.9298811570988704,0.21
2537,-1.4324537454256674,0.8527609209531656,0.24
2538,-1.40467333063027,0.8814556983391949,0.21
2539,-1.2873688203985887,0.8772532893547854,0.21
2540,-1.334513170268172,0.8666306515441223,0.19
2541,-1.1259072333608815,0.8821589553982576,0.25
2542,-1.2183163762828815,0.8222331209094031,0.16
2543,-1.0713064104305239,0.864917715565023,0.21
2544,-1.5704474101713928,0.7106124294033882,0.2
2545,-1.4400674254602712,0.6364844166213405,0.19
2546,-0.8559651095538575,0.9380457268951864,0.25
2547,-1.079979603163604,0.9779888989044018,0.25
2548,-1.6451355649766761,0.7074505262560719,0.2
2549,-1.5585873814800504,0.8108629149431527,0.21
2550,-1.5353261975934311,0.9034364040425998,0.24
2551,-1.1842848680807754,0.9302875446653144,0.22
2552,-1.3279572697978574,0.9210956867521078,0.18
2553,-0.3798746301365978,1.1140540068985016,0.26
2554,-0.9186554647482272,1.0928112200249176,0.29
2555,-0.8550529113666352,0.8679555583804324,0.26
2556,-0.9296136205607953,0.9751629474828039,0.27
2557,-1.3480511312148764,0.9751565679884112,0.22
2558,-1.050897318474656,0.9209179494037728,0.24
2559,-0.8034952597914199,0.9246149235831266,0.32
2560,-1.2559755497712957,0.8241972876371316,0.21
2561,-1.1622118698934434,0.9712023306833931,0.19
2562,-1.3016263222943627,0.8188240286241684,0.24
2563,-1.6733573831456128,0.7730049790428236,0.18
2564,-1.2231158786228689,0.848161513203486,0.24
2565,-0.8285681726797983,1.027963759658117,0.26
2566,-1.5710694227964785,0.7909716615618748,0.25
2567,-1.394506905260823,0.9061915465105637,0.29
2568,-1.0880386707789715,0.9891571090649606,0.28
2569,-0.8037638955290352,0.9944047533175275,0.22
2570,-1.2478790603632637,0.843065879559867,0.18
2571,-1.2257238866030742,0.8995330655729529,0.3
2572,-0.9411045854549032,0.9084139882410001,0.28
2573,-1.2972761613677743,0.9578827930760621,0.18
2574,-1.2043087884915011,0.9206159861310563,0.24
2575,-1.2288872762476928,0.9172510342867299,0.2
2576,-1.3288564921316857,0.9727589341037098,0.3
2577,-0.8391740862160311,1.028171022411174,0.26
2578,-0.9753361313480363,0.9117300438571055,0.3
2579,-1.0281185913755506,1.0045884055296594,0.28
2580,-1.3875238323876584,0.7315227083007505,0.21
2581,-0.8322921703035651,0.9958654784778238,0.25
2582,-1.0530323907556554,0.7712943282839627,0.25
2583,-1.369944840360004,0.9277207849797148,0.18
2584,-0.7564786691341209,1.0376878428175234,0.27
2585,-1.1255463512288555,0.8802877291089561,0.31
2586,-1.780682680325496,0.8047668482825457,0.21
2587,-1.1648990003981674,0.9347698941256926,0.29
2588,-1.7160056767211285,0.6920586883042803,0.24
2589,-1.2065469409000227,0.91465847652538,0.28
2590,-1.0072861450459225,0.9983521204874887,0.28
2591,-1.1829896815072558,0.8554908301557205,0.23
2592,-1.0557105170205279,0.7402308384615068,0.25
2593,-1.142874739453387,0.961232877663282,0.3
2594,-1.2293852382273487,0.8540457632151148,0.27
2595,-1.5858107859831991,0.7893008215617026,0.2
2596,-1.0016457351597121,0.9045965193987595,0.26
2597,-1.2050680504990379,0.8936315479218115,0.21
2598,-1.1612228003778446,0.9531142290125075,0.29
2599,-0.3627760658130925,1.0333616192916466,0.29
2600,-1.581505485774988,0.8564408994854218,0.2
2601,-1.5307391278200828,0.7964842928795381,0.19
2602,-0.8896487330485072,1.0964676507678859,0.31
2603,-0.9565269191098803,0.9672208489799504,0.29
2604,-0.8240993023920331,1.085700346612467,0.28
2605,-1.268272251324639,0.9030469933169999,0.23
2606,-1.683426981129893,0.7328799332260033,0.21
2607,-1.5017123430891994,0.7785960033559362,0.21
2608,-1.7356436316458874,0.7756924692601648,0.19
2609,-1.3563072113332606,0.763878769284385,0.19
2610,-1.9341605481301665,0.8394738993291843,0.18
2611,-0.9572865272076657,1.0161527385182278,0.26
2612,-0.9781609128614462,0.9762115119088349,0.3
2613,-1.0916380878087621,0.9050876689577982,0.26
2614,-1.082346090396412,0.9597918246496968,0.26
2615,-1.3643988094168404,0.9471151260909519,0.2
2616,-0.9037745305865864,0.9811477048779627,0.25
2617,-1.0155646222662456,0.8664533776564174,0.25
2618,-1.281129697920972,0.8498337963986928,0.22
2619,-1.028281604142637,0.9265294625170121,0.27
2620,-0.9402395554714704,0.9087305920774971,0.27
2621,-1.35811557463687,0.9491573253952833,0.25
2622,-0.8998602508382062,1.0121924382575842,0.26
2623,-1.6172007375954534,0.8121182060999621,0.14
2624,-1.0108851487630348,1.0057190517686636,0.33
2625,-1.1177419824902226,0.9290198462250268,0.32
2626,-1.2675129994198455,0.7929697477391211,0.23
2627,-1.1150917463732417,0.8163612227390954,0.23
2628,-1.1450348881326002,0.9156409791257218,0.24
2629,-1.1507349817475174,0.945717591941821,0.22
2630,-0.9107607462080771,1.0062525791320776,0.31
2631,-1.2517432888643922,0.8672824142523012,0.24
2632,-1.0189953662272995,0.8442085028214873,0.26
2633,-1.5117352031327167,0.8172296830382108,0.17
2634,-0.833702117865812,0.9442233831728452,0.31
2635,-1.4095722914123252,0.8228598862451577,0.23
2636,-0.6582647144403135,1.1228897282991692,0.26
2637,-1.6846562737302953,0.7904710711905527,0.18
2638,-1.3325718191397842,0.8168360125713499,0.17
2639,-1.4038048366332248,0.8186932756309077,0.22
2640,-0.9850288054517087,1.006072970081518,0.21
2641,-1.4673853072045808,0.8534709074802538,0.25
2642,-1.1258882986415286,0.9977570845542515,0.31
2643,-1.0482648687989955,0.8965138139787667,0.23
2644,-1.3060368061807566,0.8875815448943751,0.21
2645,-1.009057606969388,0.9372866490311086,0.22
2646,-1.2704714261112953,0.7348155997480015,0.21
2647,-1.512177389579013,0.9115645704694407,0.28
2648,-1.2981207457213992,0.9835754543146094,0.24
2649,-1.5105673785456195,0.7296919603870222,0.2
2650,-1.0598094831866087,1.0564462045922043,0.24
2651,-1.242717781520512,0.8977569232696797,0.24
2652,-1.6715491874545267,0.7819695158282972,0.15
2653,-1.809548884101699,0.6519837900704395,0.29
2654,-1.4650581331492132,0.8097557813185783,0.21
2655,-0.9122932555351173,0.9687700970951267,0.26
2656,-0.9890169551857839,0.9859265609827197,0.26
2657,-1.2919339911921843,0.9077187782315461,0.21
2658,-1.1379370694151556,0.9534922261986472,0.28
2659,-1.1772833736840607,0.8602020925200529,0.26
2660,-1.5726621940446832,0.9151547676136499,0.19
2661,-1.636404152413668,0.7374678632365643,0.18
2662,-0.8470166706853155,1.134571519121871,0.29
2663,-1.4695560031271842,0.8363062156491791,0.27
2664,-0.8691086855900049,1.1046461923811977,0.25
2665,-1.281137165179387,0.8701820041572199,0.21
2666,-0.9823730825133227,1.1050365782821343,0.33
2667,-1.047418654991616,0.9982410793061021,0.26
2668,-1.1265396668529715,0.9640269600339576,0.28
2669,-1.202393680734117,0.8764717299277516,0.24
2670,-1.4105028544162366,0.7764675640858499,0.23
2671,-1.0827603877425676,0.7845958406316242,0.25
2672,-1.7286787565281767,0.7138230404253615,0.19
2673,-0.7535669899331111,0.8537999664508807,0.25
2674,-1.2784631054426596,0.9781895923503307,0.19
2675,-1.2247174538241459,0.78039488434259,0.23
2676,-1.3437854413409658,0.8024850331088799,0.17
2677,-0.9093758469859271,0.9132757795043526,0.25
2678,-1.4131221376949188,0.9210026337222597,0.19
2679,-1.2525428570813741,0.8180220397877177,0.24
2680,-1.1860927460432038,0.9188151873748264,0.2
2681,-1.3694339957404684,0.9522301814007712,0.24
2682,-0.8876366929262786,0.9973441710373129,0.24
2683,-1.033101372494211,0.9945239495691657,0.3
2684,-1.5765970618014564,0.7969872129541183,0.19
2685,-1.2874716642367454,0.7654913067753668,0.23
2686,-1.0247262511637953,1.0794974162539197,0.22
2687,-1.3555150087645174,0.9037683093421554,0.23
2688,-1.3169900700775583,0.8905003876490075,0.26
2689,-1.1969900539540062,0.9030503107516665,0.19
2690,-1.230230430700147,0.9405258145704586,0.29
2691,-1.7084284613086225,0.741326614269155,0.18
2692,-1.2606345875766922,1.018925458756264,0.18
2693,-1.187583491300712,0.8837499102566987,0.22
2694,-0.5961086543545648,0.9217645248982612,0.28
2695,-1.485814404258816,0.9374546838554381,0.21
2696,-1.1904402495632294,0.9629086299735603,0.28
2697,-1.3288159005011502,0.8765984161959491,0.26
2698,-0.7773303867342078,0.9850786928839385,0.26
2699,-0.983881173620288,1.0779766273028433,0.27
2700,-0.5813521423936467,1.0766842900011282,0.27
2701,-1.808625538552525,0.758445035307938,0.2
2702,-1.1963812970667602,0.8208679213001401,0.23
2703,-1.265163353362745,0.8124275975315177,0.22
2704,-1.5833268854127525,0.7406365653325787,0.12
2705,-1.0835787333348896,0.9149462203516728,0.28
2706,-1.6009980622633042,0.8306373679734494,0.22
2707,-0.8666204338805098,1.0324993928479658,0.31
2708,-1.1042423366638352,0.7922303367013867,0.2
2709,-1.5547088767448833,0.7518481719613027,0.22
2710,-1.5433081421430939,0.8355545016716478,0.27
2711,-0.9376659695632878,0.870340881623781,0.23
2712,-0.7643371929078948,0.9425772864685102,0.34
2713,-1.330675723163266,0.7278247272437853,0.22
2714,-0.9366374472460716,0.9822325027856013,0.28
2715,-0.9785716568786187,0.9194654398123641,0.27
2716,-0.8922563927814348,0.99950851710007,0.28
2717,-1.1197429182841243,0.7956782511147877,0.26
2718,-0.9120805750016098,0.9566036192151958,0.27
2719,-0.8954243917797416,1.0266658415594676,0.29
2720,-1.4752611997695118,0.8762845246262231,0.21
2721,-1.447526229788516,0.923679953946657,0.25
2722,-1.1987779089655093,0.8832127973683006,0.23
2723,-1.709493280787234,0.8156553803918288,0.2
2724,-1.1646408450866264,0.857837455831629,0.24
2725,-1.0995314716912958,0.9724972901609027,0.25
2726,-1.6481050532333317,0.7561349456077209,0.22
2727,-1.5697672735470116,0.8906062832377117,0.19
2728,-0.8702529845148451,1.1027528705171297,0.26
2729,-1.3642933444618424,0.9075083326862833,0.27
2730,-1.2017412067428166,0.9158648882287421,0.22
2731,-1.0274964360334355,0.9735687168113999,0.29
2732,-0.9476814400180857,1.029039897055877,0.33
2733,-1.2809717883378258,0.7795053639129054,0.26
2734,-0.864252557700155,0.9296616611877991,0.23
2735,-1.2827657471107108,0.81522194214111,0.23
2736,-1.0575965020727967,0.9423915215252395,0.29
2737,-1.8735401068766526,0.6956299724569857,0.18
2738,-1.4863493611146268,0.870951974356002,0.21
2739,-0.8520071460115599,0.9266405610946887,0.34
2740,-1.688692984560907,0.9324204402781154,0.19
2741,-1.2111261030641476,0.9977392624900329,0.27
2742,-1.0376145113213218,0.9098657087634717,0.29
2743,-0.9310835206086927,0.897315122256412,0.33
2744,-1.0291462976555452,0.9089489284890767,0.27
2745,-1.5036212695732656,0.8613232429968484,0.18
2746,-0.7790878400486898,0.9440104268365068,0.32
2747,-0.8524485246969136,1.0413730390694431,0.21
2748,-0.9446291566596802,0.898440626328913,0.27
2749,-1.238143099462719,0.9984417873807078,0.24
2750,-1.3149333136778245,0.7632846461052368,0.16
2751,-1.235392984286674,0.9153722782339568,0.24
2752,-1.505996512216978,0.7730287256767611,0.17
2753,-1.3892376233302386,0.8919121063878775,0.3
2754,-1.2181336410570993,0.7678201845422657,0.21
2755,-1.2731048579136888,0.7632116026417995,0.21
2756,-1.4382327638582393,0.8170803511303226,0.15
2757,-0.9902676862693214,0.8768749136413271,0.24
2758,-1.326397265363629,0.8992395311877397,0.24
2759,-1.0235208945321237,0.9580138023242415,0.25
2760,-0.9098661103314122,0.9133973506488315,0.29
2761,-1.643014799361587,0.8212023261016279,0.2
2762,-0.9278826835220457,0.9644858379216765,0.24
2763,-1.324709871818947,0.9169798162240069,0.18
2764,-1.0457293049743095,0.840142313810841,0.25
2765,-1.1515425338095773,0.9542450237156413,0.25
2766,-1.1479534852781075,0.9015174167687334,0.22
2767,-0.95184084048431,0.8551625858186882,0.27
2768,-1.138513735961346,0.8065929987657473,0.24
2769,-0.7546051690268262,0.9466132925961331,0.32
2770,-1.034770910494345,0.9072168759191619,0.27
2771,-1.2548000984823198,0.8732356646640776,0.23
2772,-1.5553559614320038,0.8768413008457472,0.21
2773,-1.0150273122560163,0.9804885892266235,0.21
2774,-1.416796578784845,0.7646250944192922,0.23
2775,-0.8465371657595578,1.063020982169075,0.29
2776,-1.1992015063424033,1.0024426136775124,0.3
2777,-1.0261905792130404,0.8462446097092422,0.2
2778,-1.0999442852003947,0.9770735540153842,0.29
2779,-1.2980371905826886,0.8508424259201856,0.2
2780,-1.2993912878342109,0.9426868947507291,0.25
2781,-1.125227037870967,0.905820053149497,0.26
2782,-0.9170827376393266,0.9532523148118252,0.25
2783,-1.3392433283587448,0.8915097150794693,0.24
2784,-1.0026786486565533,0.9760954803674262,0.21
2785,-1.3961735333751732,0.9358257262811651,0.27
2786,-1.6402184248640617,0.8573774695628567,0.23
2787,-0.5295064098861934,1.0514850716965967,0.31
2788,-1.0351323015854978,0.9931903911444391,0.25
2789,-1.624273103548037,0.7626978118751248,0.24
2790,-1.155242743454255,0.8080424428973754,0.32
2791,-1.606028312272119,0.8269230552493066,0.18
2792,-1.3771134279814061,0.8676578329307848,0.21
2793,-1.2155529980690853,0.9210734843521837,0.28
2794,-0.8518784969899498,1.00083364537042,0.27
2795,-1.0197740004835487,0.9604855493283045,0.27
2796,-1.424074107302488,0.8119584855367517,0.23
2797,-1.3481828258716573,0.8843264423340473,0.22
2798,-1.0766361910971733,0.9105281014002843,0.26
2799,-1.391708862387146,0.8745531699420362,0.24
2800,-0.5445984035441621,1.0199052838805955,0.28
2801,-0.5032662158814258,1.123594022291456,0.32
2802,-1.109088558546422,0.8935465523072758,0.26
2803,-0.6671736205814228,0.978092888643403,0.3
2804,-1.1099012291889228,0.8599179083418257,0.29
2805,-0.9387252485730406,1.005409712808231,0.23
2806,-1.5242208926751406,0.7495437926868453,0.23
2807,-1.3409522557859601,0.7813616453155093,0.21
2808,-0.9201601471741614,1.0067940501173298,0.22
2809,-1.0279513141685444,0.9953250532473199,0.2
2810,-1.3407133912389415,0.7753725333345804,0.23
2811,-1.3167262155018253,0.8841733143692225,0.19
2812,-1.4546962633861973,0.8210962996252265,0.22
2813,-1.0332674656106917,0.9633271352506556,0.19
2814,-1.3322984786094434,0.8466471758755872,0.27
2815,-1.1303431503584143,0.8984918998463555,0.26
2816,-1.3410650202611298,0.907286465473394,0.23
2817,-1.0048327400423616,0.9311350755377711,0.29
2818,-0.9497325097157987,0.9672556428240613,0.3
2819,-1.3456638281465376,0.9159552069921846,0.21
2820,-1.9274324513817742,0.62496195611391,0.21
2821,-1.705116247750641,0.8023198283697667,0.21
2822,-1.2506767692048182,0.8989076277176228,0.27
2823,-0.7692071800990772,1.0357162435888803,0.29
2824,-1.0930265118114506,0.9126374269700669,0.21
2825,-1.4600156270689757,0.791021262093717,0.16
2826,-1.1526525115215203,0.9290863524751513,0.28
2827,-1.0320242476615151,0.7745097903214015,0.31
2828,-1.4272191664985643,0.9057766516340061,0.23
2829,-1.4475892148439482,0.8586128602624385,0.21
2830,-1.2616984193076668,0.855901430365197,0.21
2831,-0.9349249700087043,1.0409248398920612,0.24
2832,-1.4210125190426752,0.8609309145541633,0.24
2833,-1.2057735628843702,0.843779697526621,0.18
2834,-0.9932437715601867,0.8485157756175012,0.25
2835,-1.028775522714905,1.0460097759974811,0.25
2836,-0.8210951076739923,1.0681737993101468,0.31
2837,-1.2543234838082566,0.8051149024852619,0.14
2838,-1.4050900350708773,0.9158631570664341,0.2
2839,-1.265495417320051,0.9562732871889814,0.22
2840,-1.3527413091611624,0.906183107425612,0.18
2841,-1.2139956563763308,0.9316002819334909,0.19
2842,-1.4573252073533192,0.8988154117885634,0.2
2843,-1.316452596571142,1.0726704563212652,0.22
2844,-1.9281249564490144,0.7699599283696823,0.19
2845,-1.1695277705338791,0.9184858919683532,0.26
2846,-1.4369386548841216,0.7830084695532155,0.18
2847,-0.9568960355528442,0.9394333646868986,0.28
2848,-1.26745792998976,0.9104748212880068,0.25
2849,-1.6317476211328363,0.7866853730682398,0.21
2850,-1.3531696133992694,0.901429801656717,0.24
2851,-1.2394215948448837,0.8907904039723605,0.24
2852,-1.0130114456941715,0.9452561901260228,0.25
2853,-1.562755043567753,0.7798897552394783,0.16
2854,-0.725510264452299,0.991608379882438,0.27
2855,-0.8388770853464501,0.9041172858542956,0.28
2856,-0.9965587453568167,0.8828998412835309,0.26
2857,-1.2435063209443988,0.9275115937727534,0.18
2858,-1.2378826196377397,0.8632716407599988,0.3
2859,-0.5731265646321897,1.0534559200810494,0.24
2860,-1.4547072429390675,0.9775991194541472,0.28
2861,-1.2286654926184462,0.9732797513711603,0.22
2862,-1.7993790786479533,0.8449091600365912,0.19
2863,-1.1185346226368198,0.8756345921791929,0.27
2864,-1.2246909079748527,0.843146378429981,0.24
2865,-1.391024421661681,0.908155605552404,0.23
2866,-1.0467377598715732,0.9370615102179153,0.29
2867,-1.3717520298709693,0.8305858685409505,0.21
2868,-1.0068784500977381,0.8873278976083686,0.24
2869,-1.0932769372582463,0.852268938520031,0.31
2870,-0.9979252481811419,0.8739296872609763,0.26
2871,-1.16548759605396,0.9462978976757778,0.24
2872,-1.2722051364134368,0.8793422604374916,0.21
2873,-1.1375589404908157,0.9070058187943004,0.24
2874,-1.5510892805323238,0.9490708895626753,0.24
2875,-1.5897656598610501,0.9314676191685101,0.23
2876,-1.5608654390589265,0.8347921653873872,0.19
2877,-1.0422575546384478,0.9068113909068629,0.29
2878,-1.2111597860567525,0.8602153177953129,0.31
2879,-0.9015245393904422,0.9344841909082251,0.28
2880,-1.1305808496315688,0.8287325352773688,0.24
2881,-1.0283832945297706,1.026499770241371,0.27
2882,-0.9850583333600079,1.1517965005083368,0.25
2883,-1.3662652022260893,0.7066533043166207,0.19
2884,-1.2019606076325493,0.9095479806899042,0.24
2885,-1.022138061712369,0.852114675702078,0.22
2886,-1.4446287735113694,0.8343284603026382,0.17
2887,-1.2461715088045933,0.9201576979454926,0.2
2888,-1.232809288390464,0.8243526578826029,0.2
2889,-1.0745567467217374,0.7132993556868692,0.23
2890,-1.5223818930307897,0.8534397782780112,0.22
2891,-0.8495922871763942,0.8959036769004182,0.32
2892,-1.1192038909319044,0.8683825595581499,0.22
2893,-1.034373851094675,0.9124241694624463,0.27
2894,-0.8524305222959103,0.9305585543190074,0.29
2895,-0.9320346322239795,1.040719454481038,0.23
2896,-1.2694744653751926,0.8160753475790663,0.23
2897,-1.7025419113295037,0.7029616785907087,0.21
2898,-1.2810590774011852,0.9438688066282975,0.28
2899,-1.072947213983367,0.8739440602005252,0.26
2900,-1.4728857848010022,0.8044703038772296,0.17
2901,-0.9644336172054194,0.9517400824650225,0.3
2902,-1.1560629828122981,0.9491236398991088,0.22
2903,-1.0785461892721202,1.1171512765648464,0.31
2904,-0.8849924898339724,0.9551015790524197,0.3
2905,-1.5083396429201403,0.7757882278546763,0.14
2906,-0.8885026932185989,0.9222064873215821,0.25
2907,-1.2680802268150753,0.8859480626799197,0.23
2908,-1.2971338904918874,0.9621886782823258,0.15
2909,-1.0963212039574401,0.9548123760217448,0.26
2910,-0.877957249515471,0.9901745098295731,0.25
2911,-1.1959983429981955,0.9464478818183979,0.27
2912,-1.45715602704972,0.7762877463460431,0.21
2913,-1.026912194462477,0.965787611404092,0.28
2914,-0.7927084042305447,0.9453389645552707,0.27
2915,-1.420854155340996,0.8266601320216646,0.19
2916,-1.166504873473584,0.8997541676628505,0.26
2917,-0.8790984448145883,0.9583232714261979,0.3
2918,-1.0322195804997722,0.9514351621692022,0.31
2919,-1.4661416555683868,0.8261854231602829,0.19
2920,-0.6625229430146272,1.0714197433236616,0.32
2921,-0.8869292554651759,1.0355563748628165,0.25
2922,-1.3557044511461402,0.8175695983370883,0.21
2923,-1.048357293301777,0.9623968294824341,0.31
2924,-1.7360272624158979,0.7523515772607816,0.18
2925,-1.0167571487115277,0.931806155281228,0.24
2926,-1.2964516520412703,0.814316721147681,0.31
2927,-1.1688471988102886,0.9647869178620645,0.21
2928,-1.3747663675687811,0.836259311143718,0.21
2929,-0.9650883031558819,0.9708303066366568,0.31
2930,-1.2005058238052746,0.9700980120329322,0.28
2931,-0.9996971812918198,0.9388410344496042,0.27
2932,-1.0861225607251415,0.9581718021214695,0.25
2933,-1.468443703251845,0.943381772419309,0.27
2934,-1.4610483431510088,0.8314748820231489,0.18
2935,-0.9463446071445618,1.0870400572722607,0.31
2936,-0.6561723190706104,1.0227870433430808,0.33
2937,-0.7133907460820791,1.0420919500379515,0.33
2938,-1.1518742340307246,1.01899525466853,0.22
2939,-1.2490044619374354,0.8875570746947594,0.26
2940,-1.3405127473222287,0.8969285353005886,0.18
2941,-0.8533029575810902,0.9488083878811406,0.28
2942,-0.9449111730506584,0.8674018954178868,0.22
2943,-0.9981071782881624,1.0639968803337168,0.3
2944,-0.7549327686582167,0.9934401651941652,0.26
2945,-1.7738538428583863,0.6981237552401268,0.17
2946,-1.1598735263663542,0.8041017375638182,0.22
2947,-0.9431257953408734,1.0151657244635117,0.27
2948,-1.338321937891415,0.9428725526230852,0.2
2949,-0.894168723598587,1.0173072952135072,0.25
2950,-1.373030586456806,1.0543200664347814,0.26
2951,-1.6557113696844015,0.7384548309397588,0.14
2952,-0.9596650927831775,0.9639019777263297,0.29
2953,-1.0789601890613725,0.9000120863315203,0.2
2954,-1.092323896020201,0.9487606064094156,0.24
2955,-0.6105346348686577,1.0356706252957169,0.3
2956,-0.8191612967664054,0.9553458166230545,0.29
2957,-1.070247203063854,0.8537142504547341,0.31
2958,-0.6276835727480455,1.082724434970006,0.32
2959,-0.8501219163531738,0.959259331563099,0.21
2960,-0.9542863383892088,1.0282420830091916,0.24
2961,-0.9222906583345697,0.9033078490752708,0.29
2962,-1.4977428920665452,0.7902359631329834,0.25
2963,-1.5921323328764925,0.8168708507932414,0.22
2964,-1.14484858802247,0.9345459240105473,0.18
2965,-1.1394528593682236,0.9344631460910784,0.25
2966,-0.8077104332192472,1.1995314650783866,0.27
2967,-1.4363639996417132,0.83053455542488,0.25
2968,-0.7979195190236443,1.0173100839961677,0.28
2969,-0.8373888293740686,1.0720417752807452,0.24
2970,-1.4052162236231078,1.073702839129545,0.2
2971,-1.287064909096144,1.0337518563735886,0.18
2972,-1.1495643163676599,0.7928366441718196,0.23
2973,-0.8105138380536274,1.0025180200255206,0.27
2974,-1.5220087478127242,0.7856940490509622,0.24
2975,-0.7510293184753206,0.9074807670499939,0.26
2976,-0.7404631470835318,1.0715080537877126,0.2
2977,-1.044102967139101,0.860322092274363,0.29
2978,-1.179988267390687,0.8132111980538859,0.25
2979,-0.7414670857910153,1.1273782661233822,0.27
2980,-1.0528833238572677,0.9640822929063292,0.25
2981,-1.7121635699831288,0.7810762944725487,0.21
2982,-1.4387446433098676,0.8191465970341573,0.21
2983,-1.2947743919325967,0.8452722995660261,0.25
2984,-1.2261974194222396,0.8424762202659147,0.21
2985,-1.5412620110030892,0.6778762849294309,0.2
2986,-1.3575614052913776,0.7943565483980968,0.21
2987,-1.681242556949687,0.6833171674001683,0.19
2988,-0.8612617438287881,0.9098668175651635,0.3
2989,-1.3932003516291687,0.7785123192043923,0.26
2990,-1.277361369162451,0.9513849574230617,0.24
2991,-1.3088426412806933,0.716343537714177,0.27
2992,-1.6054251694241004,0.8904684926837827,0.26
2993,-1.461948871481184,0.8264020605190376,0.19
2994,-0.6493199674852909,1.1151861953847437,0.23
2995,-1.54209668239256,0.7838764047059986,0.24
2996,-1.232340347475642,0.9710471901156681,0.18
2997,-0.8710024187839954,0.9634519414522563,0.25
2998,-1.5158143016312997,0.8066425701797325,0.2
2999,-1.158624651415087,0.8674454836982052,0.34
3000,-1.3765582744330047,0.8222177358308208,0.18
