episode,avg_reward,avg_secrecy_sum,qos_satisfaction_rate
1,-3.9320030317392964,0.8908301655748965,0.14
2,-4.690648667242584,0.9119360730266507,0.08
3,-3.9690952417034664,0.7670380629672637,0.06
4,-4.446161112428323,0.9632837772414753,0.08
5,-4.158967928212558,0.8007991198118019,0.11
6,-3.8392450272198513,0.9026206459264345,0.08
7,-2.9200817460445614,1.017241819155748,0.1
8,-4.580282607156852,0.8178489688476652,0.06
9,-3.7005854188135014,0.8624221041365252,0.12
10,-4.692795153837801,0.7224668742252525,0.08
11,-3.648605314544265,1.1184300081056717,0.23
12,-3.5411254644948142,0.9863803840576831,0.01
13,-4.1788215507278315,0.875150572054058,0.0
14,-4.0132962689377045,1.0087679128449452,0.0
15,-3.9723845693213673,0.9342777436348415,0.0
16,-3.824483890110663,1.086846509531151,0.0
17,-3.9231847553290837,0.9967170161247709,0.0
18,-2.8967769278410156,0.835053768589751,0.07
19,-1.4926493264709817,0.9635774742544004,0.3
20,-2.2195918001495305,0.8843708900899325,0.31
21,-1.9871173115744016,0.7052673651686896,0.31
22,-2.0102835405039428,0.9095937435361887,0.27
23,-2.200400813109908,0.75294160480955,0.29
24,-1.8853645565378299,0.875222755993062,0.3
25,-2.075017599439106,0.9064585443274672,0.2
26,-2.182364763658062,1.0226703456930286,0.24
27,-3.1234053634756553,0.7790324168955248,0.32
28,-2.8260455746771687,0.6840722732606929,0.27
29,-1.828969745732013,0.9939788772909782,0.33
30,-2.4172496659327702,0.8668370802431078,0.23
31,-2.00598271934145,0.8575475645419766,0.28
32,-1.923946274598248,0.8253720953438137,0.3
33,-2.160504852192934,1.0534562324019328,0.39
34,-2.3416756560524368,0.7691195467952836,0.25
35,-1.341490253467113,0.9477267426250373,0.42
36,-1.7636652965430115,1.0653505031175243,0.33
37,-2.9681369926433003,0.767615936868056,0.26
38,-2.5577858483188054,0.8258505829715149,0.26
39,-1.7627459831211871,0.8420408976686689,0.32
40,-2.4933684728266186,0.8392955934462937,0.26
41,-2.713223143707887,0.9418144679724395,0.29
42,-2.5687952980566355,0.8653767191516137,0.29
43,-2.0340378059236737,0.9228012491684732,0.3
44,-2.575966680487515,0.7966107435524304,0.21
45,-2.6031749915177023,0.7920834100473944,0.38
46,-2.014628810255984,0.8959563975903819,0.34
47,-3.0601435823409493,0.7876618801309198,0.34
48,-2.5900568924887915,0.6293664347753412,0.26
49,-3.024700444047673,0.8236739440180035,0.31
50,-2.5215336949244986,0.8304709899469768,0.27
51,-2.092794424140574,0.920013275199839,0.23
52,-2.428912244322344,0.739867182326732,0.26
53,-2.1278884301055454,0.6943327437453165,0.27
54,-3.3991547226005125,0.708498482267877,0.26
55,-2.3501320791809266,0.9567992889375385,0.32
56,-2.0541511465240365,0.9568737636621318,0.38
57,-2.447917052637077,0.9426151425524618,0.29
58,-1.8731239792137233,0.7274262422414977,0.33
59,-1.7382844302267995,0.8497758640102778,0.3
60,-2.211844549326101,0.9280387736886514,0.26
61,-2.9121131457357166,0.7787480362567096,0.26
62,-2.5717409926328956,0.7037188164350934,0.24
63,-2.30244632087886,0.6881425463847836,0.37
64,-2.162707686939636,0.7348857888264021,0.23
65,-2.769121438568709,0.5816043700904777,0.29
66,-2.085722236855383,0.8526480212740252,0.3
67,-1.9629814876953995,0.8260609576250156,0.35
68,-2.0939609411919466,0.8515330352073406,0.3
69,-2.282230685663663,1.0292243017003653,0.33
70,-1.9132671082981252,0.9024088066177278,0.33
71,-1.9024930792628771,0.7737894926342824,0.29
72,-2.446253723152731,0.6910292868405518,0.29
73,-2.7904863474514645,0.6186219721219663,0.29
74,-2.4491340765148553,0.6743502419063256,0.32
75,-2.205665467388248,0.6897329531003838,0.37
76,-2.896775555062785,0.8346548103076123,0.28
77,-2.350098406835234,0.8862642352647565,0.35
78,-1.4097289266009545,1.0090843177865487,0.4
79,-2.3196179918738937,0.9348543360759995,0.38
80,-1.5355527717664637,0.9606196046456908,0.41
81,-1.8263283081820645,0.8389165190013201,0.32
82,-2.551973946105352,0.6042071010664662,0.35
83,-2.3152644779826717,0.81774610087033,0.34
84,-2.341451837564585,0.8007030866033028,0.24
85,-1.8004257024833275,0.8490671668299796,0.38
86,-1.7865056521424523,0.8739043655922123,0.35
87,-2.501695181000736,0.8308014468626012,0.34
88,-2.4630210592112816,0.7730163746993385,0.34
89,-2.0512722014940294,0.8449272712587839,0.31
90,-2.604571823456207,0.8842842454190276,0.29
91,-2.387577234819153,0.7728233840843006,0.27
92,-2.765160841555682,0.7309897352658459,0.28
93,-2.0521656602090164,0.8402093648945974,0.31
94,-1.8835861290603089,0.6849673372865931,0.37
95,-2.1412593321336995,0.8030118562710176,0.38
96,-2.193775047931545,0.6778660392524897,0.28
97,-2.340301898812763,0.8212492260215146,0.3
98,-2.0321026205978647,0.811040812019873,0.36
99,-1.7319386968780048,0.7090309037507049,0.35
100,-2.113123991221694,0.786708972136268,0.3
101,-2.3745932959157865,0.709536738365282,0.25
102,-2.7604487234864505,0.904233255310574,0.35
103,-2.2183563102251584,0.6180034004008076,0.35
104,-2.4327396020837377,0.8450562213954647,0.34
105,-1.9447096580582917,0.708038236466267,0.34
106,-2.707448567732243,0.7374758922738702,0.25
107,-2.327481437260651,0.5617632652188533,0.29
108,-2.336126594460262,0.8345103745915421,0.33
109,-2.2149182502174103,0.6493592489885041,0.32
110,-2.2018057123006662,0.7862812296944756,0.28
111,-2.8346756090301146,0.6133970634849478,0.29
112,-2.431157507116441,0.6172942300185752,0.32
113,-2.2697833013181627,0.7750408838111623,0.25
114,-1.1667458597130846,1.0302083415070777,0.37
115,-3.436394208649524,0.7544254701217292,0.23
116,-2.1566113079692983,0.8064750268524449,0.3
117,-2.3154665792574907,0.8557542169843759,0.32
118,-2.6343108807052813,0.9468326207796153,0.34
119,-2.0170759158589107,0.9320176566340392,0.38
120,-1.8481733686163186,0.8050153714576196,0.38
121,-2.011659259493353,0.7148469080350042,0.31
122,-1.8180353758760373,1.0405484586239726,0.34
123,-2.1756530771953595,0.9136181177737321,0.22
124,-2.33151778446365,0.6505798579780522,0.28
125,-2.422362362252534,0.7961146901744158,0.33
126,-2.3529254723032493,0.8292626343764933,0.29
127,-1.958708506930947,0.9012943487216936,0.36
128,-2.412468359076388,0.7091432633230628,0.33
129,-1.8723371422099155,0.7567741089079205,0.32
130,-2.917734310971773,0.8274307322254366,0.32
131,-1.8770330951737222,0.7788071971170716,0.33
132,-1.8188221205367296,0.8939717384358136,0.26
133,-1.9270122342865923,0.8704415052006524,0.35
134,-2.6515832227876235,0.6918367581451974,0.36
135,-1.7054960333672977,0.886573221627561,0.33
136,-1.6193644187596035,0.9392112415952404,0.31
137,-1.5776053642983805,0.864067009252064,0.43
138,-1.9890558915651813,0.8184007019310121,0.3
139,-2.1592676249369034,0.9434009558637032,0.31
140,-2.447594553452328,0.688892698814405,0.25
141,-3.297832119232819,0.961156259521085,0.23
142,-2.4559409654020268,0.6333042147996014,0.28
143,-2.5497454424721204,0.7483538199677591,0.29
144,-2.1437511448468314,0.6972353962122437,0.34
145,-1.7355492627349218,0.8859051388141956,0.31
146,-2.227890900751967,0.8109754406669778,0.26
147,-2.033451422275638,0.8735981779866371,0.32
148,-2.157732138651794,0.8665640901873307,0.28
149,-2.0123293833179017,0.8274710053869634,0.38
150,-2.2017203570819195,0.8314231131433506,0.3
151,-2.5967973284118506,0.7131530290346605,0.33
152,-2.28647898582599,0.825397113127559,0.3
153,-2.2308618994073806,0.7706397123964237,0.3
154,-2.3089434001174935,0.7068001623972888,0.3
155,-1.6576884027636296,0.9032186713709733,0.38
156,-2.1436469404861556,0.840438714075216,0.36
157,-1.999545253149564,0.8484631976223518,0.39
158,-2.6869923268594107,0.8111524267711185,0.24
159,-2.4580802080477984,0.8047645549792418,0.37
160,-1.9726044701886707,0.8970990750565581,0.33
161,-1.7985120752320387,0.8159455184259704,0.35
162,-2.5227951833843885,0.9069266398487242,0.3
163,-1.7867634304322002,0.9085297986728671,0.41
164,-3.411550059247844,0.4844493782878027,0.23
165,-2.5115130348512418,0.7964732615962761,0.28
166,-1.6969798970561616,0.886923818735525,0.33
167,-2.1243131630983125,0.8810348917687114,0.29
168,-2.648666796225437,0.6436491622226527,0.26
169,-2.1681867760943407,0.8466075540559878,0.34
170,-2.3290045192929134,0.7136775782465646,0.35
171,-2.2767562443851688,0.6118374053328381,0.38
172,-1.7082149253662453,1.0758625705304194,0.35
173,-2.0121484032068824,0.7362249559250345,0.37
174,-2.3846103167949737,0.8438686875300402,0.3
175,-2.381090519469559,0.7238849082249112,0.29
176,-2.173914638025074,0.8767709312356174,0.32
177,-1.975593639991813,0.9666601960679153,0.36
178,-1.9114968762636784,0.8073300439122838,0.27
179,-1.8481676811406202,0.9101031284198714,0.33
180,-1.7903007850943036,0.8630805296815097,0.35
181,-2.42216011195884,0.7251770261672539,0.28
182,-2.810663528904145,0.8310133925301182,0.34
183,-2.33588264510055,0.6835665729121979,0.3
184,-2.0810500050412473,0.8035086922196659,0.31
185,-2.6173628050064055,0.6381422591512778,0.33
186,-2.5467056980480636,0.7017444080344356,0.36
187,-1.929021845791288,0.8665444342349367,0.39
188,-3.1223609400633596,0.8576336766095086,0.25
189,-2.8243860663827354,0.764234437482773,0.23
190,-2.077408321479357,0.628056201207066,0.32
191,-2.8537186594962405,0.5694300675479489,0.27
192,-2.349762341818171,0.6795053336366048,0.31
193,-2.2491102263629044,0.7238314717127646,0.31
194,-1.9618888233380076,0.8569922500990872,0.3
195,-2.117638859086843,0.8425447679164164,0.28
196,-1.8973108834151358,0.7692336523089489,0.27
197,-2.0507926864307398,0.8190651786637574,0.37
198,-1.48259083941438,0.8670183931896706,0.38
199,-2.5063827428176184,0.6969879098563826,0.25
200,-2.2001992192495234,0.8149074160484118,0.36
201,-2.1747160215990626,0.7790108728131051,0.26
202,-1.4581139578605005,0.9299299013543646,0.34
203,-2.2834295095280144,0.8604832344944338,0.32
204,-2.9289821014121666,0.7209565203752553,0.35
205,-1.83052624109972,1.0752139053777459,0.32
206,-3.295629503061654,0.7569975122181135,0.27
207,-1.6056017015581672,0.8384693251787694,0.39
208,-1.8238212514034364,0.9003626995652363,0.33
209,-3.233259934997937,0.7585052523062952,0.3
210,-2.60254307098065,0.6539150367792419,0.23
211,-1.6485053054803556,0.892039816656701,0.36
212,-1.3152540714467602,0.960043889029089,0.41
213,-1.8205384636943622,0.8198792964802013,0.28
214,-2.0298706106543682,0.7751162098796275,0.29
215,-1.7495791132995524,0.928947990544126,0.31
216,-1.8431497377440158,0.9166997856638325,0.36
217,-1.7718091050040037,0.9041043107767942,0.33
218,-2.1717511973875334,0.6497309882406177,0.32
219,-2.6336379660527856,0.7477084284147603,0.27
220,-2.1358351402855567,0.7288451229634506,0.29
221,-2.183291017730832,0.8026801270353195,0.37
222,-2.4993587288668526,0.6390714302666789,0.26
223,-2.1992743656349187,0.6849375985585057,0.31
224,-1.9367638540033725,0.9451047529211221,0.31
225,-3.657643712733571,0.8917664576823541,0.33
226,-1.7172537722517862,0.9427566767576372,0.34
227,-1.9741332353734475,0.8199210800251268,0.3
228,-2.1274667300113963,0.622260958126476,0.39
229,-1.9043736521594645,0.7900462470956271,0.31
230,-2.3052465194918845,0.7824964281999324,0.32
231,-1.851529960278765,0.8554079387979384,0.34
232,-2.1863643390662255,0.7043680721399387,0.3
233,-1.9708661144991033,0.8604717136399657,0.35
234,-1.3713386270230086,1.1552238211913766,0.45
235,-2.4877977129647966,0.7836097366078887,0.28
236,-2.444281193515509,0.7890764156155332,0.29
237,-1.6411591029780817,0.8701017322130208,0.33
238,-1.9282851797651939,0.8304116416389362,0.31
239,-1.9548763056361238,0.8078648227931354,0.29
240,-2.249435699900967,0.9044166841566628,0.36
241,-2.2513862638998177,0.8954480953544041,0.32
242,-2.4344442799437678,0.6925729825269561,0.29
243,-2.0938381205805157,0.876489521748992,0.35
244,-2.0285876358171495,0.847898376154689,0.24
245,-1.6996257167600235,1.0252146054404787,0.38
246,-1.6072463040889426,0.8140210760314739,0.4
247,-1.8929716133653738,0.9796945467696095,0.37
248,-1.9365641007626788,0.7701060122169764,0.32
249,-1.5890447420088856,0.9195112549014876,0.4
250,-2.00773041598696,0.8481853916323203,0.32
251,-2.1089643099551263,0.9004535904191158,0.29
252,-2.420012833148531,0.877524870558696,0.27
253,-2.197433226324479,0.7469956449972431,0.3
254,-3.0038533151841746,0.5991022720419167,0.17
255,-2.1511792791954454,0.8434390973796425,0.32
256,-1.7522493309428353,0.8738248521187013,0.38
257,-1.8236927361511621,0.8008549777399516,0.32
258,-2.2505649487575097,0.6540240515944666,0.34
259,-1.7208617005533862,0.762019439480065,0.34
260,-2.1008725359471536,0.8659831776920724,0.38
261,-2.0969884669817542,0.8177335949320433,0.27
262,-1.4059014134471752,0.9622050132730017,0.34
263,-2.5744266488837644,0.7312062708334871,0.29
264,-1.7611835021675777,0.9839732024217459,0.35
265,-1.8568568187799301,0.9749249534532658,0.35
266,-1.726262565740473,0.8474625023690752,0.36
267,-1.844961450439814,0.8565602443946934,0.4
268,-2.4312210088473036,0.7811001726856791,0.29
269,-2.0374497564082628,0.9989826134731602,0.32
270,-2.5088440020316027,0.5588504384614126,0.28
271,-2.5516554128636577,0.6141384448389288,0.28
272,-2.0066018649795265,0.7421849607465545,0.34
273,-2.460153034838911,0.8061416808276455,0.29
274,-3.528789966316265,0.9483362405195658,0.27
275,-2.5525074893968154,0.5769155947563317,0.31
276,-1.8263080415213226,0.8169966949565848,0.36
277,-2.278129178225407,0.8904649372631193,0.42
278,-1.9584856828094905,0.739277870741127,0.33
279,-1.9817955242214549,0.6491859278451207,0.37
280,-2.049006641631174,0.7669464282394657,0.35
281,-2.3337299119003645,0.8127213991034222,0.32
282,-2.38326333645671,0.7734328517811817,0.3
283,-3.3213399646096287,0.8789899936616525,0.29
284,-1.8099266661925046,0.9151507322381104,0.39
285,-1.6549732132461414,0.8950802190559207,0.37
286,-2.429312257189616,0.7675121490406696,0.31
287,-2.5710281168748903,0.7925439977590584,0.29
288,-2.7582053916730085,0.8550781146255981,0.32
289,-2.1407636080992702,0.8451685046036284,0.31
290,-2.4458316372910573,0.7076240174449535,0.26
291,-2.6349341430717015,0.7166156347273244,0.29
292,-2.0305806285143584,0.8233556357372914,0.27
293,-2.5486010323479356,0.6968108196575412,0.33
294,-2.0707072640790045,0.7611152242413699,0.3
295,-1.7442195770642506,0.7695446948634865,0.34
296,-1.40331692491492,0.9682294458894048,0.41
297,-3.381177947591705,0.7433017096481968,0.26
298,-2.3522194060362454,0.7048644832863209,0.26
299,-1.7347677212970707,0.6936737639827096,0.32
300,-2.0637889485805077,0.8230332668426932,0.34
301,-2.395916462888952,0.7978117721042208,0.33
302,-2.2360283348418384,0.6377632568583906,0.35
303,-2.166520862113298,0.7211004929528368,0.32
304,-2.0976397104874884,0.7939929544552184,0.25
305,-1.613745847641387,0.87083036160395,0.41
306,-1.9963972168953086,0.926368095864131,0.33
307,-2.3764088190871284,0.9904889956751433,0.35
308,-2.383229217299735,0.6089733213844294,0.34
309,-1.1859988523573393,1.1566726663919211,0.46
310,-1.342601844777725,0.9485563607537115,0.34
311,-2.148718488197913,0.7922061697253926,0.31
312,-2.1245869286771715,0.7478958224063496,0.29
313,-1.8456440962539458,0.8471150474192242,0.39
314,-2.789777947828459,0.9560214818565315,0.35
315,-1.9796518700457795,0.8095418643401215,0.36
316,-1.7593743750585096,0.7588810085846279,0.32
317,-1.4821504288502887,0.9714368263522968,0.37
318,-2.8422834977309184,0.5926279917715452,0.3
319,-1.2980477619927995,0.9610219536585437,0.41
320,-2.6507891805437542,0.6948714745515956,0.27
321,-2.1969168298629294,0.7873451201319874,0.27
322,-2.121366399664678,0.7594401603444756,0.31
323,-2.210740773549381,0.7921488174954496,0.25
324,-1.9688651773921086,0.8571545572884017,0.35
325,-1.3117901750873886,0.9064987746238987,0.37
326,-1.6588070610014765,0.738323369731665,0.4
327,-2.6781439027212026,0.8862018004628928,0.4
328,-2.111489891614894,0.7847428357747741,0.31
329,-1.5015944950327151,0.8905194586414206,0.34
330,-2.0688634550115843,0.6634766377416974,0.33
331,-1.4223827824861044,0.9333052008171222,0.41
332,-2.0464536314590607,0.7276484412232275,0.36
333,-1.4472061094550128,0.873108233833299,0.39
334,-2.353676609839857,0.8278968494734579,0.27
335,-2.3865877664325623,0.730699427027142,0.31
336,-1.915261537886185,0.7369829687143377,0.35
337,-2.1717965432276722,0.6862044791482537,0.32
338,-1.962083391503526,0.8301227271620186,0.29
339,-2.007043800789676,0.8868242123827379,0.36
340,-1.6755087641369533,0.7730605143178986,0.37
341,-2.257207893960505,0.9485470645904956,0.4
342,-1.44629398526134,0.8498652994823338,0.38
343,-1.4182476492706302,0.8585397596421568,0.38
344,-1.475806876926026,0.8381543957210315,0.37
345,-1.749207485986245,0.8619820761653588,0.33
346,-1.6548210840774311,0.795933100175195,0.35
347,-3.0889008120917594,0.7217451373751763,0.29
348,-2.2370418857828596,0.618140419439332,0.31
349,-1.9364663483065347,0.8471711993078087,0.33
350,-2.209157011320135,0.7338323144130459,0.36
351,-1.894380009548243,0.7280855387724928,0.36
352,-1.8414095044582353,0.7664031051035571,0.36
353,-1.6664036386583714,0.9210667316374892,0.37
354,-2.4571014189847515,0.7996014700116925,0.34
355,-2.458801557138416,0.691115772965736,0.26
356,-2.0311291178793205,0.7753770777113317,0.27
357,-1.9195971164135799,0.6919539040658713,0.32
358,-1.9166173909060789,0.9453539550492509,0.34
359,-1.725162064669852,0.8460957715364777,0.33
360,-2.486568968702308,0.6719498261605971,0.25
361,-1.661795469666715,0.8717797532258744,0.4
362,-2.792741229939482,0.6152032609599081,0.25
363,-2.4652087959000477,0.9237449969358598,0.32
364,-2.2128180772898833,0.8360448060293274,0.33
365,-1.3773726328396314,0.8922563179964608,0.39
366,-1.830758570778787,0.7695360393253183,0.32
367,-2.118205753285884,0.7565356873322311,0.32
368,-2.2193537010164097,0.6346295320193606,0.27
369,-2.167550905248475,0.6931559098255053,0.26
370,-1.797222298773629,0.8004170333748992,0.32
371,-1.7443394968719657,0.8640558490058148,0.34
372,-2.4867522976688528,0.6551412671142862,0.28
373,-2.185258921107882,0.826402378855305,0.29
374,-2.0655293446420178,0.750239364200424,0.33
375,-1.819920305233296,0.8655706347155298,0.27
376,-2.130666859766023,0.7072064795068735,0.32
377,-2.0606650036256053,0.8863949408257465,0.36
378,-2.673801500126014,0.7310587747668987,0.38
379,-1.826675184244891,0.8711967664204312,0.34
380,-2.08011290241042,0.8987441715967784,0.34
381,-2.092492984957513,0.8006578085711703,0.37
382,-2.0044716585900026,0.8189229115430937,0.35
383,-1.824631907519019,0.900931242004245,0.32
384,-1.9585151826935459,0.8674651320684714,0.35
385,-1.7063001874553652,0.9213038294101287,0.38
386,-2.0635459657146162,0.739846597117861,0.39
387,-2.25531389421645,0.8909394985399934,0.3
388,-1.6365967346544403,1.069494036789768,0.39
389,-1.9329397441581646,0.7593317733357025,0.36
390,-2.4199470658833118,0.8449252109936326,0.31
391,-2.0617273971264236,0.7495774289814241,0.31
392,-2.0548305315731112,0.7719960085120594,0.35
393,-2.5739056070485473,0.8278561847558032,0.25
394,-1.5791673697388624,0.8970140695341571,0.29
395,-1.9468159982711064,0.8401172024566601,0.32
396,-2.427831386002226,0.7089649293731233,0.26
397,-1.673515710632805,0.9159393680517733,0.34
398,-1.7817266619386283,0.811548583450107,0.38
399,-2.1868500885348303,0.7664434916787468,0.33
400,-1.911521266280682,0.8936408351084266,0.3
401,-2.3222833763407364,0.659407440154482,0.33
402,-2.433725383737734,0.6256558762521611,0.34
403,-2.8024692020885027,0.8007990478535234,0.28
404,-1.6360524138882766,0.8992069819564812,0.41
405,-2.216672218398083,0.7292545139217474,0.3
406,-2.109694312766588,0.7816811855393341,0.29
407,-2.3961371172450576,0.6602204022062341,0.31
408,-2.023575981886587,0.7761711587420923,0.33
409,-1.9756862122462353,0.7930923389319032,0.3
410,-1.8768194637427464,0.7633738802474143,0.36
411,-2.101479777728852,0.8674403777424966,0.31
412,-2.4824545931774695,0.7957428236973465,0.33
413,-2.2640394198731526,0.8299011993781711,0.36
414,-2.206713788334739,0.7739252589990275,0.38
415,-2.3658390270128855,0.8203481646975129,0.34
416,-2.2506243704358124,0.876549428846435,0.31
417,-1.6117399168726216,1.066485774047628,0.41
418,-1.8785747229455754,0.7987334505959057,0.33
419,-1.5774349544001995,0.9488968672340539,0.32
420,-1.4781293341179056,0.9288637559437936,0.41
421,-1.8570442375924265,0.7938022242275133,0.3
422,-2.6349206536302514,0.7494748399372427,0.24
423,-0.9476546827107167,1.1837562309500782,0.37
424,-1.3103355276984525,0.9477706847706898,0.35
425,-1.7545369375259536,0.9172914541456296,0.33
426,-1.6626324185879073,0.8609057307558656,0.46
427,-1.1728281821494695,0.8637383410381629,0.43
428,-2.4493162927009693,0.7909011659015949,0.28
429,-2.117500992784153,0.7814771007992085,0.34
430,-2.6675611030070816,0.6944831400950572,0.31
431,-2.0477733098011996,0.7980289767624977,0.38
432,-1.1814881934141708,0.8597727467351529,0.43
433,-2.483551033182628,0.7613709301699838,0.35
434,-1.9018188335044153,0.8536908065303512,0.38
435,-2.003906898017896,0.7350697686409378,0.37
436,-2.5613530258481205,0.8213016558114957,0.37
437,-1.7157970085760015,0.8541524977372036,0.36
438,-1.2969764396016523,0.9937547813629256,0.4
439,-1.903885327442735,0.8980884332279463,0.34
440,-1.9536307070164636,0.8464376048867291,0.37
441,-1.625454466232688,0.8442160890237629,0.41
442,-1.5694060676298305,0.8050919716871712,0.37
443,-1.5944817782259446,0.8579598729121963,0.33
444,-1.6834689605174191,0.7567726160468999,0.34
445,-2.4092769749952954,0.8238173066814811,0.27
446,-1.3098032950925298,0.9116203051018094,0.39
447,-1.9174636820907467,0.768720438514583,0.32
448,-1.980963208935909,0.7500342755966475,0.38
449,-1.814936882994731,0.7455976171900913,0.33
450,-2.0432825951967377,0.7357551728169005,0.36
451,-1.3949932330632873,0.9429759162431266,0.32
452,-2.174371814095518,0.6631784453048746,0.4
453,-2.0996258302786477,0.7430634878071725,0.3
454,-1.6456332733873709,0.8463554844901495,0.37
455,-1.9713079891558076,0.7144022428451464,0.35
456,-2.637585767641491,0.8306988687855335,0.38
457,-1.9845547076384225,0.7234693091115859,0.35
458,-1.809306385892317,0.7599754571983367,0.34
459,-1.6588866495384176,0.8343014215621044,0.35
460,-1.5096963958288785,1.005497004529031,0.33
461,-1.1474804023185172,1.0840844084309218,0.45
462,-1.5904975807822317,0.8697941755748763,0.32
463,-1.6429844150644974,0.8461461664276411,0.41
464,-1.9238027670987128,0.723253015774902,0.36
465,-1.9858811702525492,0.7824522611889101,0.37
466,-1.7279966253751977,0.7437355146613513,0.35
467,-1.8551628606932404,0.7906131524321073,0.32
468,-1.8681587010428675,0.6881900391533665,0.38
469,-2.2077312143231413,0.8728816012122961,0.33
470,-2.1297909900484466,0.7920136024821861,0.35
471,-2.198379121407263,0.8283270048732948,0.26
472,-2.3613198516186005,0.7070443470481463,0.33
473,-1.7391207964642164,0.7469792403877823,0.34
474,-1.6643910590956972,0.769763958019727,0.31
475,-1.7688829075990236,0.9268218977806149,0.37
476,-1.5951558717275232,0.928710995370148,0.38
477,-2.6381794526817686,0.6569963918006375,0.3
478,-1.590262550541765,0.8380792030627618,0.33
479,-1.608106820537419,0.8845809983301498,0.36
480,-2.180756024367198,0.6235304795605378,0.28
481,-2.127336952933648,0.7019703611336887,0.33
482,-1.5636306072340214,0.7168308467626003,0.42
483,-2.030552556938677,0.7136510809734823,0.37
484,-2.312589352501156,0.9014497274907122,0.38
485,-1.7377625450358483,0.8273964454523117,0.36
486,-1.7226623128397127,0.8355915077501956,0.37
487,-1.866871181875977,0.7724241345247943,0.36
488,-2.1491619688632286,0.8338454953975415,0.3
489,-2.3302714229829644,0.7260584948650591,0.27
490,-2.070035927670749,0.7546556063005596,0.28
491,-2.4308641842666248,0.8793728162200826,0.32
492,-1.7808481962938236,0.8707733142739963,0.33
493,-2.3619470720660694,0.7294975521034687,0.33
494,-1.6329888760505813,0.8198018629160149,0.41
495,-2.1126495758983816,0.7576771834972215,0.36
496,-1.3270297638937827,0.8583753616966286,0.36
497,-1.90465124669408,0.7754052941652217,0.38
498,-2.1906765522911242,0.7241504320805509,0.27
499,-1.476487734608302,0.9552035511414941,0.36
500,-2.186314518826986,0.8596347263271565,0.39
501,-1.8366268837782678,0.6949838200206664,0.39
502,-1.9946012280533967,0.7339557625737265,0.3
503,-1.9011829417652093,0.8839507862329529,0.33
504,-2.1361750754532127,0.7334133928702338,0.29
505,-1.506279312916269,1.0267298590656981,0.31
506,-1.813369494287807,0.6736419517146285,0.41
507,-1.8758345650325017,0.8612618742347348,0.39
508,-1.660520789978786,1.0292354960297236,0.34
509,-1.7189384412539062,0.8540009170488861,0.32
510,-1.7061145748149218,0.7527700560207028,0.26
511,-1.6745541689147359,0.7271325413206371,0.34
512,-1.9435926623948083,0.6642515087738355,0.38
513,-1.8235660494316952,0.682363059394297,0.38
514,-2.201749624716291,0.9706621096549193,0.31
515,-2.016269574549861,0.9381198207147494,0.32
516,-1.616876990436074,0.8490051395921145,0.35
517,-1.7458397220271147,0.800837433706742,0.33
518,-2.62353642038525,0.7492849204709481,0.32
519,-1.6278198728877715,0.8320009694175381,0.39
520,-1.9053564224477229,0.8564617539967714,0.34
521,-1.5812729638046932,0.7840704390883887,0.42
522,-1.4212051529269303,1.0759246740659223,0.44
523,-1.8370895176786903,0.7731633408133003,0.38
524,-2.046966082595791,0.7930974807250384,0.3
525,-1.8878302798294753,0.8226485390553512,0.3
526,-1.5097504583087746,0.9381993544218986,0.38
527,-1.9367147126798654,0.7798264035896498,0.3
528,-1.9255757927836799,0.7899305878346978,0.39
529,-1.8714612653915856,0.8415311736605071,0.41
530,-1.8910236519686527,0.8125281673587311,0.35
531,-2.0159621837876256,0.7313208279628806,0.31
532,-1.2340443052131271,0.9666107871562183,0.41
533,-1.9642656824806495,0.658612037519087,0.37
534,-2.2213229982393754,0.8712843534971371,0.34
535,-2.0965757356428862,0.7029000616025846,0.31
536,-2.567910123939212,0.7098291370294874,0.36
537,-1.5895250401662306,0.7431726133388858,0.41
538,-2.2674082269804563,0.8100114536157867,0.31
539,-1.8517747620994922,0.780007800903581,0.35
540,-1.9387618229353194,0.8149407651029729,0.33
541,-2.0036057664823326,0.7672597775854674,0.3
542,-1.3468265528169325,0.9438720518797667,0.4
543,-1.767114065406588,0.8940517332943783,0.38
544,-2.0835355435964913,0.8475226293628633,0.35
545,-1.9239579668852418,0.7810363440786287,0.33
546,-1.8002384596366932,0.9051032999951254,0.34
547,-1.4902283837275716,1.0167378187830511,0.39
548,-2.0321659661186993,0.8452088019635464,0.34
549,-1.5532683842808952,0.9483406345483965,0.34
550,-2.129115269416892,0.8561604503901127,0.36
551,-1.811834956256902,0.9459395625532662,0.28
552,-1.7784583675991963,0.7926436275093149,0.38
553,-1.3938483773232235,0.8701779498941947,0.36
554,-1.8156709245087044,0.6929997481650919,0.38
555,-1.5810431000820935,0.8935503046257334,0.38
556,-2.095607945955912,0.6337008152657727,0.34
557,-1.1837957368307115,1.1877557603890896,0.38
558,-1.891078389878256,0.7942625835024516,0.35
559,-2.4569509489690886,0.6815827126075807,0.31
560,-2.6340232290229557,0.6134438856327915,0.22
561,-1.3823922717348767,0.8154725671828729,0.4
562,-1.628598171771971,0.7710914803942999,0.37
563,-1.5422709620186261,0.8572613460201761,0.35
564,-2.9172638673161826,0.7338074207958323,0.28
565,-2.315895002963562,0.8653472783660007,0.45
566,-1.8394722508814343,0.7143747966909655,0.28
567,-1.7575650513129488,0.8499276482658281,0.39
568,-2.630927435489759,0.7387580391545987,0.44
569,-1.1505947715053824,0.8826690481226581,0.38
570,-2.3436616651637383,0.8006043519279002,0.36
571,-1.091059171136034,0.8987355088844545,0.4
572,-1.2372049947902917,0.9648288288317284,0.42
573,-1.9676161765218962,0.8160031067466583,0.36
574,-1.6331436461477893,0.8550078868679379,0.28
575,-2.3952261667705885,0.748133783904044,0.32
576,-1.478191797632735,0.7686983053923313,0.38
577,-1.5882656442460885,0.8753212750582953,0.36
578,-1.8541987457512057,0.7653646849036534,0.3
579,-2.147821553364816,0.746174593611239,0.32
580,-2.0529865550021267,0.7365200027282778,0.34
581,-2.522325288379247,0.839124099059608,0.31
582,-1.735009972858726,0.6940671119931916,0.28
583,-1.6405700144767454,0.9720117767318034,0.36
584,-1.4955225279929756,0.8766704279191968,0.43
585,-1.5072961065823849,0.8523160778640577,0.36
586,-1.9964612636540935,0.8412130144369101,0.38
587,-1.3174946504263223,0.9237842880057319,0.4
588,-2.1668161898410494,0.7023621015002708,0.33
589,-2.0669357243650124,0.6191027641480977,0.35
590,-2.094838316090734,0.7272493241370752,0.37
591,-2.047943105497086,0.8211857551079409,0.33
592,-2.151378013781595,0.7937999866172811,0.27
593,-1.8256507340982744,0.8354843079850753,0.34
594,-1.7957674803312402,0.9044466394309731,0.35
595,-1.599667123244775,0.7728292434729799,0.37
596,-1.5528007307362406,0.9470544401969535,0.39
597,-2.157961478362286,0.8164548357443239,0.34
598,-1.2220180964719791,0.8285729894114684,0.42
599,-1.6025817628970302,0.8435766415308882,0.41
600,-1.8790474074758083,0.8676281634181384,0.39
601,-1.5121930154894578,0.7795052115185187,0.32
602,-1.9596513768250725,0.943313843912824,0.41
603,-1.5728453245965477,0.8005809164801293,0.31
604,-1.34157808005777,1.111286659947751,0.34
605,-1.6167841175127458,0.7905307465607646,0.37
606,-1.6358585719655607,0.7951162641041967,0.38
607,-2.289778340139264,0.7669976522498513,0.28
608,-1.9121245009590455,0.820494165569457,0.39
609,-1.1138940799048962,0.9161035564940824,0.38
610,-2.1706361086392936,0.861459513145819,0.34
611,-1.4993184461801063,0.8840435806804505,0.3
612,-2.145222046873105,0.7213694894081064,0.39
613,-2.9257076695001767,0.8039149222260715,0.33
614,-1.3534248130996258,0.8924115793931127,0.42
615,-1.7436950632345896,0.868238956346962,0.42
616,-2.2038860158301983,0.8774189180249428,0.37
617,-1.62321276190699,0.8674091370651853,0.35
618,-2.2878816500039374,0.6958076281822726,0.29
619,-2.364882244628772,0.7362475399810051,0.32
620,-1.8693024883155187,0.7197480312104148,0.35
621,-2.2731878068545046,0.8832433342016728,0.3
622,-1.540518012627336,0.7802458069665055,0.45
623,-1.857086576247502,0.7862959920777377,0.34
624,-1.5299810991210783,0.9599904844025196,0.39
625,-1.9241031831142785,0.7829698643935273,0.28
626,-2.1163057433004684,0.93856280650871,0.34
627,-1.5181109709871377,0.9378069973371689,0.45
628,-1.6607695060989365,0.8328905794210677,0.28
629,-1.1154286876056918,0.9603954566575424,0.46
630,-2.1920369066661056,0.901592920748337,0.39
631,-1.507748286667582,0.7526484231605274,0.46
632,-2.388356126987948,0.6558867491958433,0.36
633,-2.434573254882163,0.7770279309055234,0.31
634,-1.7915802591326084,0.7292020506110365,0.33
635,-2.138940384497484,0.8472500204448573,0.31
636,-1.706468036676196,0.8774012986209894,0.35
637,-2.169378251402083,0.8195273326672192,0.36
638,-2.1853178968081646,0.7224350469626599,0.32
639,-1.6886663724671842,0.7573577369024292,0.39
640,-2.133928687177624,0.7577989841304118,0.4
641,-1.7477103895949773,0.6744402615474304,0.38
642,-2.424094340451654,0.5271280689637724,0.33
643,-1.6625215571125662,0.7591995986336257,0.4
644,-1.629079282044509,0.7346428324315722,0.39
645,-2.034232605904035,0.7742914390258849,0.38
646,-1.838499515814781,0.7649211052951592,0.35
647,-1.7297569066854566,0.8063359275631069,0.34
648,-2.2488379485214494,0.7537403875765568,0.24
649,-1.5286297321899827,0.7723690055501856,0.44
650,-2.311849325640028,0.8338211676768595,0.35
651,-1.6125916075069957,0.9682396700100101,0.4
652,-1.6890779583307096,0.8885281228803379,0.43
653,-1.3215603399665634,0.8770118636494451,0.39
654,-1.6135757995966784,0.8610592209415777,0.38
655,-1.824729551235135,0.7212047075285988,0.34
656,-2.301145239450383,0.6881984906631263,0.36
657,-2.271992129484528,0.8231141854106441,0.32
658,-2.1129731905748352,0.7965934906009114,0.29
659,-1.949612417056023,0.8320504905109,0.36
660,-2.119686244288735,0.7576991403426747,0.32
661,-1.1017677419645482,0.9364521710623994,0.42
662,-1.558012763896099,1.0282245134037076,0.38
663,-1.6330457980500006,0.7667021900890899,0.4
664,-2.4549434513883623,0.7974691813351695,0.33
665,-1.897768158776617,0.6465547436625616,0.39
666,-1.8715874831244719,0.7602108963476478,0.31
667,-2.113074808919254,0.6342816791208976,0.38
668,-1.823264481916561,0.8472842111274299,0.34
669,-1.8883414309494824,0.710709018705586,0.35
670,-1.2505135934729952,0.8596168895893108,0.47
671,-1.433206828158176,0.8822937930134874,0.36
672,-1.9015179135738034,0.6495154356573429,0.38
673,-1.581725313514516,0.8788679736944597,0.29
674,-1.596179490809417,0.7994732206201666,0.34
675,-1.8026529630655415,0.7775931172883602,0.29
676,-1.7407925035711147,0.946901499526757,0.37
677,-1.6915344465638125,0.9410417415639096,0.33
678,-2.251946282336238,0.7207016607051632,0.34
679,-2.3632517011117455,0.8255231210952404,0.38
680,-2.19508001135969,0.7395469735543081,0.33
681,-1.9174036191543948,0.7959524186235053,0.33
682,-2.3978933427784237,0.7632495102030602,0.32
683,-1.9410015169217854,0.8997352719391374,0.31
684,-1.548823405765872,0.8487644236533405,0.35
685,-1.6383082010695436,0.9852061159899363,0.38
686,-1.8106642534905324,0.9473161451675053,0.32
687,-1.8018686669086523,0.686828156007191,0.41
688,-1.6101048468417576,0.7109028859709282,0.32
689,-1.647380648310201,0.6853964139597102,0.38
690,-2.0978526291726665,0.6879429149987818,0.31
691,-2.9893901197419943,0.7546274506871105,0.3
692,-1.8215193224506876,0.8523434932493963,0.39
693,-1.5092821816509407,0.9219846935379463,0.39
694,-1.602431254460299,0.7712559630395284,0.4
695,-2.313894642070346,0.7891434292119983,0.4
696,-1.5728204971073831,0.7386887832937937,0.43
697,-1.8586128990177206,0.785577899291078,0.35
698,-1.5500792324046977,0.8869429072614479,0.44
699,-1.730987240705539,0.8919084089874626,0.38
700,-1.7547442450127397,0.8312526874986594,0.42
701,-1.8241261930341517,0.8387896523052857,0.33
702,-1.257928752834533,0.7490848186643818,0.44
703,-1.4729671395489985,0.7798424506307673,0.36
704,-1.6928557280506646,0.8523229484872578,0.32
705,-2.146362517346193,0.854498564268163,0.31
706,-2.0364446082812497,0.6398288946787413,0.33
707,-1.6299932462953455,0.787745446017097,0.32
708,-1.8876803901901849,0.729619611404554,0.36
709,-2.0110291463520364,0.6420759874434063,0.3
710,-1.5325554731740885,0.7639609297275893,0.41
711,-2.174328631197745,0.635555212449292,0.39
712,-1.7048557944399498,0.8286364753864323,0.34
713,-1.022444402164444,0.9568924594955245,0.44
714,-1.5900463818631152,0.8959988999850305,0.4
715,-1.3618890731409203,0.8275982144408052,0.41
716,-1.707207822731352,0.8083026414996705,0.39
717,-1.6625415863622792,0.860760142319552,0.32
718,-2.319676850767725,0.7767615425886166,0.41
719,-1.5707250455442403,0.733613991101263,0.37
720,-2.3795918028275627,0.6167710421293925,0.31
721,-2.8476003317313943,0.8996295316009935,0.34
722,-1.9388877368112403,0.6161647077163979,0.31
723,-1.7380877816412785,0.7628076758383009,0.41
724,-1.8102556384689368,0.7371937230743794,0.38
725,-1.7225365974672664,0.782175170526137,0.39
726,-1.5830853460663548,0.8933271214767232,0.45
727,-0.9882130459340018,0.9800970324270429,0.45
728,-1.785500917035425,0.8614095240516361,0.34
729,-1.2881897220864926,0.9307447173428893,0.35
730,-1.9103321986527098,0.7643061550812026,0.4
731,-1.7556471427137597,0.8829509951527765,0.37
732,-1.8429772747976485,0.8329201614327622,0.39
733,-2.390633203809714,0.6769897519210832,0.3
734,-2.5817855026501837,0.6547844374079734,0.32
735,-1.5639675952622654,0.864062852414989,0.37
736,-1.9563459738872657,0.6827881129331435,0.32
737,-1.9916289129169984,0.7131275933937664,0.42
738,-1.5789805782002693,0.9170839984652456,0.36
739,-1.6284823232291419,0.8035749089787966,0.32
740,-1.07389922900594,0.9095710314789872,0.43
741,-1.9098374684865516,0.8247201396122655,0.27
742,-1.745393676412236,0.8967674716486305,0.29
743,-1.669725318783695,0.818539636950191,0.33
744,-1.7147014576552921,0.7502604035258122,0.42
745,-1.3092135767270991,0.9050417127255578,0.4
746,-1.954063729417072,0.8928691877455717,0.26
747,-1.413332389685011,0.847628704832205,0.33
748,-1.5047592604059554,0.8958421795003605,0.46
749,-2.260069309506502,0.6594898836125093,0.3
750,-1.6100958261454246,0.8063830423096231,0.34
751,-2.1908959333945113,0.7344571897862988,0.33
752,-1.5312249582525732,0.8397618716808867,0.44
753,-1.7136731035901147,0.7229619551732985,0.43
754,-1.701576154722151,0.9209851992684349,0.4
755,-1.379693932355064,0.903539870972165,0.43
756,-0.9576080376747992,1.043142312929631,0.51
757,-1.4143439637395476,0.800059593410069,0.41
758,-2.639121097549252,0.7391286698019439,0.32
759,-1.6962634156801757,0.76858447621598,0.38
760,-1.532094022746626,0.9915887871169141,0.34
761,-1.6979876732180623,0.7623032855250669,0.37
762,-1.6396677659587722,0.875607203977162,0.38
763,-1.5004951356474587,0.8082208949549883,0.36
764,-2.0854955465843243,0.8230301781718677,0.43
765,-1.9665286945960048,0.6933621570953872,0.31
766,-1.5724939799053883,0.8125982408410848,0.37
767,-1.8011492684480188,0.8274030478070807,0.38
768,-2.7686817081377573,0.8784053797506113,0.4
769,-1.4849852978710372,0.9154782467067925,0.39
770,-1.5628768784776346,0.7811005868732802,0.35
771,-0.916596701174508,0.8331648109078081,0.42
772,-2.2486104986196036,0.8441281249935736,0.34
773,-1.7168056414737478,0.8475125221954539,0.32
774,-2.196681234599044,0.6475385717710854,0.28
775,-1.4295916142124412,0.8674398575544677,0.4
776,-1.8528411942005334,0.6242777671297111,0.32
777,-2.0619970290989507,0.8515651976720341,0.37
778,-1.8577417429588134,0.9486673049182707,0.39
779,-2.0460397254288596,0.7589284836618265,0.36
780,-1.8547480352185515,0.8056073841428311,0.4
781,-1.485247337702277,0.9738422321295934,0.4
782,-1.7078822153127422,0.9319964460511574,0.37
783,-1.1017584978352444,0.8973565916828657,0.4
784,-1.769039586526374,0.8286166004335475,0.38
785,-2.1028855936497397,0.7639512430103383,0.32
786,-1.6496414924757845,0.8823302818327757,0.33
787,-1.4441868308800978,0.8079855804446943,0.38
788,-1.9355178693583883,0.7296324344593854,0.35
789,-1.3135633137498908,0.9272200941166159,0.44
790,-1.6211182235926227,0.8893653553365116,0.37
791,-1.618743942509643,0.8284742442714743,0.4
792,-1.7098383407915463,0.8578297162454688,0.36
793,-1.0735946765305266,0.8973421917852452,0.39
794,-1.9729512405828005,0.7514102581174517,0.35
795,-1.2047457797935566,0.9175270020960036,0.44
796,-1.6333302161266638,0.7437791097426572,0.36
797,-1.2335509328578624,0.8519355614099681,0.46
798,-2.123063377434472,0.7840255222542027,0.32
799,-1.7854682973725773,0.7692389096725347,0.33
800,-1.5002441333223289,0.8365228152017999,0.42
801,-1.6086829680486527,0.8152792723524378,0.34
802,-2.4441540817861114,0.6432903397157977,0.3
803,-1.7566723941008777,0.750897175620629,0.38
804,-1.79245060195512,0.7326696162079729,0.4
805,-1.5592514176396717,0.7980857949241169,0.36
806,-1.0665264297018413,0.8879456296762612,0.39
807,-1.655512962934372,0.9525615750308012,0.34
808,-1.793992272381944,0.7137373611807044,0.3
809,-1.343349230252736,0.9251442909981742,0.39
810,-1.8000290858106904,0.7774684909038424,0.31
811,-1.9068856036896318,0.8691212936166727,0.32
812,-1.9139027847365455,0.728765556436332,0.46
813,-1.3228332380600352,0.8585935657668542,0.47
814,-0.8779796360166897,1.0191374707274654,0.45
815,-1.363952033494609,0.8623205043740093,0.39
816,-1.8275459301897905,0.7376025190498943,0.41
817,-1.258851788224015,0.954250922009641,0.38
818,-2.343084550444259,0.7156392738029241,0.35
819,-1.4499976570099358,0.8608476598010237,0.36
820,-2.3189357842015443,0.7121571177866342,0.33
821,-1.7234298957285394,0.7923690490844669,0.31
822,-1.3679378255747279,0.8658337177675306,0.38
823,-1.876788043750524,0.9949665775877734,0.41
824,-2.0549878623636233,0.7561343144256655,0.33
825,-1.6972358741855222,0.7862469611918013,0.38
826,-1.957640730824729,0.9839052886157639,0.4
827,-1.0019743951862312,1.048313016264249,0.48
828,-2.2483350952473637,0.7245174190726363,0.27
829,-1.56269533899827,0.8722843739219883,0.37
830,-2.0441656565661166,0.7782960326944949,0.37
831,-1.6657850447035156,0.9453751365533598,0.42
832,-1.7143140175354767,0.8514786647784338,0.35
833,-1.2201499594108638,0.868051149878073,0.51
834,-1.2990786274152273,1.0017219493931686,0.42
835,-1.2913566223431274,0.9170771815364561,0.42
836,-1.5207656207991662,0.8793372468690105,0.39
837,-1.6932611189237745,0.8269402366890448,0.35
838,-1.6095739311929567,0.6751635734584375,0.49
839,-1.932068936025599,0.8434466870144207,0.36
840,-1.7721497212487418,0.7490455215066736,0.41
841,-2.0800025844166843,0.8904360242261937,0.36
842,-1.4960194314234299,0.9306764517799969,0.36
843,-1.0422903706229976,0.8648197180514678,0.37
844,-1.6422748959651268,0.6748498941996895,0.39
845,-2.1501593407820945,0.7244443378040158,0.33
846,-1.562295253870963,0.8635427868529052,0.38
847,-1.6306400487866872,0.8558550415346338,0.32
848,-1.554914161225222,0.898309030388661,0.32
849,-1.31923605753567,1.0056920409780954,0.41
850,-1.6850197192886682,0.826601429229403,0.39
851,-1.230342720337817,0.8826132951024935,0.41
852,-1.703182197166747,0.9479288982252888,0.35
853,-1.577789213813648,0.6858651808273071,0.38
854,-1.7070430910223857,0.6593982106704266,0.42
855,-1.8676384973672677,0.8520938096681593,0.39
856,-1.2449249305955608,0.935336079604078,0.4
857,-1.2001864163575222,0.8860998701970125,0.44
858,-1.809419517954045,0.8245817447814103,0.39
859,-1.958762719210994,0.7115511397360528,0.4
860,-1.7108147540731704,0.7603087042842198,0.36
861,-1.75488621516644,0.6590164582554131,0.38
862,-1.6186314662286514,0.9249418609094403,0.38
863,-1.4612309691921794,0.9372566657956337,0.34
864,-1.2156616700643106,0.953104754637899,0.44
865,-1.9553825115586574,0.842852039433719,0.27
866,-1.3068201157681836,0.7676369429089,0.43
867,-1.8150548848034918,0.8275939888171762,0.41
868,-1.5584116169033353,0.8123124627699599,0.45
869,-1.4549032282712793,0.8509574501207863,0.41
870,-1.7010634298346339,0.7121264725441919,0.36
871,-1.6351649947511415,0.785539049378975,0.38
872,-1.9734737934380824,0.8549499384398115,0.32
873,-1.7495259250593782,0.886399803404835,0.41
874,-1.8624239641859497,0.7726139685586201,0.34
875,-1.813687584958584,0.7235484423870152,0.39
876,-1.1903339491238873,0.9829095859777933,0.51
877,-1.7916102024345764,0.7832613326802575,0.37
878,-1.360659827470438,0.7822017032026157,0.38
879,-1.3294415987098984,0.9093365761855121,0.33
880,-1.820409341997965,0.6712456067721692,0.38
881,-1.031048019717553,0.8276592883129453,0.39
882,-2.0730961946050415,0.7905307514624608,0.41
883,-1.8115375413487078,0.7327006848558335,0.4
884,-1.4467692897211055,0.8660494169338044,0.43
885,-1.9630240706384148,0.7555661476373102,0.39
886,-1.636685933103712,0.8331813746484527,0.42
887,-1.4840268089160773,0.7567886512658759,0.33
888,-1.9661563165551446,0.6233291050277902,0.36
889,-1.6510236712514137,0.7427785141517671,0.35
890,-1.5382146362605014,0.8709227259282468,0.34
891,-1.549028669886818,0.9295754855526626,0.38
892,-1.5067381152174217,0.7814785376278438,0.38
893,-1.8849278000171916,0.8613568214280873,0.35
894,-1.6618018016235883,0.894779278053312,0.35
895,-1.7870386895629142,0.732456578158741,0.4
896,-1.7254686815856397,0.7602969199085667,0.4
897,-1.3927733093439851,0.854035883840438,0.43
898,-1.2445415096025159,1.0298875332677502,0.29
899,-1.7713565610131843,0.8581176036168143,0.37
900,-1.801182045114083,0.7549163851287568,0.3
901,-1.8174872002918163,0.685628844746642,0.38
902,-1.7124425025508798,0.7838974453861156,0.4
903,-1.4121752812188644,0.8032430862253794,0.41
904,-1.7092921651734108,0.7673395802684796,0.42
905,-1.4348534069412722,0.9367589159983437,0.37
906,-1.5945146610065322,0.8991714898017231,0.36
907,-1.7114146067433051,0.6496519763005517,0.37
908,-1.7481866651212201,0.8518624305631765,0.41
909,-1.7745553432876284,0.8013457438747644,0.29
910,-2.0083313780663032,0.8967389791951415,0.37
911,-1.5963458815386666,0.6778086508811927,0.35
912,-1.3312702486337447,0.984846451074345,0.4
913,-1.5260566545801393,0.9187742222618597,0.45
914,-1.5701052325474207,0.7212947020469528,0.34
915,-1.9799528594245164,0.5566130472721191,0.37
916,-2.079617986661434,0.6944342469658565,0.36
917,-1.1055879971666973,0.8897163782273908,0.43
918,-1.5235376378990555,0.7978123264345878,0.47
919,-2.492308488730413,0.6796989483285174,0.32
920,-1.1050069786310714,1.1110269477537988,0.45
921,-1.7391065576699816,0.8889782740093274,0.42
922,-1.6163380917427894,0.8170719991328309,0.43
923,-1.6591936262081277,0.8597068179606987,0.42
924,-1.75096900781172,0.821542552774869,0.37
925,-1.0647060937320234,0.9004168687669798,0.37
926,-1.8307400309714006,0.7907150031027338,0.36
927,-0.9708733259942923,1.0504894186393572,0.45
928,-1.561201125550784,0.785528921939537,0.35
929,-1.8636071741157687,0.7261610817627073,0.34
930,-1.0462581613676967,0.9157555332140456,0.4
931,-1.626282696217071,0.7791150811682607,0.37
932,-0.7185141478852313,1.0699404659597034,0.48
933,-1.7025454461251,0.6896901491962981,0.35
934,-1.6883597339877554,0.7813151391770173,0.39
935,-1.8116133841662787,0.6709282377042807,0.42
936,-1.824805840249602,0.7802485169432951,0.31
937,-1.561450020819949,0.7358250427948839,0.44
938,-1.2543157581456852,0.8151510109868549,0.44
939,-2.3541112783186082,0.7204220353650753,0.35
940,-1.3312884272713075,0.8938057960240253,0.5
941,-1.513874435922839,0.9321154354829579,0.44
942,-2.1784521990345267,0.7981793942560687,0.41
943,-1.0734909264420873,1.0108233804309583,0.44
944,-1.097567555140643,0.8511937287127318,0.47
945,-1.4830831791603,0.896572109454429,0.39
946,-0.9291288973862507,1.0479000117252888,0.44
947,-1.9450409384570617,0.7434361450682486,0.38
948,-1.9775541068631681,0.7432112238745787,0.36
949,-1.1220203070676709,0.975754016922878,0.41
950,-2.1486792090088787,0.6621658014878986,0.31
951,-1.5041318747910262,0.7647175817206631,0.4
952,-1.571529688799834,0.8148459225179431,0.42
953,-1.7213107787116126,0.8436546642386561,0.39
954,-1.2078175156954274,0.8613328333637784,0.39
955,-2.14412401997504,0.7494713405548137,0.35
956,-1.575619564336699,0.8449020463323133,0.31
957,-1.7179741471685694,0.6482471932044267,0.36
958,-1.0738998729590223,0.8641067261278417,0.39
959,-1.0575933248891014,0.91328877309046,0.45
960,-1.21899393471865,0.7791545727546233,0.42
961,-1.5280021831080992,0.8683325530879665,0.44
962,-1.7877609639400194,0.6599767929034726,0.38
963,-1.5430308432686233,0.8735829310079981,0.35
964,-1.4428965159144225,0.8229839408529659,0.39
965,-2.1866833980351625,0.7858138613538455,0.39
966,-1.181911971377608,0.8758709997483207,0.49
967,-1.2363819223942354,1.0407058453821016,0.45
968,-1.6686096793243315,0.8132243153337481,0.4
969,-1.452861265688564,0.8291780552531621,0.44
970,-1.2817953691167725,0.9358874136297402,0.44
971,-1.5244771520315743,0.8110743443026166,0.39
972,-2.0233356939000915,0.9234980299117672,0.4
973,-1.696314442526449,0.8023532443719006,0.34
974,-1.3866139601650702,0.8308597044491988,0.45
975,-1.739724245716853,0.8432636822874302,0.37
976,-1.8882483596986122,0.651253025977822,0.41
977,-1.5627403713181036,0.7770038460399615,0.36
978,-1.2267828689015539,0.9156172062590425,0.44
979,-1.5885048878364625,0.8830711201245854,0.43
980,-1.767656071737436,0.8194041320294541,0.42
981,-0.994858263831787,1.0281533405906211,0.45
982,-1.3806997143464799,0.8623530291723407,0.43
983,-1.7427844367804692,0.908329611005758,0.39
984,-1.5542678353755819,0.7833255552139765,0.41
985,-1.5092410967174865,0.8341985523493246,0.42
986,-1.239480126183671,0.8159023263726006,0.43
987,-1.5085788713637618,0.8219512847174266,0.41
988,-2.1166933957111134,0.7297051436334037,0.39
989,-1.1284713444146208,0.8050705175965414,0.48
990,-1.4329654251294652,0.9189953977686123,0.38
991,-1.5837477248635963,0.835859577460104,0.38
992,-1.6600071524595603,0.8787809220591205,0.43
993,-1.6294112032900734,0.7872284902819168,0.46
994,-1.6848346647695107,0.7642747457694071,0.45
995,-2.2580507951219926,0.7491301534063587,0.28
996,-1.540768256109584,0.823671009053302,0.43
997,-1.403215604249536,0.7985068058434314,0.38
998,-1.7762664419564542,0.7548181756384438,0.38
999,-1.1803375307914123,0.9048342257488124,0.43
1000,-1.896428616503303,0.665231646208237,0.35
1001,-0.8116915760761352,0.8679945137224346,0.49
1002,-1.9146205162460002,0.6149851060403655,0.35
1003,-1.5237552595520376,0.859150387947586,0.44
1004,-0.994255214031008,1.0439592791884014,0.48
1005,-1.1962963648505325,0.981808636065974,0.4
1006,-1.1440661094197266,0.9041355648466061,0.48
1007,-1.7705840610537433,0.5875083162455255,0.34
1008,-1.2403296510583335,0.9303424427598981,0.43
1009,-1.6280823241942586,0.9307607661868673,0.32
1010,-1.496680660210547,0.7515629017121648,0.38
1011,-1.5071059495068087,0.897832268416036,0.39
1012,-1.0756730591855528,0.809138944563183,0.44
1013,-1.2557098130103397,0.8832012481621913,0.44
1014,-1.983777687153227,0.6032494535294797,0.4
1015,-1.7544579880158944,0.834611424897142,0.35
1016,-2.2732194240619124,0.7250218254517317,0.33
1017,-0.9900412439805746,0.878531204050578,0.45
1018,-1.490524275783339,0.8693362669982023,0.43
1019,-1.5774056118602657,0.6627207892242213,0.38
1020,-1.7128199343411075,0.6761825462271583,0.31
1021,-1.3145284996828301,1.0066446041756967,0.39
1022,-2.167244712524314,0.7934207385565191,0.44
1023,-1.0190790855410592,0.8433451006607414,0.41
1024,-1.129773289444746,0.9968208940676724,0.45
1025,-0.928793826615525,1.0712856811652944,0.46
1026,-1.4534069961315235,0.7314717380529094,0.43
1027,-1.5171011442306235,0.7559331068755364,0.4
1028,-0.9161295291188155,1.0217800244976964,0.46
1029,-1.6314778695890235,0.7515748539239084,0.38
1030,-1.6386272762028387,0.8533463127644271,0.41
1031,-1.66181888558303,0.8143378745533871,0.37
1032,-1.362633684923192,0.9429223644024626,0.45
1033,-1.040529838663143,0.9594460513905642,0.36
1034,-0.9571337988142045,0.8746429376911639,0.55
1035,-1.8266600146382874,0.8271365174663206,0.36
1036,-1.1061523295224385,1.0076527044374821,0.42
1037,-1.5112443283027497,0.7967270272863642,0.43
1038,-1.376337294866898,1.0261668723188508,0.45
1039,-1.8641360653755936,0.8633938274869061,0.36
1040,-1.5684755354185125,0.7919018754306945,0.31
1041,-1.3102408134580947,0.811470922048094,0.4
1042,-1.4324033613960439,0.8535334661717484,0.39
1043,-1.3316454730018756,0.8753920009022038,0.41
1044,-1.4520996866651226,0.8626872639582878,0.39
1045,-1.5084288325507453,0.7740323139958925,0.41
1046,-1.4067196775671673,0.8966768505967841,0.44
1047,-1.419922429441888,0.8762595839414692,0.36
1048,-1.3577818270800515,1.0518219296647102,0.38
1049,-1.7676459446479138,0.7809534452940049,0.36
1050,-1.777994697755497,0.7761828370408118,0.41
1051,-1.450839666519896,0.8014081205705348,0.4
1052,-1.2399565129554369,0.9875205679286871,0.47
1053,-1.9175468568484306,0.6862986743099019,0.33
1054,-1.3240646451584646,0.7760702830383411,0.43
1055,-1.1834411591358058,0.944414209493009,0.42
1056,-1.4331048771673582,0.7965237786439182,0.51
1057,-2.041275343620639,0.7485332053981455,0.34
1058,-1.0694977078829124,0.9034063613059179,0.48
1059,-1.4205791751452526,0.8948813128315811,0.39
1060,-1.1632251095320214,0.8739291956773476,0.41
1061,-1.1984345154705474,0.8922674768439621,0.49
1062,-0.9823253956494408,0.994483313030534,0.44
1063,-1.3297415952016918,0.7999214576332377,0.44
1064,-1.710898119643562,0.7294630522975409,0.3
1065,-1.400542597213866,0.917838151720279,0.37
1066,-1.853638664726503,0.8059980835506606,0.4
1067,-1.0819875915217072,0.9100979037499178,0.49
1068,-1.603900098303491,0.7470161377044973,0.39
1069,-1.3464095101709503,0.8625156669451906,0.39
1070,-1.5203365607198567,0.8107493009014342,0.43
1071,-1.4145007138268784,0.9348118740024556,0.42
1072,-1.2606508751086867,0.8077879322242667,0.42
1073,-1.0575906323076172,0.8776606861311937,0.47
1074,-2.043935961364417,0.7278259532535704,0.3
1075,-1.3785464320527794,0.7921817215264801,0.48
1076,-1.589128433986092,0.6698305961135401,0.42
1077,-1.6465666868017896,0.7211831052328544,0.36
1078,-1.3651570993447482,0.839922397100512,0.41
1079,-1.2578443263289225,0.8889723589826046,0.42
1080,-1.1465165653609717,0.756050073097759,0.5
1081,-1.4999995869583356,0.7010480052869761,0.47
1082,-1.3474596616907268,0.7877201166591539,0.41
1083,-1.6124879301143733,0.8777459253104223,0.43
1084,-1.654352677113407,0.7720491425014302,0.45
1085,-1.7111818588435121,0.7590504361896738,0.32
1086,-1.8054239822695834,0.8580357946357228,0.38
1087,-1.3978575047492665,0.7320608147540334,0.42
1088,-1.9387215884859685,0.8005460679145849,0.37
1089,-1.7813917324557644,0.8287834374417234,0.4
1090,-1.5192485662848674,0.757686774735073,0.41
1091,-0.9926483739310794,0.735961701911089,0.47
1092,-1.1966638935417053,0.8971578953082028,0.47
1093,-1.832923537761917,0.5962298031092594,0.38
1094,-1.3732103373882334,0.8610880059878404,0.45
1095,-1.5417205021247498,0.7619989382017667,0.44
1096,-1.6928552741815566,0.8851795463036359,0.35
1097,-1.3373531237776712,0.8842516056206297,0.46
1098,-1.1774078208886225,0.7678046156585026,0.5
1099,-1.5394603305058967,0.784420677315277,0.4
1100,-1.5409875043690888,0.7749553015935402,0.4
1101,-1.5378615493226278,0.9177247031901795,0.36
1102,-1.2955235296612133,0.8926451672780877,0.49
1103,-1.2372561301660374,1.0265248336550845,0.43
1104,-1.4343915884012635,0.9009147876328377,0.43
1105,-1.175498762665118,0.8295016354142447,0.44
1106,-1.862253521287644,0.992837903416576,0.35
1107,-1.4619508552327571,0.7984190084444828,0.38
1108,-1.5407653838699948,0.7515831393522632,0.32
1109,-1.4947903669132194,0.8574537085732075,0.39
1110,-1.2946709155353733,0.6723730714995285,0.4
1111,-0.5470703473614491,1.097651104160865,0.53
1112,-1.2826418453524917,0.8220776920728771,0.38
1113,-1.3849362436594828,0.9422903790408825,0.46
1114,-1.7479167303983862,0.7722804486450289,0.4
1115,-0.8517182619293577,1.0571859266660908,0.47
1116,-1.3834183686805122,0.9412386721358986,0.39
1117,-1.2458053807938159,0.8749668943444161,0.43
1118,-1.0593602382279403,1.0167452517252387,0.37
1119,-1.886832959433818,0.7744843828795824,0.36
1120,-1.2210685379919008,0.7738673172658896,0.39
1121,-1.6121947123577427,0.8294680784804622,0.42
1122,-1.5391359175448909,0.8154632911094855,0.39
1123,-1.650550166078426,0.7552317185056521,0.4
1124,-1.1665138675201372,1.0378288731541163,0.38
1125,-1.5069544223230391,0.5736732582419386,0.4
1126,-1.0132015159216161,0.8219099228632628,0.49
1127,-1.48655227057324,0.8661906891059077,0.4
1128,-1.6412333903358771,0.7251495159675909,0.38
1129,-0.7579584722904464,1.0996699785433959,0.4
1130,-2.1916003286402996,0.7237794792559171,0.32
1131,-1.0065364581426757,0.7728889110935805,0.41
1132,-1.0700458849786196,0.844499096983266,0.44
1133,-1.479437873090712,0.7292211739825012,0.34
1134,-1.1450424572319151,0.9091164871104724,0.38
1135,-1.3430972180267284,0.7514933489229062,0.37
1136,-1.6188662629881807,0.8912237622582286,0.37
1137,-0.7558679305592778,0.983021380101245,0.5
1138,-1.3414663877957897,0.7442592201069079,0.46
1139,-1.7040958122259824,0.7689846817418332,0.39
1140,-1.4019621005228096,0.7712911147142922,0.36
1141,-1.2663472171410164,0.8807640681209752,0.37
1142,-1.0907445931969701,0.7673116193074633,0.46
1143,-1.7299055145914344,0.775441295919063,0.4
1144,-1.923513105338649,0.552956756627422,0.33
1145,-1.757654317027923,0.6398548583289851,0.42
1146,-1.6940829269434021,0.7533567063104037,0.41
1147,-1.9632181240476028,0.6373818948268752,0.36
1148,-0.7041272058491707,1.1268153688140823,0.47
1149,-1.9472317801049033,0.7289577805557705,0.31
1150,-1.7899979080368684,0.7511287304414301,0.3
1151,-1.434228688450702,0.8872973257915128,0.44
1152,-1.4334290326458683,0.7537047879386342,0.46
1153,-0.976569097375672,0.8586906659669554,0.47
1154,-2.1169321277005873,0.7775786222271844,0.34
1155,-1.6713978018838658,0.8692476903711427,0.4
1156,-1.387178609754393,0.7093166723096566,0.41
1157,-1.6883372654799351,0.7603428680755665,0.35
1158,-1.5513596221730177,0.7194994420945138,0.38
1159,-1.702585684477447,0.5848777770406179,0.46
1160,-1.2169811807752027,0.9456434276819047,0.38
1161,-0.685531374976674,0.9439313142461191,0.49
1162,-1.2905671043176357,0.9745402122139126,0.43
1163,-1.4628693043309395,0.8185004114790427,0.41
1164,-1.3337774181612678,0.8720431520502497,0.36
1165,-1.7122879018985975,0.7500110369587091,0.45
1166,-1.2933589635206137,0.9560200170112396,0.42
1167,-1.9076830664203184,0.6380048120499899,0.36
1168,-0.9804850609328151,1.0265848207634045,0.47
1169,-0.9593771611362013,0.8634141699469557,0.46
1170,-1.3488766850183882,0.8802727007042893,0.38
1171,-1.1461164759728109,0.9478558567305676,0.45
1172,-1.3946511095217065,0.6488198147550733,0.42
1173,-1.3234347184544757,0.8698384615431755,0.4
1174,-1.4764755092914845,0.8031816605249095,0.41
1175,-1.4332661721184023,0.8371287710319727,0.32
1176,-1.531782338456745,0.8227483028749458,0.45
1177,-1.490236936364736,0.736098087489379,0.4
1178,-1.5996401845668091,0.7769486890896914,0.39
1179,-1.2230901003004984,0.8555625881611431,0.4
1180,-0.8674279401040524,0.962793463765754,0.46
1181,-1.4965445702690032,0.8179358284954591,0.43
1182,-1.3270012644935687,0.6418154919530886,0.34
1183,-1.3928586996292394,0.8056757633827728,0.41
1184,-1.9929612259522747,0.6492624429004878,0.31
1185,-1.1516693546965187,1.0248013335225081,0.41
1186,-1.1898221692651314,0.7671086372808893,0.49
1187,-1.0907698888933184,0.990176796758567,0.42
1188,-1.427526289048449,0.7525158204076624,0.5
1189,-1.6207981840187642,0.8228036458473469,0.47
1190,-1.0217215848408703,0.975789874688516,0.49
1191,-1.898568590362362,0.7367987147777404,0.35
1192,-1.2141126596253706,0.7532683946051203,0.44
1193,-1.2536943028779017,0.8935835547159379,0.36
1194,-0.6677155663644443,0.9539128959922384,0.5
1195,-1.6285679498190135,0.8938669590415594,0.36
1196,-1.4656508119571907,0.7190604779466174,0.39
1197,-1.3030251542972664,0.9054347036718304,0.46
1198,-1.1553315623727132,1.0094175331762276,0.43
1199,-1.0376578997326187,0.7512634881213188,0.41
1200,-1.291124097838558,0.6772823713695246,0.37
1201,-1.3335711627444347,0.8218470855095148,0.37
1202,-1.7456986945695863,0.7913187415543583,0.38
1203,-1.0305558957094554,1.0077113464908078,0.46
1204,-1.36472137721796,0.7309277568935877,0.45
1205,-1.0771808355893888,0.9290183247792243,0.49
1206,-1.1495714677072761,0.8863175862348992,0.44
1207,-1.3163548282750281,0.7781153017435112,0.41
1208,-1.719222373749283,0.6721890011834191,0.42
1209,-0.6564265823549227,0.8482208553205368,0.5
1210,-1.5565151722210913,0.9061720164057667,0.45
1211,-0.8095875492413301,1.0337501629829247,0.5
1212,-0.9091014748164261,0.9846408611760934,0.42
1213,-1.4843058953461687,0.7378289800935263,0.39
1214,-0.9753793516265427,0.8688990380116997,0.52
1215,-1.3907473219599944,1.0874902347243853,0.45
1216,-1.1812195412095021,0.870671255494089,0.46
1217,-0.44293251076165907,0.9709653832889004,0.55
1218,-1.5118787796861353,0.8560950255506548,0.38
1219,-0.8620185562442831,0.8886059976934338,0.44
1220,-1.557619380932037,0.7537312721015068,0.43
1221,-1.5877296772800111,0.7526071158523989,0.44
1222,-1.8372292141028825,0.7436988356756682,0.41
1223,-1.5537385202718696,0.7335043034026941,0.47
1224,-1.8424271648496404,0.7007733071030974,0.35
1225,-1.0584120814892577,0.8327679964396286,0.46
1226,-1.4208525616660668,0.6519581761152277,0.38
1227,-0.9406404898958036,0.8637029732261639,0.42
1228,-1.8858278519621612,0.6848978943861525,0.41
1229,-1.2983863502843611,0.8587560803702621,0.41
1230,-2.0670932000245945,0.7765334088763907,0.4
1231,-1.3786965587749498,0.9337935960571662,0.44
1232,-0.6979932387262004,1.0566674528291922,0.48
1233,-1.36550151503559,0.7870887351483316,0.42
1234,-1.0706061066955146,1.0928298940015788,0.47
1235,-1.9064910335090743,0.6186106177606906,0.33
1236,-0.9957992265130505,0.7691751159349544,0.49
1237,-1.1974598996569008,0.6488035505813353,0.47
1238,-0.8882749354834254,1.0070997774843662,0.42
1239,-1.2066617824853874,0.8342958226141661,0.46
1240,-1.0960859865816852,0.8746873546837418,0.42
1241,-1.5960469133783959,0.7419695660370212,0.42
1242,-1.074624920089926,0.8711667869128163,0.55
1243,-1.4455311917024227,0.642686945926507,0.44
1244,-1.3490338909684443,0.9020847818479067,0.45
1245,-1.855113441084515,0.7454997655184684,0.41
1246,-0.9991623285716927,0.9463958736840294,0.5
1247,-0.9950465974470903,0.906955076868317,0.45
1248,-2.4261664444729876,0.7235807465576143,0.38
1249,-1.1919821856945405,0.7969621606653909,0.48
1250,-1.0218125385751857,0.9526211064817661,0.42
1251,-1.4299804883994827,0.8556325317660299,0.4
1252,-1.4246753780188264,0.9491971243045354,0.39
1253,-1.5681947103446083,0.8393438425840525,0.4
1254,-1.4314401630973828,0.8067083034664212,0.39
1255,-1.3767768565319776,0.7861217200117623,0.36
1256,-1.5064595836860417,0.789451465773983,0.41
1257,-1.564173561519475,0.815761748818102,0.45
1258,-1.487003546861256,0.6577575555768403,0.38
1259,-1.0903707610789009,1.0366897565248154,0.38
1260,-1.229068448004699,0.8734413467605003,0.42
1261,-0.8024587787970106,0.9351883542790006,0.46
1262,-1.0597539304979744,0.868988829840112,0.47
1263,-1.002307811787058,0.973417451517465,0.46
1264,-1.5326576203934978,0.742640556169558,0.36
1265,-0.7681621532504349,0.8993456581228426,0.45
1266,-1.2367648804625595,0.8263750297040637,0.37
1267,-1.2924904841134077,0.7904406668005173,0.45
1268,-1.1204763132234792,0.8426357302236979,0.46
1269,-1.1968475224093273,0.9859341952129855,0.44
1270,-1.413673551616109,0.7878790554856355,0.44
1271,-1.4450587311106,0.850626939342009,0.48
1272,-1.0348196476372946,0.9708631661592736,0.49
1273,-1.8135052695055376,0.8906579539527507,0.35
1274,-1.1903740115747816,0.7705570031593304,0.45
1275,-1.7169980207165367,0.7706768189522265,0.43
1276,-1.3061027007753239,0.8803338193167999,0.46
1277,-1.9805908306842719,0.7766427449215831,0.33
1278,-0.9189672860351105,0.76770482023788,0.49
1279,-1.8135808931543513,0.6201087933327151,0.4
1280,-1.5441405753805018,0.7838939737666919,0.36
1281,-0.8801147750527117,1.019288715531246,0.54
1282,-1.1685180332999507,0.9127471600244158,0.43
1283,-1.4007578287843452,0.764066569328438,0.39
1284,-1.2330591670643631,0.9281833851904985,0.45
1285,-1.0084264763163349,0.8685204816115137,0.51
1286,-0.9437980960304277,0.8535553051515977,0.41
1287,-1.0734235311398899,0.8275774498677876,0.34
1288,-1.4254376280788876,0.7900614799582465,0.47
1289,-1.2104551324419548,0.7948429880979355,0.49
1290,-0.789542952488522,1.0222569597709552,0.47
1291,-0.9209614653955458,0.7884831214039256,0.52
1292,-1.0475230197520238,0.7611036253675824,0.47
1293,-0.8651827156682009,0.7898727753223538,0.46
1294,-1.4322373853320942,0.7982674967922577,0.36
1295,-1.3651144082453905,1.0490474059609074,0.38
1296,-1.0026569939074752,0.9145234954738699,0.47
1297,-1.1418783599702522,0.9742517636576808,0.42
1298,-1.5047223417932276,0.7899408871539747,0.32
1299,-1.1115084754389493,0.9569037694153512,0.44
1300,-2.0621769170554414,0.6131976633785138,0.37
1301,-1.7153724079260018,0.6787004243478392,0.41
1302,-1.5107304097930978,0.72534629795065,0.44
1303,-1.6678801675408395,0.6821266750495218,0.41
1304,-1.8951934188990647,0.6613146583049505,0.31
1305,-1.0075802613373488,0.9267525166858303,0.45
1306,-1.153213609968169,0.836642224547991,0.45
1307,-1.1296455180833622,0.7760547159474188,0.42
1308,-1.5707963553188522,0.7778775946268042,0.39
1309,-1.1415164310541366,0.8746732906862452,0.43
1310,-0.3650736995385789,1.0023768814814478,0.6
1311,-1.320618327384757,0.8731258965385982,0.4
1312,-1.0745637154301468,0.8593478375658502,0.52
1313,-1.6651651405663663,0.746840424690443,0.39
1314,-1.3370633107791314,0.7412205275935563,0.44
1315,-1.2848329419285032,0.9047410024764144,0.43
1316,-0.9412323331049218,1.0004496375175977,0.48
1317,-1.8264302930270941,0.8221554442621976,0.41
1318,-1.542900009021469,0.7988910130908417,0.35
1319,-1.228501207845559,0.7237826244761049,0.4
1320,-1.2343130792449328,0.8209883014607406,0.48
1321,-1.4386825292212064,0.7962492902042545,0.4
1322,-1.3768931851906794,0.7481474607378363,0.47
1323,-0.9553653478502645,1.0568163534610686,0.42
1324,-1.3425849960130352,0.8081034419810195,0.46
1325,-1.2064262576958917,0.7699881571717674,0.43
1326,-1.1827317848378236,0.8359883068351148,0.47
1327,-1.4996508232614467,0.8070269698306134,0.32
1328,-1.3963351615764878,0.8148923539642464,0.43
1329,-1.5335465478933639,0.8668755784560837,0.42
1330,-1.3673986102966904,0.9022721315692366,0.36
1331,-1.127245446671834,0.7737571721425839,0.44
1332,-1.0995575809203937,1.0075982191019626,0.44
1333,-0.9238163912550701,0.8682090501723053,0.45
1334,-0.9520245520662389,0.8326856808249513,0.41
1335,-1.3642277547443569,0.9737943717084534,0.46
1336,-1.5592282348861506,0.7530479919360593,0.4
1337,-0.8036668453081057,1.0075772738437048,0.5
1338,-1.063673254055218,0.6773121407799176,0.48
1339,-1.591763929830386,0.6406869270495978,0.33
1340,-1.6556302493681299,0.7355982774434975,0.45
1341,-1.2196086401673396,0.8521250533621436,0.44
1342,-0.9354198798233669,0.8715852536244186,0.53
1343,-1.6168541955544955,0.8128376399490485,0.39
1344,-1.1316690112916594,0.9477111643615749,0.51
1345,-1.3433130149934187,0.7609101011065539,0.43
1346,-1.3993904723535155,0.8117307855448612,0.49
1347,-1.8606316610553697,0.7949286150699,0.4
1348,-1.7194812241586828,0.7017001462478535,0.42
1349,-0.8798117546159898,0.955653721899481,0.47
1350,-0.885867140740255,0.9391037110454691,0.5
1351,-1.3043031802305587,0.9023788622396934,0.43
1352,-1.7990353452902834,0.8297342588998735,0.4
1353,-0.6054448545290638,0.9221984271010498,0.57
1354,-1.2712241037100318,0.8957107038514676,0.36
1355,-1.0434633668987818,0.8626923399787698,0.49
1356,-1.1383594741219347,0.7569306709376893,0.55
1357,-1.371252919933119,0.8402760624947141,0.46
1358,-1.329958009466452,0.896275721924236,0.44
1359,-1.6922578797026353,0.7238040932297157,0.36
1360,-2.0600889406926814,0.7412622382882449,0.36
1361,-0.7924993898494254,0.918304915368539,0.48
1362,-1.5680236245967942,0.738529905735354,0.37
1363,-1.7219747226431688,0.6949420407904063,0.41
1364,-1.0772978297552211,1.0269841833196778,0.46
1365,-1.5368368928452634,0.8319523092386428,0.37
1366,-0.6775564722017853,0.9956592737381882,0.56
1367,-1.3330931161419444,0.8839172282296407,0.39
1368,-1.335545058746802,0.9890637114256821,0.34
1369,-1.9583988834678996,0.776766210093824,0.39
1370,-1.0864354744178897,0.7927741307844793,0.41
1371,-1.0943770814306482,0.9060507211230086,0.47
1372,-1.1457235014164437,0.7668036390259423,0.39
1373,-0.9526331895619957,0.9438060153679533,0.47
1374,-0.9306719418113829,0.9112756994330158,0.41
1375,-0.7482152972358199,1.0291453608473524,0.43
1376,-1.4901441827915958,0.7984560883145054,0.42
1377,-1.5339486921096637,0.6268233400061646,0.43
1378,-1.5980831410462404,0.6969175053911207,0.33
1379,-1.4713272951981882,0.8564533557339302,0.38
1380,-1.0730651162053753,0.8775058046626608,0.4
1381,-1.2418296844239234,0.8365911075367366,0.41
1382,-1.2055704427097247,0.8396272131007815,0.49
1383,-1.6314867497729595,0.8208837246794127,0.38
1384,-1.2353516529204993,0.8377634425407247,0.38
1385,-1.2502329542511335,0.8584633328338479,0.46
1386,-0.8117943187577239,1.0033854649422238,0.45
1387,-1.1838240378742046,0.930011430925991,0.43
1388,-1.096940503950586,0.7593506007943129,0.44
1389,-0.9530756240930665,0.9529954654814723,0.55
1390,-1.4279478420589962,0.7494460539092843,0.43
1391,-1.2353950709282855,0.7090592816312986,0.48
1392,-0.7718049118877063,0.9749890900611058,0.46
1393,-1.3406858478921393,0.8640791768586079,0.41
1394,-1.648632776723515,0.724004162852456,0.41
1395,-1.2701479286361406,0.804103405307478,0.49
1396,-1.0260739712030793,0.8579618210678632,0.36
1397,-0.4132771314396285,0.9296489834467997,0.58
1398,-1.5269761262057064,0.7937445163703377,0.49
1399,-0.9756253117515815,0.8490269216986102,0.48
1400,-1.44728758856384,0.8414289540278846,0.42
1401,-1.6100678292892419,0.6006167297080208,0.4
1402,-1.6836503378243635,0.6875649814538572,0.36
1403,-1.493749082215565,0.8084133827230384,0.34
1404,-1.199073346361852,0.8057789032807172,0.5
1405,-1.1655922471027234,0.7827105544972632,0.5
1406,-1.2743953165960935,0.8950862100984578,0.41
1407,-1.2449705769107888,0.8471522239651056,0.4
1408,-1.3484420322330348,0.8942480796018757,0.43
1409,-1.3167599640680876,0.7412538848548945,0.39
1410,-1.3457654507143315,0.7167376148928364,0.45
1411,-1.4416139729869222,0.7792800557558784,0.4
1412,-1.2049092814203086,0.8509188637161678,0.4
1413,-1.4188029925464096,0.9160044304400239,0.41
1414,-0.9529842351564166,0.871257245809534,0.45
1415,-1.4604684012267461,0.8054135561881752,0.44
1416,-1.4952792290457497,0.7893517885093578,0.46
1417,-1.7792747636351203,0.7009559920151501,0.35
1418,-0.6383894531491675,0.9566680778351594,0.56
1419,-0.9751074719458083,0.9338722022366638,0.5
1420,-1.1399906406526923,0.7585277022528394,0.49
1421,-0.6890259212942577,0.8554500333394928,0.53
1422,-1.318779851986993,0.8013177179289533,0.44
1423,-1.2272690671723552,0.8077727834389665,0.45
1424,-1.643975237399182,0.7955229091102314,0.47
1425,-1.1058512694616447,0.7765612301759954,0.47
1426,-0.8485696619938391,0.9080227861741735,0.5
1427,-1.6103114508557204,0.6784742469876242,0.43
1428,-1.1068458350738295,0.7883325893878097,0.49
1429,-1.1558015449586165,0.8791219787516742,0.45
1430,-0.9256650921430775,0.9169588246832647,0.56
1431,-1.17288424430126,0.8689661867689683,0.36
1432,-1.3895741797359475,0.6997112904027614,0.41
1433,-1.3304111525534181,0.9901549543247871,0.41
1434,-1.1306471767875705,0.8809081777541695,0.47
1435,-0.7377031915245954,0.8411806447324582,0.45
1436,-1.321426089253956,0.8111330619831527,0.48
1437,-1.177225678304829,0.9430914997201423,0.46
1438,-1.614274610555087,0.7963976398807223,0.38
1439,-1.1143764561851321,0.8051780033795082,0.51
1440,-1.2571858305176453,0.7830736839167219,0.47
1441,-0.6690349580856625,0.9097576732970535,0.51
1442,-0.5966365210905782,0.8714968802865027,0.46
1443,-0.9908447174628752,0.9297423529780816,0.49
1444,-1.157766574693314,0.8313887150215379,0.47
1445,-1.570838855005301,0.6661942184208469,0.38
1446,-1.8926973887611611,0.6170216485039112,0.34
1447,-1.4705647828703017,0.8116787754269634,0.4
1448,-1.3110701595064382,0.7314375867950769,0.44
1449,-0.7290256080178779,0.9873598598344039,0.47
1450,-1.1447132784011458,0.8587116458510988,0.45
1451,-1.084042870908282,0.935048431547326,0.41
1452,-1.2159860561170506,0.7511781267501231,0.45
1453,-1.678333947083186,0.7536838424620396,0.33
1454,-0.9178657396432396,0.9157402643741638,0.48
1455,-1.1537227262782037,0.9101487640544579,0.42
1456,-0.6318521507924025,0.8149707286405387,0.45
1457,-1.3915854553466824,0.7400611386485738,0.48
1458,-0.6474474633149419,0.9696060705680145,0.53
1459,-1.2321856257600263,1.0190968194875547,0.41
1460,-0.9205075451682154,0.9668083076900956,0.47
1461,-1.1954034216292775,0.8951491260476945,0.45
1462,-0.6872304957251413,0.8607379716829954,0.47
1463,-1.2394050992252321,0.7533884147663841,0.48
1464,-0.9466189959324945,0.907819421183993,0.5
1465,-0.8574662610026931,0.934961866445901,0.5
1466,-1.4534210060188755,0.7204456286744858,0.42
1467,-0.8859873975418521,1.0644602393893268,0.42
1468,-1.1224144835573784,0.8644417416598009,0.46
1469,-1.3519832902475637,0.7975421064913626,0.42
1470,-1.5780797050420694,0.7629312577256657,0.45
1471,-1.8546593363406123,0.7043140845180935,0.37
1472,-1.4941222094637434,0.7831031021391907,0.39
1473,-1.0421182734188068,0.8675814385562091,0.46
1474,-1.5315954992250547,0.7444083871530295,0.41
1475,-1.2530370171627911,0.9571822090085559,0.45
1476,-0.988429503224642,0.8992548336818489,0.43
1477,-1.448727716484604,0.846076030000977,0.39
1478,-1.1206284358758296,0.77632300712906,0.47
1479,-0.9784516786822419,0.8619073021808109,0.47
1480,-1.4737876860301042,0.7468317012615819,0.48
1481,-1.3917662214429924,0.8395211504045165,0.34
1482,-1.0394386310975188,0.896636807530815,0.45
1483,-1.1269528827889828,0.7550062135649653,0.55
1484,-1.2639408536916403,0.8539282393494554,0.53
1485,-1.0283387433744144,0.8533946636320074,0.43
1486,-0.9061702470072813,0.8421932883355272,0.54
1487,-1.2278707403899245,0.8577156366759902,0.47
1488,-1.2844196283827813,0.6839823214900213,0.4
1489,-1.0743361048184379,0.8550621019548339,0.43
1490,-1.4452627385894588,0.7069857008452501,0.46
1491,-1.1384186987414195,0.9580972933336899,0.43
1492,-1.1860521831536852,0.8500640732480652,0.46
1493,-0.9631120898629824,0.7348067954433405,0.48
1494,-1.1258355663830775,1.0293334677719204,0.44
1495,-1.1487470129634751,0.9241472121318935,0.47
1496,-1.039674835477452,0.8799990916872588,0.47
1497,-0.8585994188866709,0.8869011378514421,0.54
1498,-1.2309299354593726,0.8884031026647828,0.45
1499,-1.5986567640253992,0.7992727197113015,0.42
1500,-1.0832248662658785,0.7473562615520157,0.42
1501,-1.519874023401899,0.6513067143113761,0.37
1502,-1.6905211392311128,0.6661837072460106,0.39
1503,-1.5149651638377286,0.7607212831233564,0.37
1504,-1.9048992806032612,0.8105498077097433,0.37
1505,-1.2950576872734723,0.841702087837771,0.45
1506,-0.9278816771882556,0.9836016466915478,0.51
1507,-0.9187642865477373,0.8143438175654114,0.47
1508,-1.542922324320678,0.6742250118174578,0.47
1509,-1.0931230563760033,0.8139738250860329,0.48
1510,-0.6640989285582051,1.018161200234002,0.48
1511,-1.1290379725285709,0.8287468730108779,0.46
1512,-1.0873770450069542,0.8420918178572748,0.42
1513,-0.6649650544690767,0.9201569839919397,0.5
1514,-1.0168880001626908,1.0089191378873468,0.41
1515,-1.067720404493004,0.8211053685044315,0.45
1516,-1.0575719291722898,0.8742023030382206,0.41
1517,-1.5669831265302607,0.8994889594513623,0.39
1518,-1.3097925270544015,0.7588315693930753,0.46
1519,-1.2324232811918387,0.8655955785176884,0.46
1520,-1.6116200245513121,0.6567210262733839,0.42
1521,-1.1866853483974358,0.8479855068137351,0.5
1522,-1.0956849259949726,0.9584403496509531,0.47
1523,-1.6172383530557903,0.7900909525330658,0.42
1524,-0.7753530302516388,0.831622524453037,0.52
1525,-0.9690585654992943,0.8792345586954481,0.47
1526,-1.218730730867751,0.8736423531372443,0.44
1527,-1.2542127933301166,0.8898880336800726,0.46
1528,-1.2603208331862428,0.8002205949677651,0.38
1529,-1.143339483461796,0.7577368684036618,0.47
1530,-0.8573385839362948,0.9548907769232323,0.5
1531,-0.8817271299959389,0.9073052745421935,0.46
1532,-1.114761963814318,0.9041505415961691,0.53
1533,-1.3085410059975648,0.7698052404101569,0.41
1534,-0.607750674496165,0.8784206125471786,0.52
1535,-1.2754460532685732,0.7147093620917211,0.44
1536,-0.9991306192525414,0.84577131518421,0.47
1537,-0.7347322482054273,0.949266963581929,0.55
1538,-0.9199162004587038,0.8870429723575985,0.42
1539,-1.1291787450201354,0.9040433991812736,0.45
1540,-1.1935135315927528,0.863643782711363,0.42
1541,-1.5502808218754498,0.670550504179901,0.41
1542,-1.161065388030781,0.8918591838687745,0.49
1543,-1.049085222177187,0.87506303413903,0.52
1544,-0.8211962725727051,0.8867445926597566,0.48
1545,-1.0820739334066407,0.7756913913158867,0.46
1546,-0.9140544965228706,0.9019641102764375,0.53
1547,-0.4926982524343113,0.9631347309584184,0.58
1548,-1.0657741352399426,0.8190110095789275,0.47
1549,-1.2364316895184309,0.7900087669246904,0.4
1550,-1.741739702784225,0.6316802678139771,0.39
1551,-0.7267636028268066,1.085518766070834,0.51
1552,-1.66229997023345,0.7606404394186879,0.38
1553,-0.9581257802701774,0.9033477051215364,0.42
1554,-0.5902686872205021,1.0098675860689899,0.44
1555,-1.2290061761897564,0.9422987505175336,0.37
1556,-1.3759788196944789,0.886312079201144,0.5
1557,-0.9936548805108297,0.812751238965829,0.44
1558,-0.7107433329913442,0.8447389413427174,0.52
1559,-1.09227057062442,0.8494117739991878,0.46
1560,-1.5562808817313225,0.8122232755101686,0.49
1561,-0.7116661954499152,1.006732573141369,0.48
1562,-1.1846055278462675,0.8057128075512753,0.54
1563,-1.1809123130269408,0.7995681404427637,0.48
1564,-0.813464458401876,0.8566705630264433,0.5
1565,-1.1585643034958502,0.8871989862567473,0.48
1566,-1.1253718400430928,0.7084939900194475,0.5
1567,-0.8241314763028261,0.796140215660576,0.49
1568,-0.9044072663168421,0.8928107161903615,0.45
1569,-1.3055552926726954,0.9118939898649647,0.36
1570,-1.0816730547014222,0.9661193058206031,0.45
1571,-0.9530981849767984,0.8815127649631436,0.56
1572,-1.0496650604924225,0.8586678043984244,0.49
1573,-0.9943161722836612,0.9965428333674194,0.45
1574,-1.165953596830933,0.9241852593794221,0.45
1575,-0.5205660452578826,0.9347760701616376,0.55
1576,-1.127862080684976,0.8316654928459936,0.45
1577,-1.577716563159873,0.6652565178550127,0.32
1578,-1.3995894081443583,0.6725558715173487,0.43
1579,-1.3511519693298766,0.8447438566244903,0.45
1580,-1.0106760331332854,0.9425436723016289,0.48
1581,-0.8384542643678526,0.9497851206134581,0.53
1582,-0.7666027180592154,0.963115811183984,0.48
1583,-0.6190459428571456,0.8695622307905089,0.49
1584,-0.42687423578349887,1.0364471462588645,0.53
1585,-1.2902520171480765,0.7246915002295914,0.47
1586,-1.0292893136336243,0.8206908943099036,0.45
1587,-0.6110229927269516,0.9525114493229978,0.47
1588,-1.0146646517319964,0.8745305117543741,0.45
1589,-1.0276954537811729,0.7466806110699266,0.46
1590,-1.2179693128989626,0.7998690285129726,0.42
1591,-1.31557808723661,0.8345029161280759,0.46
1592,-1.5800008947927648,0.6545961042160003,0.37
1593,-0.9256861632472833,0.752603861679225,0.51
1594,-1.0256259727592452,0.9043352863800106,0.43
1595,-1.3158763386773082,0.8303459226298346,0.37
1596,-0.7521062882805178,0.9009286221256577,0.45
1597,-1.218538005098945,0.7222627262321363,0.52
1598,-0.8007608489823546,0.77820276040621,0.5
1599,-1.1259251689390464,0.7388340581403164,0.48
1600,-1.130476888676215,0.8412398833177974,0.51
1601,-0.5505529748919397,0.941300731990637,0.52
1602,-0.9710022611957551,0.7455118012185352,0.45
1603,-1.3116641966106275,0.6643589877637313,0.47
1604,-1.0225304056843125,0.8830072328627447,0.44
1605,-1.3386472953748674,0.9227221008785103,0.44
1606,-1.27985896992888,0.8185075220776845,0.36
1607,-1.0774726775459955,0.853961251368743,0.44
1608,-0.9187826400302406,0.8658716319376768,0.56
1609,-0.9017368140845728,0.8416127475379517,0.44
1610,-1.2081980081586003,0.9173395062142591,0.47
1611,-1.1445257546092875,0.9256961865336442,0.45
1612,-0.7094264831770053,0.9064953510822327,0.53
1613,-1.214296208397702,0.8546894919405357,0.5
1614,-1.2426554850322447,0.8178176931943593,0.45
1615,-1.2374069572288597,0.7818292722902846,0.42
1616,-0.8812207688968704,0.9405695589550815,0.47
1617,-1.2147911967928238,0.839296790634441,0.42
1618,-0.9102842578162381,0.8102115237135176,0.46
1619,-0.99185213749467,0.7917165515605201,0.5
1620,-1.0877722918251533,0.8197380738066863,0.5
1621,-0.9515594779260174,0.8684691318211522,0.46
1622,-0.8818269417613314,1.0574225982696144,0.5
1623,-0.6915195000244758,0.9919809070106796,0.53
1624,-1.190223931243925,0.8778078587546777,0.43
1625,-0.696027221496363,0.8242276864239132,0.59
1626,-0.8103085872705253,0.9265742532467935,0.44
1627,-0.9409605051998132,0.9264677658964381,0.48
1628,-1.140968422169945,0.8087264720795467,0.47
1629,-1.2572895260796644,0.7786281449501908,0.43
1630,-1.3826269452054234,0.772063671186207,0.42
1631,-1.5226119295769722,0.7969171877041421,0.37
1632,-1.0801413333898031,0.8921418422628843,0.41
1633,-0.9545912998304706,0.8814808604126267,0.49
1634,-1.6822516801939285,0.8612067586115498,0.43
1635,-1.2414252834842185,0.7272400980867065,0.51
1636,-0.8596653061769627,0.8514787618268226,0.46
1637,-1.028344163306302,0.7966231421825961,0.4
1638,-1.0468241371100495,0.8181648561380495,0.49
1639,-0.8124579067768845,0.9947491167586782,0.45
1640,-1.189250870238561,0.7850633465467125,0.48
1641,-1.0213903555809538,0.9470057734609557,0.46
1642,-1.1744283016550066,0.9411444381227786,0.41
1643,-1.1341506218123703,0.9502586181619506,0.43
1644,-1.3504687358480885,0.813554243283146,0.47
1645,-0.8033308933232339,0.957446249375187,0.44
1646,-0.5347159099063167,1.1463200933140465,0.48
1647,-1.2464482071610445,0.7591733188559708,0.46
1648,-1.099275776085112,1.0755968773497724,0.39
1649,-0.9488736915594841,0.8024051785571548,0.5
1650,-1.4589620741883382,0.734862726913306,0.44
1651,-1.063656232190554,0.9256326677911713,0.45
1652,-0.46523820823101336,1.0414564068129644,0.57
1653,-1.26795225299384,0.7351982154020601,0.49
1654,-1.6082050079899741,0.6444515359348258,0.41
1655,-0.39177848210750876,0.9711029737003564,0.59
1656,-0.7800146331887642,0.8930284514282644,0.44
1657,-0.6332049789650737,0.9451041235050949,0.5
1658,-0.963364398672784,0.9931331312018878,0.51
1659,-0.9187891486693834,0.9375360830932435,0.5
1660,-0.7391668797107078,0.8922885242944747,0.47
1661,-1.105316766923149,0.8207491174032236,0.46
1662,-1.025043001022908,0.8171666984400536,0.47
1663,-1.1903886512327897,0.7706040277798533,0.43
1664,-0.8250304988409388,0.9305754618347148,0.5
1665,-0.5650092937070178,1.0076230448174723,0.5
1666,-0.5005651336550362,0.9040944993810598,0.6
1667,-1.1909427727654356,0.7131906755085055,0.55
1668,-1.0308624428292807,0.6624576994655932,0.5
1669,-1.2843106112778342,0.8775951750207538,0.49
1670,-1.3143788037035489,0.662871145398073,0.45
1671,-1.2579678402708723,0.8181440736177936,0.47
1672,-0.9242494125579068,0.7746531204341147,0.46
1673,-1.076081008403999,0.9192606127991653,0.48
1674,-0.7146142539025907,0.9437290402197849,0.5
1675,-1.1171349142648261,0.6989156501428052,0.49
1676,-0.9388784537470282,0.9212079178660556,0.48
1677,-1.1205212724462041,0.7744871769118593,0.47
1678,-0.9432179822850343,0.9584538269007022,0.51
1679,-1.2533169905538823,0.8103642571907277,0.5
1680,-0.8124939919940353,0.8459252567478198,0.53
1681,-1.1644255944276403,0.8100316069555221,0.42
1682,-1.379460990792411,0.8522018384282322,0.42
1683,-1.0003849137097347,0.8841162947937543,0.5
1684,-1.2619975167889779,0.7671824401676501,0.45
1685,-1.0279106736949217,0.779041419196968,0.43
1686,-1.0439837045961478,0.9520637081675022,0.42
1687,-1.2436395364441595,0.8199743480267776,0.43
1688,-1.138159487794275,0.8311892166699556,0.45
1689,-0.6956975115370604,0.9390509249408886,0.51
1690,-1.0332136352778216,0.8466710191124365,0.44
1691,-1.5542939790010655,0.6713431643109221,0.35
1692,-0.8663804459945607,0.9432077966974589,0.52
1693,-1.0009250723123677,0.8431747438765305,0.47
1694,-0.8753441704294872,0.8681380448779578,0.49
1695,-0.6964479966019212,0.9705834912900186,0.54
1696,-0.8862237192795708,0.9230911665768667,0.45
1697,-0.7788428936911624,1.0301623303710914,0.55
1698,-1.2535411043645106,0.8298032788606353,0.41
1699,-0.7346901885113034,0.8438259084570984,0.48
1700,-0.9479569258674276,0.8981386623247479,0.46
1701,-1.065677885338874,0.9094091542842542,0.41
1702,-1.428439032571967,0.7747245162979428,0.45
1703,-0.9099139190201149,1.0135268916747955,0.45
1704,-0.749046647369774,0.9689155660838463,0.49
1705,-0.904544450431102,0.9639760063622366,0.46
1706,-1.6425923148365,0.6684908679457527,0.39
1707,-1.4600694316382299,0.6974782855020055,0.44
1708,-0.6431092434340431,0.9352719608636,0.53
1709,-1.0374803115289972,0.765252026456654,0.43
1710,-1.2854741891038521,0.7436885068067095,0.43
1711,-0.8693113900601801,0.8992534863315731,0.56
1712,-0.7947808034399871,0.9850885342381943,0.49
1713,-1.494792299817484,0.826352793545703,0.37
1714,-0.804722621553705,0.9732680007627337,0.48
1715,-0.6236641760949739,0.8331109690877385,0.56
1716,-1.2094148476976105,0.7098551265072297,0.45
1717,-1.0056860713991242,0.8570652608282648,0.43
1718,-1.1517062322484526,0.6705372995175267,0.47
1719,-0.7057232354762298,0.9598199286839667,0.5
1720,-1.2470866196232955,0.6761966023786821,0.53
1721,-1.1811950167954235,0.8371199052741204,0.47
1722,-0.7744088356692216,0.9361474034654148,0.5
1723,-1.1321104419034493,0.8840985729691336,0.49
1724,-0.7355796733031292,0.8344546550757225,0.41
1725,-1.1046572924855678,0.8350248460969389,0.49
1726,-1.2563740204296006,0.853731015499343,0.48
1727,-1.0618026263940825,0.9485968814796738,0.54
1728,-0.38991400873607795,1.0970846749007017,0.56
1729,-1.3211085223457035,0.7306463316504609,0.45
1730,-1.4455287258899534,0.8425949854714488,0.42
1731,-1.1150901062512977,0.868226746414384,0.48
1732,-0.6422545794038208,0.9627770700693532,0.5
1733,-1.1107778070444054,0.8378642857436656,0.44
1734,-0.9262324316306675,0.9087375006878499,0.54
1735,-0.9230811833049266,0.9032577719330271,0.44
1736,-0.4673759688140122,1.1301796333954386,0.49
1737,-0.79490009742999,0.8557139016264688,0.45
1738,-1.1817781903409985,0.6671720197942012,0.46
1739,-1.6486843227454235,0.6636760558718388,0.44
1740,-0.38865457489929445,1.0529547167247992,0.55
1741,-1.490261361111832,0.7576895226089486,0.43
1742,-0.7100494321688232,0.9276743219593464,0.53
1743,-0.7325882744348262,0.8719439419163203,0.47
1744,-0.9748324427442371,0.7046795684640585,0.5
1745,-0.9931487023382598,0.8158948982420925,0.53
1746,-1.232686396592818,0.7115810702694296,0.49
1747,-1.05619707260039,0.6537245941166426,0.52
1748,-0.3375693370852401,0.942618911948894,0.54
1749,-1.0233945462023515,0.8956223449980381,0.53
1750,-0.6745397778536416,1.167537099870682,0.51
1751,-1.2435776955790998,0.7724224162373754,0.49
1752,-1.8534889729542723,0.5771939105465723,0.42
1753,-0.5667358315422715,1.0590833397361912,0.56
1754,-0.5129936687115412,0.9889045388088047,0.54
1755,-1.0789495366234767,0.8977291932932614,0.47
1756,-0.933216777055497,0.8297409266243235,0.49
1757,-0.8943698686850433,0.9694454952116933,0.48
1758,-0.7315628801596057,1.0392985069177743,0.53
1759,-1.0411538083071608,0.7770201211752499,0.49
1760,-0.8243463816698596,0.8773073210899325,0.54
1761,-0.8848373889888503,0.8358196636862238,0.59
1762,-1.0338161957382355,0.7116786296070433,0.56
1763,-0.8942359268209773,0.8137107066901583,0.49
1764,-0.7566897597617046,0.8398610968514277,0.47
1765,-1.2403158868608812,0.8396276626084742,0.47
1766,-0.9188573062606392,0.8466172295264016,0.48
1767,-0.7838409683139795,0.8565740595548631,0.55
1768,-0.8848034326777449,0.8538250661269804,0.59
1769,-0.948793932317114,0.8196850173716642,0.47
1770,-1.0992709621065107,0.8752359604398922,0.45
1771,-1.1435423654203332,0.8031608194896991,0.52
1772,-0.596804812882765,0.9989425034739903,0.48
1773,-1.2137064940344426,0.7461069555063198,0.43
1774,-0.6018773797668576,1.0574071141253334,0.55
1775,-0.8819007363240776,0.9582865546393486,0.51
1776,-0.48501118072148286,1.1477194829153219,0.5
1777,-0.5672591725295644,0.913735869499614,0.5
1778,-1.0213894228967453,0.8497054565150086,0.49
1779,-0.38202913471960875,1.0702275680718445,0.51
1780,-0.5317400333456269,1.0707007161081845,0.57
1781,-1.0739947253518998,0.9450912285785263,0.47
1782,-0.4418624573059377,1.1035715969244855,0.58
1783,-0.9741308570448698,0.8889469667000395,0.54
1784,-1.4064537095506902,0.7033014355039348,0.42
1785,-1.2021590973234684,0.8172914821499145,0.48
1786,-0.7134962962718374,1.0554734670265105,0.5
1787,-0.8106616631061451,0.8723053891075483,0.51
1788,-0.9188643042047456,0.8068200613688592,0.51
1789,-0.7821928889763257,0.8940501786141704,0.54
1790,-0.991495860281582,0.9190144073911495,0.5
1791,-0.649078983032109,0.8814988932076773,0.56
1792,-0.844623597030508,0.8059644922860439,0.52
1793,-0.7714514397924611,0.9642996047979162,0.55
1794,-0.7405813598826083,0.9272117562730793,0.52
1795,-0.7058296997930011,0.8923348746871683,0.47
1796,-1.014898930612904,0.7682427588102669,0.52
1797,-0.6333779122881693,0.8692964176816181,0.54
1798,-0.34534578552228223,1.0426833195313139,0.5
1799,-0.5645073371651972,0.897735867680929,0.61
1800,-0.922354434940486,0.9665135836339428,0.52
1801,-1.0581232214565293,0.853107183153839,0.41
1802,-0.6309692398035183,0.8041652347619883,0.6
1803,-0.6281340849080447,0.9840674324059278,0.56
1804,-1.1589520458542542,0.9311968894564004,0.44
1805,-0.4676007573083611,0.9374479253620769,0.52
1806,-0.9183461515222223,0.8730416170726837,0.43
1807,-0.9247009577622677,0.808152863426511,0.48
1808,-0.9014231159555373,0.8520263607185005,0.51
1809,-1.058601664758571,0.7551665280912501,0.44
1810,-0.6465438581743983,0.9873664870235065,0.51
1811,-0.8728509265388286,0.8982263360112728,0.47
1812,-1.0525667820644302,0.8750648965758678,0.5
1813,-0.8380439312791127,0.9567853759785226,0.53
1814,-1.0214392610074063,0.789444800287935,0.43
1815,-1.1797877129878482,0.8476317750966608,0.43
1816,-1.0095315444197097,0.6696557415405114,0.53
1817,-0.8580538656123247,0.9582891250545473,0.46
1818,-0.7188260117187888,0.8892392582185299,0.57
1819,-0.7178756872294489,0.8930765469378763,0.56
1820,-0.8964870640272207,0.8472292903379781,0.47
1821,-1.1242454898035175,0.8825154096169762,0.46
1822,-0.7287799379396241,0.9241242163837411,0.45
1823,-0.5113004612671852,1.080839007448529,0.53
1824,-0.888730355960773,0.9306219484437842,0.44
1825,-1.0122009549788358,0.7875477471345887,0.45
1826,-1.0249092602649947,0.8880323849726405,0.49
1827,-0.6336842456101531,0.8644489281297837,0.52
1828,-0.7708754542628963,0.8547011903001844,0.55
1829,-0.917400392840025,0.8727752609088156,0.52
1830,-1.3354312191819198,0.6730525563030639,0.43
1831,-0.542636546903261,1.069522810736711,0.56
1832,-1.1570350550062822,0.8561206602564685,0.51
1833,-0.9934712844355664,0.8804913525954366,0.47
1834,-1.389437984206034,0.7707541124947309,0.47
1835,-0.7240706943628045,0.8986479768683361,0.55
1836,-0.7706768189609232,0.8933332285462933,0.5
1837,-1.2033885248816778,0.8710610011070059,0.47
1838,-0.9943404905891452,0.7498340100152474,0.55
1839,-0.7638302829420262,0.8180232738029352,0.54
1840,-1.2655732171646166,0.9242096632334958,0.46
1841,-0.7162698550753018,0.9461944132238564,0.51
1842,-0.9315165973103394,0.958559266134882,0.44
1843,-0.8826418728792932,0.9477982419641389,0.51
1844,-0.9913352516707645,0.9656751991943056,0.45
1845,-0.6558408900198779,1.0879191297382176,0.52
1846,-0.7632499165956179,0.8149830698897118,0.52
1847,-0.7215153470287001,0.774692303489613,0.57
1848,-0.8061633598472592,0.9250128984244654,0.55
1849,-0.8072492019157725,0.900240747886926,0.43
1850,-1.1999993891423009,0.8661763153537396,0.46
1851,-1.261911601389125,0.722851875419168,0.54
1852,-0.7278597510475145,0.8960826528493462,0.54
1853,-0.22367645778739167,1.0438611919018816,0.58
1854,-0.8415473498113176,0.8334238506846458,0.45
1855,-0.8726521905513309,0.8422213079869542,0.57
1856,-0.7459447024398363,0.8303403221434025,0.49
1857,-0.9731261718760483,0.8454015450916432,0.5
1858,-0.8936092857355585,0.7113675194616208,0.54
1859,-0.720785647530269,0.8754680611403687,0.47
1860,-1.3818349475182812,0.8096138283265146,0.4
1861,-1.2056395168208098,0.7780952478976282,0.5
1862,-0.9721091951752091,0.8802449649477095,0.52
1863,-0.8925752556911647,0.8032890421970048,0.55
1864,-0.8951248825951204,0.7809805065916907,0.53
1865,-0.6119991444139385,0.8679275376667585,0.51
1866,-0.840510065702999,0.8270589894150793,0.5
1867,-0.5816017283310246,1.0139410457835702,0.44
1868,-0.9393417975402035,0.6652041581661436,0.59
1869,-1.2133542145898013,0.8076572781103688,0.43
1870,-1.2325284148795106,0.7788005014481947,0.44
1871,-0.6939051512400302,1.0103577266399555,0.51
1872,-0.6359052175778926,0.8747118628934675,0.52
1873,-0.7686447206758209,0.9508535896329358,0.52
1874,-0.7305177524722805,0.9095209244706173,0.5
1875,-0.4774967217669368,0.868687785613335,0.58
1876,-1.1200408377503563,0.6974297641483416,0.52
1877,-0.9483434356279143,0.8966474305504817,0.44
1878,-0.8735742533518741,0.9282839859765069,0.49
1879,-0.7305534183706638,0.8641480086158755,0.54
1880,-0.5629986872902074,0.9379163608555338,0.56
1881,-1.1655014149428955,0.7147966691640438,0.47
1882,-0.3695374992184199,0.9342215709664343,0.55
1883,-0.4548330867978204,0.9605957076851304,0.57
1884,-0.9443791567893771,0.8369774716365689,0.49
1885,-0.9531770307117077,0.8080903134847375,0.44
1886,-0.5637127916285164,0.8903089852887383,0.53
1887,-1.0331020020853716,0.822910250300709,0.57
1888,-0.8637899617278988,0.8112358201887439,0.52
1889,-1.441425624337836,0.7723516673347803,0.5
1890,-0.9193797629405774,0.7905049229242745,0.52
1891,-0.8924499784824487,0.8536499391676214,0.53
1892,-0.960609801243183,0.8948240301267376,0.53
1893,-0.8037967594021889,0.8962143804302629,0.56
1894,-0.6678213141943428,0.961539868715901,0.52
1895,-0.6728969875789637,0.926409564700539,0.56
1896,-1.078316507259143,0.6345353518934346,0.52
1897,-1.0212815523017167,0.7821742435252168,0.48
1898,-0.17227811649034291,1.0203878859845446,0.6
1899,-0.774202795944499,0.9747993402297019,0.48
1900,-0.7041299952994338,0.9223426411228799,0.49
1901,-1.0309307111470571,0.9275501506204669,0.48
1902,-0.7999559093379398,0.8115011779499014,0.52
1903,-1.102975676586666,0.894351903171131,0.51
1904,-0.7762316043310769,0.8745779630084484,0.57
1905,-0.6628848066949352,0.8522767044514913,0.55
1906,-0.5010120446088152,1.0172488298970677,0.52
1907,-0.7014809451852905,0.7955361094729305,0.58
1908,-0.32297657127051266,1.0159405826109842,0.66
1909,-0.5911913017852459,1.0165611319874799,0.58
1910,-0.7519737635018545,0.7975925785440523,0.49
1911,-0.6102179187186043,1.0094950937750975,0.53
1912,-0.8175247095534778,0.7460983708285276,0.56
1913,-0.7143245701332979,0.7971543249001474,0.55
1914,-0.9097195420616799,0.9372093846654315,0.5
1915,-1.5670800749922924,0.8302637899544838,0.4
1916,-0.48288222511454515,0.891858829366376,0.58
1917,-0.27011152015296597,0.8995535111136448,0.62
1918,-0.9488930500587119,0.7457056452863068,0.44
1919,-1.2154658661095912,0.8431969597817703,0.4
1920,-0.5594605696084608,0.9077799370360836,0.54
1921,-0.6656641936557568,0.9247903449833885,0.51
1922,-1.3068760554611814,0.8076059744620564,0.49
1923,-1.050824576159498,0.8323891299496977,0.48
1924,-1.2044197230657585,0.7710972863994175,0.43
1925,-1.5460203720606471,0.6802835206772453,0.46
1926,-1.1362671335165635,0.639776329559387,0.45
1927,-0.745429502715892,0.8440856544531777,0.6
1928,-0.8130273486238562,0.8200510201369327,0.5
1929,-1.1213430915094524,0.8688611732784066,0.43
1930,-1.1351150860781682,0.8313540824179947,0.5
1931,-0.8622913973585489,0.8779649613362543,0.58
1932,-1.2688360455361827,0.7409888777265432,0.42
1933,-0.8572783738438183,0.8896231829775013,0.54
1934,-0.7571156900082159,0.8095245477508712,0.49
1935,-0.824811245739696,0.7855426465128066,0.49
1936,-1.2281881923950833,0.8266541503313163,0.46
1937,-0.9139344015388708,0.7677339288755838,0.51
1938,-1.0030256708474377,0.7541358287676933,0.52
1939,-1.113396432631972,0.8128209459260566,0.48
1940,-0.6034290330313737,0.9187554185225065,0.57
1941,-0.6684017707322083,0.69785359642816,0.57
1942,-0.9219342983979224,0.8445461093898848,0.52
1943,-0.8547079063727675,0.8489337197986085,0.5
1944,-0.8366209186700057,0.866295528517007,0.59
1945,-0.5712479503878936,1.0021834169068915,0.48
1946,-0.4004937467397176,1.0818935298697034,0.58
1947,-1.0212244680910387,0.8330471836642771,0.48
1948,-0.693526162536791,0.8016076659214364,0.51
1949,-0.8709775052729678,0.8404963066373057,0.51
1950,-0.7907988764757333,0.9157545385493845,0.52
1951,-0.7419462096215744,0.9542823451570424,0.54
1952,-0.8674995257140933,0.8571871692660946,0.45
1953,-1.0499021813519476,0.8080760980424043,0.5
1954,-0.6881294998221797,0.9052438667693017,0.54
1955,-0.9634428669682991,0.7752467250237083,0.53
1956,-0.7103841698633238,1.0651167719832175,0.57
1957,-0.5608799301007419,1.0142937718951492,0.49
1958,-0.9032430522301002,0.9733330681855599,0.48
1959,-0.6887130000599225,0.8019466997453643,0.6
1960,-0.859201620619071,0.8165968912825492,0.49
1961,-0.2755196571743524,0.9449011009317361,0.57
1962,-0.532739392677874,0.8898157341632799,0.58
1963,-0.9806195761166794,0.7775523177135019,0.47
1964,-0.8097240678868016,0.827202756633756,0.58
1965,-0.6680353141438112,0.8757761681047724,0.64
1966,-0.6541974613454241,1.0591795724227566,0.47
1967,-0.48016492775773123,1.1183091471841862,0.48
1968,-0.715414069935344,0.9259931652291677,0.5
1969,-0.6627688374528664,1.026135722599711,0.48
1970,-0.12350993479119882,1.2290036643696383,0.58
1971,-1.2915424059962057,0.8215737006689922,0.4
1972,-0.7529245627612238,0.9813787488345816,0.55
1973,-1.0371308263413948,0.702238678271617,0.49
1974,-0.8406086166710053,0.8902944405394138,0.47
1975,-1.3249524563326012,0.8621321041940121,0.49
1976,-0.973685048176205,0.8587091309572733,0.49
1977,-0.5736302638512542,1.0138019375877376,0.55
1978,-0.4918006544271275,0.8411240545927414,0.66
1979,-1.1958616679735043,0.7462551000125187,0.55
1980,-1.0132025166483245,0.8108653165456237,0.47
1981,-1.0035756520345687,0.8544705831927657,0.53
1982,-0.5420633693569499,0.8683778899726796,0.61
1983,-0.7468393715081535,0.7519937835729789,0.57
1984,-0.7002851925471011,0.7809364718631803,0.57
1985,-0.7561359888864565,0.9071913192931786,0.59
1986,-0.535894826890453,0.8230857446227123,0.57
1987,-0.38293358313718195,0.8981166245819872,0.54
1988,-1.434410434357926,0.6602498752637297,0.43
1989,-0.4606185152592003,0.8943879216185926,0.55
1990,-0.23318692319337989,1.080674901493348,0.58
1991,-0.24160763794502266,0.9616494657145137,0.63
1992,-0.15726014218609471,1.018078616959549,0.62
1993,-0.8456324786231586,0.8904123353440109,0.57
1994,-1.029985474582634,0.7613840383168123,0.48
1995,-0.7968344859645441,0.9411618777379916,0.5
1996,-1.0516161714917995,0.8747124879744906,0.51
1997,-0.4408674006293042,0.9663827689583014,0.57
1998,-0.7157067124919061,0.8801621492199945,0.51
1999,-1.013274325411965,0.8098601429052067,0.5
2000,-1.186358294595019,0.9050229772523476,0.46
2001,-0.8256857389514594,0.8731702832155435,0.5
2002,-0.7359538134653163,0.8613526749234979,0.56
2003,-1.509830425790206,0.8314438777339057,0.46
2004,-1.2820113114521692,0.7555870451098181,0.43
2005,-0.4588205183115837,0.9443174431571922,0.58
2006,-0.6657970149114331,1.014269133110328,0.55
2007,-0.15162600682363497,0.943053457991748,0.65
2008,-0.6382301716408494,0.8407808916593532,0.56
2009,-0.7889136332180614,0.8125372638729645,0.55
2010,-1.0456622128954987,0.7456520747227674,0.46
2011,-1.0747491236604108,0.740675804396941,0.51
2012,-0.7041979172353936,0.7049402808254459,0.58
2013,-1.0521693501288822,0.879502901318164,0.44
2014,-0.5002573018187009,0.9914624773390338,0.56
2015,-0.6559178897305974,0.9876955597600728,0.55
2016,-0.428991649898206,1.0752164173967302,0.53
2017,-0.43026962969132077,0.9965896590201284,0.55
2018,-1.0730260444360669,0.8000859882461174,0.49
2019,-0.8199473877090394,0.8468021355302412,0.55
2020,-0.9599919168377028,0.7864330865189975,0.51
2021,-0.8371148737414987,0.8341293691621917,0.55
2022,-1.3833509175264955,0.769871019428902,0.42
2023,-0.5979999616291934,0.9031814118305177,0.62
2024,-0.8273133909815026,0.8271676096902205,0.47
2025,-0.5845416318345611,0.7282929680958483,0.59
2026,-1.2405254241606327,0.9604427244562476,0.36
2027,-0.9847676971833697,0.9455950268778506,0.51
2028,-0.6787496970873506,0.9450035330052989,0.56
2029,-1.2684439893004165,0.7919859084776969,0.47
2030,-0.8827314024255231,0.8808801923375639,0.5
2031,-0.3839851794046525,0.9155409867820228,0.63
2032,-0.9486921937451378,0.8030531298005062,0.52
2033,-0.7068248611987378,0.9343732300766425,0.59
2034,-1.4162305479139325,0.706290257364106,0.46
2035,-0.7054478432352828,0.866846750047835,0.53
2036,-0.5127667223036451,1.1376089904914943,0.56
2037,-0.7168657209697993,0.6691653933719606,0.55
2038,-0.6907292890735078,0.9124110153553276,0.54
2039,-0.875633919851487,0.8200296181828419,0.52
2040,-0.5791108365145963,1.0594476112495612,0.58
2041,-0.7608019310289975,0.8684007307038878,0.52
2042,-0.9721514517732868,0.9337415799520343,0.56
2043,-1.2081921301468035,0.6479449965638727,0.45
2044,-1.0814468137494477,0.7423624272217983,0.49
2045,-0.6676214193248289,0.9024557408004564,0.54
2046,-0.6195995849633805,0.8961381712503019,0.55
2047,-0.6807051089344955,0.9271902933389227,0.57
2048,-1.017197160499011,0.890860715488076,0.49
2049,-0.6861129370937775,0.8030586837738862,0.55
2050,-1.3479634429576628,0.7816925954197371,0.42
2051,-1.3722661634315585,0.7366147289640304,0.49
2052,-1.077537690906084,0.7399056200940076,0.49
2053,-0.6767397017172228,0.9178966423747487,0.61
2054,-0.7148714599204906,0.861084931257622,0.57
2055,-0.9853896155911364,0.809701321961231,0.54
2056,-0.8373256140759209,0.8091016527293786,0.51
2057,-0.8054531927024822,0.9881106685787426,0.49
2058,-0.6969468838993155,0.9255662950522476,0.51
2059,-0.5421486910981299,0.8836132153979905,0.55
2060,-0.35189669236222654,0.8509402676936679,0.64
2061,-0.6966480652818043,0.9459541314645896,0.55
2062,-0.6999111109821443,0.8637956508608704,0.54
2063,-0.8031038177804054,0.9535131603042564,0.51
2064,-0.616397573556852,0.8740666911759473,0.53
2065,-0.600802452491127,0.8532098371871548,0.57
2066,-1.2720810152186217,0.7039793320732641,0.48
2067,-0.45885946602547256,0.8845357518566306,0.59
2068,-0.9276738163040786,0.8208433970907558,0.52
2069,-1.0026206138307072,0.9990882781901048,0.47
2070,-0.79874090551148,0.9527284802794449,0.57
2071,-0.7284547932015559,0.8940258530166194,0.57
2072,-0.2559460207327675,1.0879170468884216,0.6
2073,-1.0930869138356722,0.7679767802810187,0.43
2074,-0.17727374736305646,0.8971911310245697,0.65
2075,-1.069151674192684,0.9003015219431312,0.5
2076,-0.3395191229215858,0.980635535028146,0.58
2077,-0.3950608210952085,0.9412969445462969,0.51
2078,-0.8102209320971713,0.8124717212136833,0.53
2079,-0.9878928429415983,0.8751046354673575,0.46
2080,-0.5406549370128966,0.902170072749605,0.59
2081,-0.8880275820158853,0.8844818700992463,0.52
2082,-0.07288378476989496,1.174087282935079,0.63
2083,-1.1232615754599449,0.7817488693123263,0.51
2084,-1.0718973289823006,0.6967735086075417,0.51
2085,-0.8656121758291115,0.7774379219772003,0.5
2086,-0.788997101634045,0.8983414563677702,0.54
2087,-0.5443886580677373,0.800426267839359,0.55
2088,-0.9669161653476624,0.845167664200432,0.6
2089,-0.8670863661449788,0.7533612451868299,0.52
2090,-1.0161763424530503,0.8499123970531761,0.52
2091,-0.9857550430761663,0.8394725743408905,0.52
2092,-1.3886502677550612,0.8199598975139444,0.49
2093,-1.0936859432821202,0.8972672831371912,0.45
2094,-0.18797087108443594,1.0315114416355897,0.62
2095,-0.6807549815077684,0.975885631383611,0.49
2096,-0.2570026586024371,1.0237002275127123,0.65
2097,-0.6250430187944256,0.8926805152076084,0.57
2098,-0.7073444891445798,0.8363690142538159,0.57
2099,-1.0930622742040272,0.7516618022359625,0.48
2100,-1.194305950759886,0.7107328276900513,0.5
2101,-0.6591621361127857,0.8417309276830278,0.55
2102,-0.7735560605743084,0.7846671089547725,0.6
2103,-0.8575861449424719,0.8747186076261684,0.55
2104,-0.7708650873709598,0.8894371670329639,0.45
2105,-0.7036636778147762,0.8469950686684369,0.52
2106,-0.9443450220939836,0.7575233268777503,0.5
2107,-0.9142695935472648,0.702661679747774,0.54
2108,-0.9107637122189652,0.7356288582849579,0.6
2109,-0.791172878490327,0.906645289748056,0.53
2110,-0.7319435553731478,0.8590839792282694,0.51
2111,-1.0549002883861665,0.8604801262720224,0.53
2112,-0.46798323209991116,0.9866814705789966,0.55
2113,-0.878298944383201,0.7329972237740171,0.53
2114,-1.2260587725979466,0.7465438983092958,0.47
2115,-0.3824455290162934,0.8930486613495446,0.57
2116,-0.7147479749479163,0.7727541621983686,0.56
2117,-0.8044757231415458,0.8122745867877711,0.5
2118,-0.6422056402245905,0.8964913203321896,0.64
2119,-1.2615687753958142,0.6682716762603605,0.49
2120,-0.4092317804367533,0.8524072448692572,0.59
2121,-0.6848743256595695,0.9223080197284097,0.48
2122,-0.3911608102547783,1.0441287823855048,0.59
2123,-0.677753322182376,0.9036037254575665,0.52
2124,-1.0373419589114394,0.6748907736574974,0.51
2125,-0.8388797665008164,0.8915651262042604,0.49
2126,-0.5110154850008966,1.014809657478069,0.52
2127,-0.4807759899214013,0.9172613621973601,0.57
2128,-0.47937741544994494,0.9000990033071719,0.59
2129,-0.8900246077235654,0.8515329209886059,0.53
2130,-0.7787228102582442,0.8672056596113529,0.44
2131,-0.9307267109380061,0.9077650201066448,0.45
2132,-0.6578913934709353,0.9456275127570914,0.55
2133,-1.4276880463354178,0.7978305239058245,0.43
2134,-1.2417137079646454,0.7688444406473468,0.46
2135,-1.0594541549495669,0.7871768211456163,0.57
2136,-0.7179561580043,0.7896762799891296,0.53
2137,-0.35349452129251874,1.052265384852758,0.53
2138,-0.7584055531366449,0.8816089366883246,0.55
2139,-0.9236177814406308,0.8794964066597815,0.5
2140,-0.8617480693435493,0.9677382266558822,0.49
2141,-0.4431607636191778,0.8267503955334672,0.58
2142,-0.6042630825778018,0.7753495263029184,0.58
2143,-0.6330394757216733,0.9056763646723777,0.56
2144,-0.3804655833871307,1.0117744760520815,0.54
2145,-1.068804672053502,0.8520818600817911,0.52
2146,-0.40337060602541863,0.9425168480971695,0.56
2147,-0.5928510075979461,0.8853220839478959,0.61
2148,-0.3546770159280798,0.9846926182408832,0.57
2149,-0.5218050638372396,0.9580074831376121,0.55
2150,-0.7722496946505524,0.7928530291224937,0.55
2151,-0.9925676860266663,0.8024652853444411,0.55
2152,-0.6000790198857792,1.0139200028818371,0.58
2153,-0.45226986355436744,0.9826298362925046,0.54
2154,-0.7897883442476011,0.99486552999573,0.56
2155,-0.4673281977643187,0.877161928339909,0.56
2156,-0.3716874744065949,1.1075182994105417,0.53
2157,-0.29029958665065225,0.9981303249417759,0.63
2158,-0.9682637271962623,1.013223219500986,0.59
2159,-1.1263262780137113,0.7221285620023542,0.5
2160,-1.0638647506884933,0.6710245859868393,0.54
2161,-0.8941828986150288,0.8287141918603603,0.55
2162,-0.9384475722341878,0.7416822751701453,0.59
2163,-0.5194931437559558,1.0444817692988613,0.56
2164,-0.7430636649020856,0.8413501991556843,0.61
2165,-0.7797932196257649,0.8331911880317396,0.54
2166,-0.7561608512825573,0.8288618998846823,0.56
2167,-0.9418464161313047,0.9407212856133735,0.56
2168,-0.24657576904474063,1.013719117674777,0.61
2169,-0.6491793413458804,0.867986761586315,0.59
2170,-0.5074793414769693,1.126459803948358,0.6
2171,-0.2871553656470716,0.8816072814101821,0.64
2172,-0.29207214649684976,0.8085085937178413,0.65
2173,-0.6816564577120603,0.8764606934994447,0.57
2174,-0.6050788389072356,1.0157131508526098,0.58
2175,-0.28530695612787893,0.9472593890404113,0.65
2176,-1.2452263786735853,0.8190040452113103,0.41
2177,-1.154137616180416,0.7852583368831216,0.49
2178,-0.6810087968956637,0.9167903227686673,0.56
2179,-0.5696896486532381,0.9574483865948029,0.54
2180,-0.7001800513456174,0.8142131622546768,0.55
2181,-0.5686101813182515,1.006742135952092,0.51
2182,-0.5260432743231505,0.8900574489461383,0.58
2183,-0.35826571534600743,0.8659444240311349,0.65
2184,-1.1951207518401068,0.691956258350188,0.45
2185,-1.2562128675854691,0.6887511910656506,0.47
2186,-0.6381132517721922,0.879696965538162,0.6
2187,-0.9335082066361163,0.7777938604868682,0.52
2188,-0.5911210848575972,0.9402998177645149,0.49
2189,-0.8902284285899974,0.822478216117416,0.54
2190,-1.1414461487446732,0.7660315689873428,0.52
2191,-1.559814135046648,0.6418605467094878,0.42
2192,-0.5537304040318172,0.8825258342175765,0.53
2193,-0.5325101995639705,1.0274414968036518,0.51
2194,-0.9254387933930077,0.8501801359836614,0.57
2195,-0.5788267902941542,0.8298313345280968,0.6
2196,-0.6141836666808749,0.9360384933738937,0.58
2197,-1.7651550851754243,0.5977064275431797,0.48
2198,-0.6430881927386942,0.8954477049953584,0.51
2199,-0.690294030454526,0.7882615577134311,0.62
2200,-0.5202996060184012,1.0009134730227294,0.59
2201,-0.6017155364800169,0.947467856962612,0.55
2202,-0.7256872886047385,1.0081226776247652,0.53
2203,-0.5097762373912503,0.8137690304697637,0.62
2204,-0.811458960642348,0.9135442077194716,0.56
2205,-0.9798060894914109,0.799621804395681,0.58
2206,-0.4692004777579865,1.1119797435242713,0.57
2207,-0.516910425513171,0.85589439152237,0.58
2208,-0.19130613805964253,1.0763947047894238,0.63
2209,-1.0688052122526357,0.7714582202890774,0.54
2210,-0.7086207136008129,0.8612490039469466,0.54
2211,-1.095424334927174,0.8656025367284548,0.52
2212,-0.328733639004551,0.9395827437866884,0.62
2213,-0.8985354240368779,0.8212149047665217,0.48
2214,-1.0415545320802577,0.6911208547864277,0.57
2215,-0.51758891842068,0.8546306211906572,0.6
2216,-0.32436923791167016,0.9464193628383052,0.6
2217,-0.7431503622610258,0.99662160108836,0.52
2218,-0.680022880467484,0.9480162021998488,0.54
2219,-0.815492271834554,0.9419184713208005,0.49
2220,-0.6402574613946199,0.8833002850235648,0.53
2221,-0.8131564141657313,0.8336499464864221,0.5
2222,-0.5563427319829197,0.9308336756877964,0.59
2223,-1.0267996089133937,0.7649890830995897,0.52
2224,-0.27314350603313653,0.9682637537735388,0.56
2225,-0.9786858231837772,0.8365699523564885,0.6
2226,-0.42217342478776504,0.9147787000444442,0.6
2227,-1.070929280653052,0.8705117623365851,0.52
2228,-0.7322625842022364,0.9876263588466857,0.54
2229,-0.9644204003685981,0.7857327775069259,0.54
2230,-0.9417378326390845,0.7646193671809759,0.5
2231,-0.1610520335676354,1.0023719904386876,0.63
2232,-0.7573456509366967,0.9173010889826044,0.53
2233,-0.714016651443818,0.9426556428167746,0.55
2234,-0.676370761958638,0.961791803318925,0.59
2235,-0.6339800544987747,0.9080842626244565,0.57
2236,-0.7656743170985871,0.7638546980972353,0.57
2237,-0.7889452407573831,0.9223363383092051,0.49
2238,-0.598981557405594,0.9456207262395515,0.61
2239,-0.6664069706500887,0.8502647249852612,0.59
2240,-0.5213527845448181,1.0395507761186118,0.6
2241,-0.3138855986333801,1.0614308665357337,0.56
2242,-0.7681040530417941,1.0318816468944862,0.51
2243,-0.6776089746241512,0.8817704134867682,0.57
2244,-1.0699935627570663,0.7107150614647074,0.49
2245,-0.7178347391893156,0.9057319541292348,0.57
2246,-0.8220169165558847,0.8473511836964329,0.52
2247,-0.38545156277122067,1.105449476401123,0.57
2248,-1.024451676821858,0.7699344202827284,0.48
2249,-0.690330661625135,0.852605527856012,0.53
2250,-0.8781341119267181,0.867390927163547,0.48
2251,-0.6302051364331476,0.8313125335434363,0.59
2252,-0.9463535746380103,0.7349427914741975,0.52
2253,-0.3236729339582394,1.0691640072161817,0.61
2254,-0.7300476287258927,0.7872002021264437,0.57
2255,-0.5476259100374444,0.9040958227760781,0.59
2256,-0.8271459449293999,0.8054305022057724,0.57
2257,-0.8968639089894889,0.7760882021518221,0.48
2258,-0.281635334503498,1.1067026470693686,0.64
2259,-0.6185041335149792,0.9265082139589852,0.52
2260,-0.8705514996668886,0.8831476138016918,0.56
2261,-0.6213683421377196,0.9110633255455415,0.56
2262,-1.0867782657768061,0.8550656221627827,0.49
2263,-0.4686587417325701,1.0784018213482431,0.55
2264,-0.34137886847902643,0.9660635195495986,0.65
2265,-0.7815606811600295,0.7679275660182214,0.53
2266,-0.27559616856690466,1.1406882654474881,0.58
2267,-0.6326264139094278,1.0189685430107094,0.49
2268,-0.8622286078188798,0.8207738368637868,0.53
2269,-1.1656575867869305,0.6159556511101063,0.53
2270,-0.7844015265136235,0.8815591206124764,0.55
2271,-1.1610836361912762,0.7422171005882632,0.54
2272,-0.47194113019713524,0.9548983575462932,0.49
2273,-0.7692369268537993,0.803108086381541,0.56
2274,-0.8739327098082699,0.8454857517009647,0.57
2275,-0.8186018817639064,0.7735667058941196,0.6
2276,-0.834128457645048,0.7982998001367159,0.55
2277,-0.49039185125334656,1.059981771759002,0.54
2278,-0.9741223230539268,0.658001891516783,0.56
2279,-0.8944794123154226,0.8871305555407966,0.55
2280,-1.021448717730377,0.7636855039397026,0.48
2281,-0.8958417565777148,0.8172677759656757,0.56
2282,-0.6359402107424514,0.8858786501164059,0.59
2283,-0.8143443527216262,0.8326725830783411,0.45
2284,-0.7102462268710635,0.9042733939721218,0.45
2285,-0.47686219663564167,0.970417716006097,0.55
2286,-0.5132814809123358,0.9671644166121169,0.56
2287,-0.5238872330306248,0.9896146978192003,0.5
2288,-1.0581108938672419,0.7909955956442566,0.46
2289,-0.18311106178557957,1.2146272560505764,0.57
2290,-0.4620468769470202,0.9749892827423756,0.65
2291,-0.05827932520272776,1.016291301669354,0.62
2292,-0.7011430447284722,0.8732862088170948,0.55
2293,-0.7877579652641176,0.9172607886269089,0.56
2294,-0.8342884801247914,0.8890319377190512,0.59
2295,-0.65506133939045,0.9195498991091776,0.52
2296,-0.7642412709860926,0.9727340292282622,0.56
2297,-0.5738928231619094,0.843255114879804,0.58
2298,-0.6170938430014399,0.996234182720201,0.54
2299,-0.590909194742423,1.000672258836764,0.56
2300,-0.5755763854313516,0.9738041254136275,0.56
2301,0.006468564730294308,1.157713197826567,0.68
2302,-0.7495744570422234,0.9751195396723119,0.55
2303,-1.1173113921135096,0.831642704161164,0.58
2304,-0.3683927766906497,1.0268867804625126,0.53
2305,-0.8960598325177491,0.7397741028072743,0.54
2306,-0.6771174523578981,0.8504736341867312,0.61
2307,-0.6819708773485088,1.0485366581741207,0.55
2308,-0.455747883101264,1.0226583674819394,0.65
2309,-0.5756163907787771,0.8333835876798966,0.61
2310,-0.9449422148532552,0.8006341963998073,0.56
2311,-1.0318041127934812,0.8121491206360401,0.49
2312,-0.7389987293944807,0.7750568560250685,0.61
2313,-0.5745078845671544,0.9093039344963705,0.52
2314,-0.3258277947973345,1.0231012549426481,0.59
2315,-0.3564463220540856,1.003250335396541,0.63
2316,-0.2370446545661413,1.045220064258953,0.58
2317,-0.5158959740525978,0.8486290634482458,0.67
2318,-0.9537956121129604,0.8746248507632883,0.5
2319,-0.5151694028829191,0.9504944142119982,0.59
2320,-0.4653600855966429,1.0554571206439882,0.59
2321,-0.6613461754292845,0.9744415027549463,0.53
2322,-0.6786818761541414,0.8884329079824319,0.66
2323,-0.9001663586724178,0.7183332852529193,0.57
2324,-0.5832192615445138,0.9876910120148438,0.55
2325,-0.3126216733877076,0.9806575324561723,0.63
2326,-0.30886756297215584,0.9297114566651602,0.57
2327,-0.8875130861824344,0.8730327448228441,0.49
2328,-0.14946125048486084,1.1197219534942073,0.63
2329,-0.9078676359537371,0.8336649541052554,0.58
2330,-1.0254542609797457,0.7805785951461661,0.54
2331,-0.5869378954326975,0.8197940115447011,0.59
2332,-0.8803444495287311,0.8067571786519713,0.56
2333,-0.9314969832790755,0.7495984708770124,0.47
2334,-0.04185440110597138,0.977677483892052,0.64
2335,-0.5106611272385453,0.9697618463564528,0.6
2336,-0.43565141772096916,0.9603516767834498,0.62
2337,-0.50494546253994,0.9175841789683808,0.57
2338,-0.6222299256377274,0.8695388856027942,0.53
2339,-0.9537179146047063,0.724147206517807,0.51
2340,-0.6364522423640329,0.7366981825792961,0.58
2341,-0.7507336239798436,0.9701637143160763,0.5
2342,-0.9912793492179612,0.7386286868610134,0.5
2343,-0.8774746635143145,0.8528366662932407,0.47
2344,-0.5591965062477855,1.0141639611115592,0.51
2345,-0.9725742945878713,0.8199093927897317,0.51
2346,-0.6326370659384323,0.8994084751269077,0.6
2347,-0.6670714386260245,0.9075745424354043,0.58
2348,-0.46776160278092893,0.8276451267047179,0.61
2349,-0.3725867752224885,1.1412441417756747,0.57
2350,-0.3215597659870714,0.8868989437169413,0.66
2351,-0.657499524021772,1.0279675985258747,0.56
2352,0.2580619959979312,1.3246468436265249,0.64
2353,0.05224414806708362,1.097764189840572,0.56
2354,-0.40784032542067605,0.9319948532075462,0.64
2355,-0.1798903821348226,0.8715371313306298,0.69
2356,-0.7997421360787706,0.8251477528108738,0.53
2357,-0.8570098430053996,0.6609779852312536,0.55
2358,-0.12119939334435713,1.0176623624992993,0.7
2359,-1.2127261267417233,0.7018560852892207,0.54
2360,-0.31943502901993875,1.0219613479993341,0.54
2361,-0.44094611976254067,0.8362945579672311,0.63
2362,-0.8718098120446247,0.9308887459400218,0.55
2363,-0.6321958519400411,0.8514282926257003,0.6
2364,-0.41384013009923337,0.954789929923942,0.6
2365,-0.372731710408908,1.0825259598026757,0.61
2366,-0.1367536764923284,0.8813862299591713,0.63
2367,-0.1954973225672023,1.0521168397599925,0.61
2368,-0.8703792940715098,0.8170105609898602,0.6
2369,-0.6595359650818786,0.84135040865564,0.59
2370,-1.2138548408919834,0.8086118801225851,0.49
2371,-0.5965976155187626,0.8806262006916055,0.61
2372,-0.6961334926522639,0.7346013616194911,0.56
2373,-0.46250127371820093,0.8490346631738162,0.57
2374,-0.7671239749958596,0.8113188636401286,0.51
2375,-0.6175397953707131,0.974764334511676,0.59
2376,-0.44640244719779626,0.9927506191003767,0.52
2377,-0.9653994570873493,0.9067567017777468,0.49
2378,-0.9929746759822816,0.7391539310637912,0.49
2379,-0.2655024407904004,1.167704474244275,0.53
2380,-0.6462686745489047,0.8557178010677144,0.6
2381,-0.9826164377664841,0.66872381246962,0.51
2382,-0.7195386837602287,0.8979220129493537,0.49
2383,-0.30923079283874394,0.9311730737242578,0.66
2384,-0.89440740947894,0.8129910687597359,0.5
2385,-0.22982664048014922,0.937530089042118,0.6
2386,-0.7575388311242162,0.8580499446806078,0.57
2387,-0.7081372336478222,0.9516914235846425,0.59
2388,-0.9619425187272236,0.8191710121729043,0.49
2389,-0.5309999944481238,0.992547157309589,0.53
2390,-0.37910623575840446,0.922672903848948,0.54
2391,-0.688601273369925,0.7956937436457784,0.53
2392,-0.813424040473204,0.8686229574147397,0.57
2393,-0.12479090731924242,0.938714022802293,0.61
2394,-0.5411244725626556,0.9708060022674762,0.58
2395,-1.1686808725054272,0.6618446108626799,0.51
2396,-0.3785326547728738,0.965026384241592,0.63
2397,-0.8963086976472613,0.8046935396288549,0.51
2398,-0.29841627896623335,0.9544717116864553,0.64
2399,-0.6019011719422543,0.9857362153175991,0.61
2400,-0.3984847022316484,1.0869769245450562,0.6
2401,-0.6916491943845057,1.0044881704397386,0.57
2402,-1.2604645728924804,0.7383524336643223,0.51
2403,-0.7196185881608781,0.7970588430959699,0.54
2404,-0.49231420614263327,0.8731266231654463,0.56
2405,-0.5973401564499505,0.7485855930666103,0.57
2406,-0.581080074494658,0.9967690606984709,0.58
2407,-0.6925780871749971,0.9123363574983752,0.58
2408,-0.7945431914575768,0.9059729435136241,0.58
2409,-0.7029120081666796,0.9762525918359046,0.56
2410,-0.37815589159296,1.090746908306143,0.58
2411,-0.6480883863118494,0.7754263121776195,0.56
2412,-1.151769402748841,0.7508723142480411,0.53
2413,-0.29513046967056505,0.9223534987309189,0.6
2414,-0.8399652733770001,0.7335105245600956,0.63
2415,-0.2543004316723954,0.9741990321931895,0.67
2416,-0.31751923205847143,0.9548178876366248,0.7
2417,-0.7702637585646543,0.7317281725493261,0.52
2418,-0.8131495755388443,0.8816302090550862,0.52
2419,-0.7356813664121961,0.9853795068749228,0.56
2420,-0.7439021404918484,0.8732627842669194,0.53
2421,-0.4019626923570646,1.0079570627068386,0.59
2422,-0.6459401065991409,0.9512299000254067,0.6
2423,-0.10457276930334725,1.0769411198562815,0.6
2424,-0.49525346748617793,1.016625058071768,0.58
2425,-0.5099776961370052,0.9262470165249268,0.62
2426,-0.3925618561403643,0.9651315714986692,0.57
2427,-1.4163959811074143,0.7568816334258591,0.41
2428,-1.0730686735143962,0.8852579846910021,0.51
2429,-0.7252414996512302,0.7381356122344132,0.53
2430,-0.8656165345681,0.8358951650554088,0.55
2431,-0.08155142201082385,1.1285642646761174,0.64
2432,-0.536926841437609,0.9469811023669891,0.61
2433,-0.37255446795356906,0.8584018913330302,0.63
2434,-1.2997100896547684,0.5790511851571639,0.54
2435,-0.7909852134426036,0.8089885912549463,0.51
2436,-0.28711517368086364,0.9666207160384679,0.64
2437,-0.622700128551761,0.8575333859157459,0.59
2438,-0.04549497845547446,1.0663796758172288,0.66
2439,-0.6450807947862789,0.8826368762048468,0.55
2440,-0.6109454414345075,0.7562312407195196,0.62
2441,-0.6645810479691172,0.9100278584073238,0.53
2442,-0.47408202656219073,0.8261092728375524,0.62
2443,-0.5521558747259528,0.8779577701416996,0.59
2444,-0.6122291634780959,0.9183120809760801,0.57
2445,-0.7303678362412727,0.8621034704386791,0.56
2446,-0.7105988887017819,1.0435563813935298,0.64
2447,-0.6414528736513536,0.8613066677016458,0.57
2448,-0.7570006588891318,0.9529253623945109,0.57
2449,-0.5818339338594665,0.8944345902606575,0.59
2450,-0.6698582158351694,0.8442054986081148,0.58
2451,-0.5609367832554557,0.7824991192281398,0.63
2452,-0.24650205048619825,1.019854111207862,0.61
2453,-0.4135025485818569,1.0136355247030417,0.51
2454,-0.5483963284491492,0.9477132037482605,0.56
2455,-0.4471059580729742,0.9869174550205261,0.59
2456,-0.15941024879542498,1.0333913221860989,0.64
2457,-0.5381018898820789,0.8139312647408476,0.55
2458,-0.8271847419295909,0.7905580946718771,0.61
2459,-0.6300197034869265,0.754049563727997,0.59
2460,-0.7916448145913247,0.857438804693941,0.6
2461,-0.7187860861876604,0.6791572381598654,0.58
2462,0.092185289786133,1.1025823578504832,0.56
2463,0.11054411767872666,1.088461593207958,0.67
2464,-0.4822037937665628,0.9050110015800185,0.58
2465,-0.8208951519645248,0.8416967915415341,0.59
2466,-0.8385801431607013,0.8773124370343766,0.59
2467,-0.7613590516420559,0.9947783065641628,0.55
2468,-0.6755887830987031,0.8198082659625386,0.54
2469,-0.857215550346092,0.8103180604029342,0.62
2470,-0.3048506628854289,0.9945794376376305,0.59
2471,-0.5940880317480407,1.0308944857130984,0.5
2472,-1.197414818518239,0.6102848392123917,0.52
2473,-0.9004550441396698,0.8965134982016224,0.59
2474,-0.2622302954814988,1.0493410232680804,0.64
2475,-0.6601959636270494,0.8559079363090021,0.59
2476,-0.7436332906411248,1.0090485680583416,0.55
2477,-0.6790322037486564,0.8131832063075233,0.58
2478,-0.3467641650017657,0.9499275859802065,0.61
2479,-0.3330997278591289,0.9014279701856469,0.59
2480,-0.4433402439791802,0.8804471540735911,0.63
2481,-0.9281453578838084,0.8263625762286101,0.56
2482,-0.40110278685252104,0.9598369419132703,0.6
2483,-0.19188872616555894,1.0423548600995747,0.65
2484,-0.7730920344918423,0.9175605588914786,0.55
2485,-0.7458517647282475,0.8440060355962646,0.59
2486,-0.8705010165875997,0.7556093589821964,0.52
2487,-0.3322553685071826,0.826688535593504,0.62
2488,-0.6516101954781122,0.779316538500202,0.59
2489,-0.7001212610652293,1.0219284025459507,0.45
2490,-0.45644012435722203,0.8848816469738007,0.59
2491,-0.8613867083259781,0.9032087748473492,0.55
2492,-0.6421903292861212,0.7777676053687955,0.58
2493,-0.5819462848537627,0.9352218857484322,0.48
2494,-0.23124259222100194,1.0679093209588328,0.66
2495,-0.7372197945847625,0.9494811151548547,0.53
2496,-0.14225632255397444,1.1157156173648577,0.67
2497,-0.9232292363703029,0.725055445254324,0.52
2498,-0.6216559851655878,0.7622071471656922,0.58
2499,-0.7198766981882703,0.9380284039547797,0.47
2500,-0.16684779471683384,0.9857353506332235,0.64
2501,-0.7515062804812872,0.7497005293240533,0.51
2502,-0.450493198765203,0.7930308028779041,0.7
2503,-0.49159134075272803,0.9317844644500366,0.57
2504,-0.4471657991164149,0.8856370814025698,0.61
2505,-0.53227219261917,0.8762590362381778,0.67
2506,-0.8636507448384583,0.8970846027002527,0.53
2507,-0.5227792814858836,0.9433624147611945,0.63
2508,-0.21661496524694004,0.9453603423676928,0.64
2509,-0.7351631524819742,0.790622810384697,0.54
2510,-0.5919836570695035,0.7852539868398487,0.62
2511,-0.6192870737975817,0.9700248697227479,0.6
2512,-1.219436033475627,0.6844626303026238,0.47
2513,-0.7784566406880485,0.7585611012662521,0.52
2514,-0.43981634889776283,0.8835419192104262,0.56
2515,-0.8355304607961815,0.7516153402297421,0.56
2516,-0.6592841329711517,0.922014573857223,0.59
2517,-0.3342091472482297,0.9937347238191451,0.61
2518,-0.4032465650175816,0.848391591387421,0.65
2519,-1.1063904818927999,0.8399075497751366,0.52
2520,-0.5627661384602526,0.9075770319748544,0.56
2521,-0.6056354990442795,0.9978865388267631,0.57
2522,-0.1334988443453916,1.0466579542137537,0.66
2523,-0.5530976189973557,0.9855601777345865,0.55
2524,-0.07130556976798454,0.9338658667363275,0.59
2525,-0.47511306169719236,0.9301196324537613,0.59
2526,-0.38811103738115804,0.9632945201339059,0.6
2527,-0.9925280711885287,0.6670125728973093,0.56
2528,-0.5793975738014345,0.9382931107267423,0.65
2529,-0.518635857332265,0.7248173547105072,0.6
2530,-1.0856352957059416,0.7210592017888685,0.51
2531,-0.2438833600960653,1.0079196654926472,0.64
2532,-0.3822270370081722,0.8676660551360716,0.61
2533,-0.19759354518455588,1.015163207590285,0.67
2534,-0.6523847236843584,0.924027430444713,0.63
2535,-0.906347752282602,0.8312432400905044,0.56
2536,-0.2270221854208663,0.9386474239317036,0.58
2537,-0.8738878562541992,0.8344794022858375,0.58
2538,-0.8034314488672404,0.8839787013991771,0.49
2539,-0.5863666957808594,0.8786104414846081,0.55
2540,-0.652380652759513,0.8527236374212858,0.55
2541,-0.6316626756152895,0.8656146503707359,0.62
2542,-0.4928313032617605,0.8135435632263999,0.61
2543,-0.5247683301597339,0.8343632327946736,0.65
2544,-1.0402524203605532,0.6890342649550354,0.59
2545,-0.7635019156535295,0.6364750498699954,0.58
2546,-0.2032046050810986,0.948898608335776,0.59
2547,-0.5322687620943932,0.9614659216473759,0.58
2548,-1.0195564229591643,0.6704873056272259,0.58
2549,-0.9661744172748534,0.7994336014719444,0.55
2550,-0.9618256954923491,0.8998433683257318,0.54
2551,-0.6023707671694261,0.9352057660072508,0.6
2552,-0.6573995197768566,0.9097142481974408,0.54
2553,0.21723799945379074,1.1806222291423096,0.7
2554,-0.4355923379599363,1.118250365327039,0.61
2555,-0.3271519246045173,0.8852859693715952,0.56
2556,-0.4770318027196017,0.9181133737591523,0.63
2557,-0.6950790491669069,0.9232196381110584,0.55
2558,-0.3366516470774757,0.9940132279142029,0.66
2559,-0.2210541895620005,0.9904158636862115,0.63
2560,-0.5566021964745,0.8338505200054047,0.57
2561,-0.5661136166773515,0.9370691157579265,0.65
2562,-0.6767928820254173,0.7934995984097329,0.62
2563,-1.016253935214364,0.7367463319913109,0.57
2564,-0.7683466220717803,0.7603644388433647,0.54
2565,-0.182842575897081,1.07001089002191,0.67
2566,-0.9065185733211807,0.80239082048829,0.56
2567,-0.8427744184787346,0.9012077576168136,0.57
2568,-0.3601534628444697,1.064713599022412,0.57
2569,-0.2599352606564798,0.9580615351128646,0.61
2570,-0.7039715522007779,0.7579000924466237,0.62
2571,-0.7235199251905136,0.9015367063468144,0.6
2572,-0.35979408463591267,0.8761640109879406,0.61
2573,-0.8373002976875867,0.9490343188060798,0.51
2574,-0.6449512389599,0.9286518189170646,0.62
2575,-0.6823523855061677,0.8862665208052991,0.63
2576,-0.7156533189990334,0.976587885638278,0.58
2577,-0.37716937753269564,0.9650605312664259,0.66
2578,-0.4820420625644937,0.8481504101305889,0.62
2579,-0.45409788055351286,1.0472562052563148,0.65
2580,-0.8857046101683279,0.6924701962973353,0.6
2581,-0.2624111312533755,0.9388769666368597,0.64
2582,-0.5588813583949698,0.7618284212302078,0.65
2583,-0.7026480374004112,0.9022006467884373,0.52
2584,-0.14795308362623907,1.0550598684160715,0.6
2585,-0.7106484728902274,0.8726830299368525,0.63
2586,-1.0849156849791235,0.8113080796665041,0.55
2587,-0.6249864671103311,0.9003486726476551,0.65
2588,-1.1291404006560588,0.6599209962241585,0.56
2589,-0.6492697253166143,0.9276427467741649,0.56
2590,-0.24692059684581832,0.990095908005811,0.64
2591,-0.6996306142688005,0.7817642762018892,0.61
2592,-0.45382976667783487,0.7762665736695651,0.68
2593,-0.6176195504693688,0.9569179488585536,0.58
2594,-0.5103961899862781,0.9090342278807928,0.59
2595,-0.8675721163687858,0.738501478401423,0.57
2596,-0.37555735170467136,0.9394991743218012,0.63
2597,-0.5386837772104612,0.8911054596317867,0.61
2598,-0.5991881952213006,0.9683468362500086,0.59
2599,0.09393143989435691,1.0096365394304538,0.76
2600,-0.9147847789279387,0.821029644437457,0.56
2601,-0.8133772715669795,0.8034392445466798,0.53
2602,-0.302969426557893,1.179481471282284,0.54
2603,-0.4908632488957144,0.95308642323441,0.61
2604,-0.2543761523027678,1.0723330302291258,0.59
2605,-0.672333094248157,0.8772741634495843,0.55
2606,-1.075806560763904,0.7262672086057894,0.56
2607,-0.8937167185746882,0.7448921612714693,0.6
2608,-1.1163135899004408,0.741173372144291,0.53
2609,-0.7561839913570764,0.6955131927807777,0.61
2610,-1.1755489279889602,0.8625790282876287,0.45
2611,-0.32118430061995495,1.0522850894795948,0.62
2612,-0.5012582064691093,0.9434861204179076,0.61
2613,-0.5196710403912792,0.7820080108924649,0.58
2614,-0.39067192771683745,0.9697039162593541,0.63
2615,-0.8193448416606742,0.9204658224487645,0.6
2616,-0.4276919347038406,0.8568904677658068,0.64
2617,-0.39694858402816136,0.8669808971305831,0.64
2618,-0.6077817297295229,0.7899710939411386,0.61
2619,-0.4467826588274065,0.9517794621783814,0.53
2620,-0.31260339591174985,0.9155404455755155,0.67
2621,-0.8833605263861667,0.9215687371163992,0.6
2622,-0.3584571624585546,1.017274518522875,0.61
2623,-0.898411792569636,0.7737789875788014,0.59
2624,-0.2119570861193866,1.1113988157823333,0.64
2625,-0.6373194003916801,0.843605055488513,0.63
2626,-0.7358504865214022,0.7113935362198954,0.56
2627,-0.44958255338181385,0.7874063775551967,0.61
2628,-0.43504538934959724,0.9374973559799998,0.66
2629,-0.5207442582763702,0.9251834296391861,0.53
2630,-0.3870426228982049,0.998851809545732,0.63
2631,-0.6132904286025608,0.886447993951739,0.64
2632,-0.4326396436801925,0.9010134017894788,0.62
2633,-0.7898291365414032,0.7958172185069045,0.49
2634,-0.177210309148166,0.9743978202897218,0.63
2635,-0.8442824446735405,0.7784857592286669,0.55
2636,-0.042556615211829206,1.147012728374703,0.65
2637,-0.8573087368692639,0.843449140599458,0.52
2638,-0.630122971581194,0.8866962140884813,0.54
2639,-0.6841985341981275,0.8299448743529372,0.55
2640,-0.33760119621050216,1.0067451092343274,0.73
2641,-0.904347124178807,0.7887713029686041,0.59
2642,-0.5148652942957042,0.9860925153758204,0.58
2643,-0.5395801010487524,0.8899356067414934,0.63
2644,-0.5841250204418993,0.8894686569253141,0.63
2645,-0.3588219709443065,0.8800108585778363,0.63
2646,-0.6258855034833285,0.7077209413957363,0.58
2647,-0.8610672251739413,0.9325542536383703,0.61
2648,-0.7512053245183781,0.9465788324418917,0.62
2649,-0.7873137789308505,0.7036750885489291,0.63
2650,-0.6533538830035789,0.9113236532693604,0.64
2651,-0.7151046859353377,0.8465349776680475,0.58
2652,-0.9453904868416756,0.7685767054842004,0.58
2653,-1.2314765877704306,0.6944834935603642,0.61
2654,-0.6290477182892877,0.7906521603792243,0.6
2655,-0.21481994249055003,0.9543752702234494,0.61
2656,-0.46457505942564914,0.9352488675223602,0.59
2657,-0.5960809315294137,0.862288090183486,0.54
2658,-0.5832912342146327,0.9711752267611061,0.6
2659,-0.6145231174093537,0.7823947008453612,0.65
2660,-0.9280503626055172,0.8703555958293915,0.56
2661,-0.9445301075247032,0.7453113017171463,0.57
2662,-0.24950019941006474,1.1215146430288208,0.64
2663,-0.9618267946343919,0.7980115045931533,0.6
2664,-0.3240526745324164,1.1001385648051316,0.64
2665,-0.7006757665551383,0.804279292116851,0.57
2666,-0.4997359785792929,1.0680851381124585,0.6
2667,-0.5304200913257393,0.9582388327585192,0.66
2668,-0.6085316878563323,0.9856232088018761,0.62
2669,-0.5198609434613126,0.8319835038077941,0.57
2670,-0.6610291519431911,0.7579016050947887,0.58
2671,-0.49803829250997245,0.7841466240628001,0.66
2672,-1.1406378019765921,0.6745234763655503,0.54
2673,-0.019850961555817177,0.8777448273472802,0.66
2674,-0.6250220005847397,0.9460506078216631,0.5
2675,-0.5756805699467853,0.7330054290393798,0.62
2676,-0.7414749748313197,0.7556873108479389,0.57
2677,-0.3207703408391512,0.8583235218648255,0.63
2678,-0.8743565815804106,0.8255271777418514,0.55
2679,-0.7249282107479058,0.7268365353064544,0.65
2680,-0.6365692849611219,0.8688408648518782,0.61
2681,-0.6836377622769664,0.9181745063015475,0.59
2682,-0.18605340028678014,1.0090334233228972,0.63
2683,-0.49360051359996054,0.9886560180823437,0.59
2684,-0.9417175726324934,0.7824290440173958,0.58
2685,-0.6176071523687938,0.7638562253115979,0.56
2686,-0.3710385956327549,1.0284329643230479,0.55
2687,-0.6696336491891934,0.8888530425662095,0.53
2688,-0.6223793374862342,0.8640468969684321,0.6
2689,-0.46399949376692995,0.9123591345061438,0.68
2690,-0.6820265252153205,0.8951005515421306,0.63
2691,-1.0723175189853595,0.6525524963550003,0.62
2692,-0.5576922267099612,0.9707557507139535,0.61
2693,-0.6730798095926457,0.8721687090429806,0.53
2694,-0.022211987780080093,0.9346061840609032,0.68
2695,-0.7276071814828837,0.8891418326500318,0.59
2696,-0.6835130985722201,0.9207389894144831,0.58
2697,-0.6818468623236446,0.8881775363459257,0.58
2698,-0.2535729400469116,0.9426363836331981,0.68
2699,-0.28791173620121807,1.107974132454746,0.62
2700,-0.14995545937015367,1.0602779393559896,0.68
2701,-1.1351642768470693,0.7698746603554497,0.51
2702,-0.6026604727094653,0.8311678601934449,0.63
2703,-0.6222577814937551,0.754233578660526,0.66
2704,-0.7954929810793839,0.668115883566794,0.58
2705,-0.46022286229500986,0.892604750183628,0.65
2706,-1.019077122852334,0.7471484566146849,0.47
2707,-0.3022920363824218,0.971746792655758,0.69
2708,-0.4292596360278125,0.7583555771876052,0.56
2709,-0.9697537380220403,0.7605809992628886,0.55
2710,-0.9292698830454192,0.7631822496149296,0.57
2711,-0.2496733921512799,0.8071589476852029,0.6
2712,-0.17362476332888416,0.9726098707387442,0.65
2713,-0.670422320523764,0.6792368255961059,0.63
2714,-0.3985968663331404,0.9132351643791682,0.59
2715,-0.45838547208887254,0.8964611381504308,0.63
2716,-0.4144230552479775,1.06901136380876,0.65
2717,-0.5297206767644816,0.7570343192742974,0.59
2718,-0.44496323571276575,0.9753044865420395,0.63
2719,-0.220793646141893,1.0027234492180566,0.6
2720,-0.8558368828690602,0.9155180433957045,0.59
2721,-0.8278385065226719,0.8992923024040238,0.55
2722,-0.4960297155459868,0.9065995922219604,0.59
2723,-1.0629346166568145,0.7874604122854721,0.53
2724,-0.5043841424936398,0.8722140560630899,0.63
2725,-0.4746463110941488,0.9569245480925131,0.65
2726,-1.0836580490081373,0.7122792740020789,0.53
2727,-0.755772285336242,0.8405079299115914,0.56
2728,-0.3556814802954989,1.1192557004861916,0.62
2729,-0.6541315466547808,0.99263689974209,0.59
2730,-0.5704919572825146,0.9498647113811011,0.6
2731,-0.3952941610318084,0.9827601772180075,0.7
2732,-0.3769749127340495,0.9804993265117755,0.66
2733,-0.7195718016089496,0.7395709082731705,0.58
2734,-0.28172984539397716,0.9258589672726919,0.61
2735,-0.6537400912877199,0.8115366179867659,0.58
2736,-0.5804975947309131,0.8921110702281099,0.64
2737,-1.260658182688725,0.6346449190715301,0.58
2738,-0.8681626733442449,0.8215699985677716,0.53
2739,-0.3759075112367684,0.8164424795541262,0.66
2740,-0.9562446585963152,0.8638580568213138,0.53
2741,-0.6199937112052031,0.974063915204717,0.62
2742,-0.5425316378456317,0.897479453608013,0.64
2743,-0.4396715847065595,0.7975842265622721,0.67
2744,-0.3305354100885473,0.8288770618070386,0.62
2745,-0.863303087020592,0.8283120820921763,0.57
2746,-0.20718563873870657,0.9318369550999586,0.67
2747,-0.13047672219469397,1.0367853378994223,0.65
2748,-0.2821308433535552,0.8456657247317949,0.6
2749,-0.6076352823135703,0.9437647993082,0.6
2750,-0.6443222345145027,0.718808250459699,0.63
2751,-0.5945411646010682,0.8562544218617367,0.59
2752,-0.8529338292878315,0.7162649122283551,0.54
2753,-0.7549744632357747,0.9002821984842931,0.55
2754,-0.4962542844582337,0.7981711438691036,0.67
2755,-0.6605849654857567,0.7846160182624938,0.72
2756,-0.7196996058501367,0.7622492065395252,0.56
2757,-0.30897200850940715,0.8915154729480348,0.65
2758,-0.7080703166909277,0.8843592572566046,0.61
2759,-0.4815775738780432,0.9330902931461516,0.61
2760,-0.2857416851647415,0.8605085094634229,0.67
2761,-0.9305737090855072,0.8111942763694215,0.52
2762,-0.3582911574082452,0.9449623316979724,0.6
2763,-0.42837218148280676,0.8798349831754376,0.64
2764,-0.34465579325257745,0.8573703022295476,0.6
2765,-0.4909931818440967,0.8866423798227843,0.62
2766,-0.5067448441039395,0.8360670121757302,0.63
2767,-0.2820090920397599,0.856825468352726,0.61
2768,-0.4696519621115513,0.7827091948573254,0.67
2769,-0.1528573685764074,0.9474198636240077,0.66
2770,-0.43586261839430696,0.9097552861457878,0.64
2771,-0.5084832137602882,0.8854898654690718,0.6
2772,-0.8897656581250613,0.8624767359833869,0.59
2773,-0.4284991211179321,0.9755913978084958,0.61
2774,-0.788428556175029,0.7298320883699115,0.54
2775,-0.21528650520675122,1.0513269459227432,0.58
2776,-0.6406385966834075,0.9961403534873124,0.6
2777,-0.2242350470104728,0.9761754199149845,0.6
2778,-0.31513742942834466,0.9513977099568541,0.65
2779,-0.5861240384618482,0.8371716082576469,0.54
2780,-0.5124005259289397,0.9888775112936198,0.56
2781,-0.4335704480016547,0.873550856501951,0.66
2782,-0.3089469943526521,0.9487448908873681,0.63
2783,-0.6676006658545164,0.9051033536220098,0.58
2784,-0.39481862806404133,0.9744212420476289,0.57
2785,-0.6448458325107133,0.891056736192039,0.64
2786,-0.8251469934002607,0.8455991615641169,0.49
2787,0.10641835262923838,1.0369320656522005,0.71
2788,-0.4142264655462187,0.9758919857564982,0.59
2789,-1.1311622432195947,0.6905277706977293,0.57
2790,-0.5260460102225974,0.7505887082521652,0.69
2791,-1.0030705210403077,0.7474572882846292,0.61
2792,-0.6655391634844915,0.8776048470037828,0.53
2793,-0.5881051619424744,0.8671900071072547,0.65
2794,-0.19055660706856806,0.967362827427001,0.65
2795,-0.35492879272855427,0.8908709562052146,0.62
2796,-0.710216921859023,0.7848424047875227,0.58
2797,-0.6687924401442816,0.8606273971517563,0.63
2798,-0.47041470004277597,0.8674546541001424,0.64
2799,-0.7320374553016512,0.8301720550517889,0.58
2800,0.1478288926967242,0.9627983723994901,0.72
2801,0.132779720984429,1.1293617236788411,0.7
2802,-0.49295750919398995,0.8114990142884984,0.69
2803,-0.17846698774690206,0.9852285490983644,0.68
2804,-0.477810213712033,0.8601900876572991,0.63
2805,-0.2666735531742596,0.9562963566849857,0.63
2806,-0.699338734214771,0.7695030562006722,0.55
2807,-0.5437561017131791,0.7208427526691872,0.61
2808,-0.22742266565751668,1.072901210537622,0.67
2809,-0.4304138359143431,0.9381354115705597,0.62
2810,-0.672772545601416,0.7412639940710466,0.59
2811,-0.7638135296926152,0.7771972629554028,0.63
2812,-0.8539057018174446,0.7423695292546225,0.6
2813,-0.35642962376690795,0.9902050462518837,0.63
2814,-0.804870204721666,0.7810548352155845,0.56
2815,-0.38945588664327246,0.9545134097552592,0.63
2816,-0.7578894426686973,0.8759793466400677,0.6
2817,-0.3164876704975548,0.9251503845141152,0.63
2818,-0.566260329944458,0.8931120155029147,0.69
2819,-0.6241568113194994,0.9310464755354104,0.57
2820,-1.1790078355956823,0.5801255823527758,0.6
2821,-1.0481431437942323,0.7437441432444536,0.57
2822,-0.5291359118938441,0.9026164273788191,0.55
2823,-0.19064818969856767,1.0128373523147978,0.64
2824,-0.4973448232069016,0.838655619172276,0.64
2825,-0.6607539731156622,0.7419002805089973,0.56
2826,-0.6145230592521744,0.8784592969691143,0.63
2827,-0.3434027305529611,0.7932337108923191,0.63
2828,-0.653229788222616,0.8598389306385553,0.59
2829,-0.6457569625939749,0.8024875491390813,0.58
2830,-0.6154988872421685,0.7908293994410832,0.58
2831,-0.2246249178121434,0.9981365225200285,0.59
2832,-0.8041829607855653,0.757523492749728,0.56
2833,-0.513417325216363,0.7599958875864854,0.58
2834,-0.32579261247525015,0.8326576898718698,0.65
2835,-0.40291514888235985,1.0476735651583151,0.62
2836,-0.28541336195402606,1.0143994740411495,0.71
2837,-0.3750679223679161,0.7276330400121453,0.63
2838,-0.8364393727856294,0.8229916666757362,0.63
2839,-0.41842366697712613,0.9693901368994762,0.64
2840,-0.7124137813858611,0.8703196035159667,0.63
2841,-0.5465373526217521,0.8774269985375166,0.63
2842,-0.726894587418458,0.8615105458365122,0.54
2843,-0.5680870892626704,1.05731937948243,0.59
2844,-1.1569483900304165,0.8193005525067221,0.43
2845,-0.3733378171701444,0.9719322808961263,0.64
2846,-0.7719767877243604,0.772752103669217,0.65
2847,-0.40656704869505594,0.9096427457889875,0.69
2848,-0.4846400300253822,0.9535030693246652,0.57
2849,-0.7139921200932215,0.7620583093325345,0.58
2850,-0.7062779858436428,0.8550166684945892,0.57
2851,-0.6480927536012172,0.9114524666308945,0.58
2852,-0.3014108957207208,0.9028923136853342,0.72
2853,-0.8567244101058751,0.7824916514461431,0.53
2854,-0.0834060154594875,0.9825874529498325,0.73
2855,-0.22232779357373741,0.863844707729908,0.69
2856,-0.35783228533641803,0.846062102010679,0.72
2857,-0.5430670564726406,0.8470204710215942,0.62
2858,-0.6868745389001297,0.8736972021786087,0.56
2859,0.11332150435035279,1.0627628403720113,0.74
2860,-0.7148626826068255,1.037078848977665,0.54
2861,-0.5026447881237779,0.9708107512990353,0.64
2862,-1.1302783828955472,0.804759312166653,0.56
2863,-0.4898066316423031,0.8063223355538731,0.64
2864,-0.5757330688305681,0.8667177964984368,0.58
2865,-0.703466582250732,0.9069414340274204,0.59
2866,-0.4103350844684062,0.9344542503842304,0.61
2867,-0.6576937053787845,0.7264683859206346,0.61
2868,-0.29449845691628934,0.8742891132806556,0.69
2869,-0.5183517805819763,0.8289976748858069,0.61
2870,-0.21506617982212306,0.823603009128196,0.72
2871,-0.5258979975357669,0.8834830606435085,0.63
2872,-0.6195025438778738,0.8435857816034033,0.6
2873,-0.4290197493507864,0.8642733908563318,0.64
2874,-0.9526632619387169,0.9539127027075034,0.52
2875,-0.9521084367967196,0.7966973414039252,0.49
2876,-0.7897397350938344,0.8747579632978276,0.55
2877,-0.35380698202553856,0.9232691512378999,0.68
2878,-0.5289790088360966,0.8886037067340312,0.63
2879,-0.31699440716639765,0.9099787808511169,0.69
2880,-0.5236453098166871,0.7761821231684788,0.59
2881,-0.265959274473139,1.073935830226749,0.64
2882,-0.2775560714719278,1.204453283280327,0.67
2883,-0.6811274321537937,0.6247294392126181,0.65
2884,-0.5427811319491377,0.9461903588302824,0.66
2885,-0.29923776761130644,0.8283726597490645,0.66
2886,-0.7391905688441426,0.7995382500092749,0.59
2887,-0.44715327195016014,0.8570169804801919,0.67
2888,-0.5486411503974501,0.8134769271798824,0.56
2889,-0.2748332410870688,0.6734917710463203,0.67
2890,-0.7991512858660286,0.8153588787167206,0.57
2891,-0.3344306642927821,0.8639730036372109,0.63
2892,-0.41284808214941215,0.8546962908477431,0.65
2893,-0.43377691755221987,0.8332052650297079,0.69
2894,-0.2575419175054244,0.8924503384682312,0.68
2895,-0.24418531300697083,0.9974887052455585,0.59
2896,-0.5621292222603996,0.833492061197824,0.57
2897,-1.012405275107512,0.6705467954537503,0.55
2898,-0.6833608487964811,0.8978314930047506,0.61
2899,-0.3191218500669633,0.9299548101153015,0.65
2900,-0.6340127226051028,0.7570885158743899,0.59
2901,-0.30027581406869364,0.9598409834158862,0.66
2902,-0.36242568313775403,0.9817263640947644,0.63
2903,-0.43226909413946824,1.033529123096185,0.64
2904,-0.20361703131405068,0.9671196339133142,0.6
2905,-0.6061055977738694,0.7915643246281162,0.64
2906,-0.2886452522766238,0.8867306305956029,0.76
2907,-0.6286796500920118,0.8301353285675488,0.53
2908,-0.6455649699837833,0.8853407680594677,0.61
2909,-0.4446722621884466,0.9434968665095553,0.61
2910,-0.19114445136552388,1.0222904832960258,0.62
2911,-0.6665277641246385,0.8493894569775918,0.64
2912,-0.8496107844873526,0.7533840567747943,0.63
2913,-0.3146415621312232,1.0152376576638327,0.65
2914,-0.1254176589115199,0.9676619547425753,0.59
2915,-0.6745706022789225,0.8257039579768997,0.65
2916,-0.3941043552834649,0.9166113442782224,0.65
2917,-0.10473825818281612,1.000827342690825,0.69
2918,-0.44746871165918156,0.953589014478236,0.65
2919,-0.7168523026792802,0.813861281505364,0.66
2920,-0.08774557189896598,1.0897516908690943,0.72
2921,-0.3227029300141752,0.9421401365601398,0.65
2922,-0.48952844305772736,0.7777414378280854,0.66
2923,-0.485245265426008,0.9447938884771563,0.66
2924,-0.9382299424283955,0.7876540057724338,0.55
2925,-0.36010813996802715,0.8634688474418781,0.65
2926,-0.7910517000849266,0.8109518373215369,0.56
2927,-0.4779186908889439,0.9578408000736472,0.56
2928,-0.6248609713833401,0.8559693691238087,0.64
2929,-0.3562941230727017,0.970028276396977,0.6
2930,-0.5359912986470988,0.956303287277716,0.57
2931,-0.2016478571922444,1.0091449772997354,0.63
2932,-0.44963848724193456,0.920977421997279,0.65
2933,-0.812983569096948,0.9158278726053917,0.55
2934,-0.7387203793953908,0.7960197433643299,0.54
2935,-0.24628634871928107,1.1357342221462383,0.7
2936,-0.08763038014460905,0.9671096932518332,0.69
2937,-0.18614305290029315,1.0088780011069902,0.67
2938,-0.5066539250325487,0.963254268018359,0.62
2939,-0.39751796859869204,0.8932628537634932,0.63
2940,-0.5780501327118693,0.8889162266534615,0.55
2941,-0.22953974362163077,0.8661424841104699,0.62
2942,-0.18983210726637495,0.8936506205175734,0.66
2943,-0.3288266328714379,1.1231236853765871,0.64
2944,-0.15645909127095373,0.9905828130057617,0.65
2945,-1.0047730274320474,0.5911366245782586,0.55
2946,-0.6736640848032338,0.7630953375106571,0.68
2947,-0.283576163758104,1.0425459989627641,0.63
2948,-0.7130591248590612,0.9435717891409655,0.57
2949,-0.16716285085154872,0.9925110542935879,0.62
2950,-0.7139738016040863,1.007623972471371,0.58
2951,-0.9986789112891361,0.6812449556685984,0.54
2952,-0.2880205114531328,0.9750814060055116,0.63
2953,-0.3840528273745128,0.8193444257407626,0.59
2954,-0.5053877776804376,0.9228221848889068,0.65
2955,-0.08926207984744425,0.9880927280341438,0.69
2956,-0.11498563271956443,0.9782996091370666,0.66
2957,-0.42693598046041487,0.8130907040565206,0.66
2958,0.013084087575156262,1.0803706614569644,0.68
2959,-0.18849039790217245,0.9387166855298215,0.72
2960,-0.1090212555801094,1.0407740235580278,0.66
2961,-0.14416801479171898,0.9039851613858277,0.62
2962,-0.8957880607236407,0.7903386337684668,0.56
2963,-0.7631866672230093,0.8068849373643645,0.5
2964,-0.3954656077767171,1.004008877291742,0.58
2965,-0.44744696849688076,0.8663241314662593,0.56
2966,-0.1447037063843503,1.1955762100419145,0.58
2967,-0.7629079250373443,0.8074797358495429,0.61
2968,-0.180286686052908,1.0070166902232243,0.64
2969,-0.10935330266112367,1.0840394203646893,0.69
2970,-0.7076541741711695,1.0384806885009663,0.55
2971,-0.47289891536865725,1.0774815713769101,0.57
2972,-0.4737932559117358,0.82896179966323,0.6
2973,-0.07519844636920259,1.0362207560466434,0.73
2974,-0.9317391587713304,0.7109317288974306,0.6
2975,-0.06744045520744071,0.8818070370913076,0.68
2976,0.006509836617289346,1.0395431863432523,0.67
2977,-0.40568859388653583,0.8373064371565018,0.65
2978,-0.69452374754216,0.6974149429634765,0.66
2979,-0.01638058910992392,1.1720869333997486,0.65
2980,-0.41082598773801954,0.9572805273602198,0.59
2981,-1.0175698711928773,0.6678774692927648,0.53
2982,-0.6430949836461443,0.8034716660631716,0.62
2983,-0.6417284902963789,0.8444533695010574,0.59
2984,-0.5342600044668103,0.8210190863233744,0.6
2985,-0.7605555328128365,0.6774043436267047,0.61
2986,-0.6469410171989568,0.7797366963539212,0.57
2987,-0.9081807176523569,0.617994283566287,0.58
2988,-0.33217591643107147,0.876421034069654,0.7
2989,-0.646489308122364,0.7717394583464341,0.6
2990,-0.7068303778031974,0.8421382266469152,0.62
2991,-0.7790204113077176,0.6955834069710132,0.68
2992,-0.8026340465101334,0.8863494355012219,0.57
2993,-0.6891013668744401,0.8396297879818501,0.6
2994,-0.03133209062419694,1.0761538565970028,0.67
2995,-0.8572608123409321,0.7308230825102519,0.59
2996,-0.3952350849214228,0.9577338174716126,0.6
2997,-0.26997494506999375,0.9312073529113754,0.7
2998,-0.9078172404938839,0.767723953340259,0.63
2999,-0.6435503832120404,0.8401680264577552,0.64
3000,-0.6220934734327506,0.8147089895675284,0.64
